{
"type": "FeatureCollection",
"name": "target_catchments",
"crs": { "type": "name", "properties": { "name": "urn:ogc:def:crs:OGC:1.3:CRS84" } },
"features": [
{ "type": "Feature", "properties": { "LABEL": 1.0, "GaugeID": "585", "_source_id": "585", "Id": null, "gridcode": null, "area": null, "OBJECTID": null, "Shape_Leng": null, "Shape_Area": null, "SS": null, "is_duplicate_geometry": false }, "geometry": { "type": "Polygon", "coordinates": [ [ [ 73.325, 20.125 ], [ 73.35, 20.125 ], [ 73.35, 20.116666666666667 ], [ 73.383333333333326, 20.116666666666667 ], [ 73.383333333333326, 20.1 ], [ 73.416666666666671, 20.1 ], [ 73.416666666666671, 20.091666666666665 ], [ 73.425, 20.091666666666665 ], [ 73.425, 20.075 ], [ 73.441666666666663, 20.075 ], [ 73.441666666666663, 20.066666666666666 ], [ 73.49166666666666, 20.066666666666666 ], [ 73.49166666666666, 20.058333333333334 ], [ 73.5, 20.058333333333334 ], [ 73.5, 20.0 ], [ 73.49166666666666, 20.0 ], [ 73.49166666666666, 19.991666666666667 ], [ 73.483333333333334, 19.991666666666667 ], [ 73.483333333333334, 19.916666666666668 ], [ 73.475, 19.916666666666668 ], [ 73.433333333333337, 19.916666666666668 ], [ 73.433333333333337, 19.908333333333335 ], [ 73.425, 19.908333333333335 ], [ 73.408333333333331, 19.908333333333335 ], [ 73.408333333333331, 19.9 ], [ 73.4, 19.9 ], [ 73.383333333333326, 19.9 ], [ 73.383333333333326, 19.891666666666666 ], [ 73.375, 19.891666666666666 ], [ 73.36666666666666, 19.891666666666666 ], [ 73.36666666666666, 19.883333333333333 ], [ 73.358333333333334, 19.883333333333333 ], [ 73.358333333333334, 19.875 ], [ 73.333333333333329, 19.875 ], [ 73.333333333333329, 19.883333333333333 ], [ 73.325, 19.883333333333333 ], [ 73.325, 19.891666666666666 ], [ 73.316666666666663, 19.891666666666666 ], [ 73.316666666666663, 19.9 ], [ 73.291666666666671, 19.9 ], [ 73.291666666666671, 19.916666666666668 ], [ 73.275, 19.916666666666668 ], [ 73.275, 19.925 ], [ 73.233333333333334, 19.925 ], [ 73.233333333333334, 19.933333333333334 ], [ 73.225, 19.933333333333334 ], [ 73.225, 19.95 ], [ 73.216666666666669, 19.95 ], [ 73.216666666666669, 19.958333333333332 ], [ 73.2, 19.958333333333332 ], [ 73.2, 19.966666666666665 ], [ 73.191666666666663, 19.966666666666665 ], [ 73.191666666666663, 19.975 ], [ 73.183333333333337, 19.975 ], [ 73.183333333333337, 19.991666666666667 ], [ 73.175, 19.991666666666667 ], [ 73.175, 20.0 ], [ 73.158333333333331, 20.0 ], [ 73.158333333333331, 20.033333333333335 ], [ 73.166666666666671, 20.033333333333335 ], [ 73.166666666666671, 20.05 ], [ 73.175, 20.05 ], [ 73.175, 20.058333333333334 ], [ 73.183333333333337, 20.058333333333334 ], [ 73.183333333333337, 20.066666666666666 ], [ 73.191666666666663, 20.066666666666666 ], [ 73.191666666666663, 20.075 ], [ 73.208333333333329, 20.075 ], [ 73.208333333333329, 20.066666666666666 ], [ 73.225, 20.066666666666666 ], [ 73.225, 20.075 ], [ 73.233333333333334, 20.075 ], [ 73.233333333333334, 20.083333333333332 ], [ 73.24166666666666, 20.083333333333332 ], [ 73.24166666666666, 20.091666666666665 ], [ 73.291666666666671, 20.091666666666665 ], [ 73.291666666666671, 20.083333333333332 ], [ 73.3, 20.083333333333332 ], [ 73.3, 20.1 ], [ 73.308333333333337, 20.1 ], [ 73.316666666666663, 20.1 ], [ 73.316666666666663, 20.108333333333334 ], [ 73.325, 20.108333333333334 ], [ 73.325, 20.125 ] ] ] } },
{ "type": "Feature", "properties": { "LABEL": 1.0, "GaugeID": "589", "_source_id": "589", "Id": null, "gridcode": null, "area": null, "OBJECTID": null, "Shape_Leng": null, "Shape_Area": null, "SS": null, "is_duplicate_geometry": false }, "geometry": { "type": "Polygon", "coordinates": [ [ [ 73.691666666666663, 18.05 ], [ 73.725, 18.05 ], [ 73.725, 18.041666666666664 ], [ 73.733333333333334, 18.041666666666664 ], [ 73.733333333333334, 18.033333333333331 ], [ 73.74166666666666, 18.033333333333331 ], [ 73.74166666666666, 18.025 ], [ 73.783333333333331, 18.025 ], [ 73.783333333333331, 18.016666666666662 ], [ 73.8, 18.016666666666662 ], [ 73.8, 18.025 ], [ 73.808333333333323, 18.025 ], [ 73.808333333333323, 18.033333333333331 ], [ 73.825, 18.033333333333331 ], [ 73.825, 18.025 ], [ 73.841666666666669, 18.025 ], [ 73.841666666666669, 18.033333333333331 ], [ 73.85, 18.033333333333331 ], [ 73.85, 18.025 ], [ 73.858333333333334, 18.025 ], [ 73.858333333333334, 18.033333333333331 ], [ 73.86666666666666, 18.033333333333331 ], [ 73.86666666666666, 18.041666666666664 ], [ 73.875, 18.041666666666664 ], [ 73.875, 18.033333333333331 ], [ 73.883333333333326, 18.033333333333331 ], [ 73.883333333333326, 18.025 ], [ 73.891666666666666, 18.025 ], [ 73.891666666666666, 18.033333333333331 ], [ 73.9, 18.033333333333331 ], [ 73.9, 18.025 ], [ 73.975, 18.025 ], [ 73.975, 18.016666666666662 ], [ 73.983333333333334, 18.016666666666662 ], [ 73.983333333333334, 18.008333333333329 ], [ 74.025, 18.008333333333329 ], [ 74.025, 18.0 ], [ 74.05, 18.0 ], [ 74.05, 17.991666666666664 ], [ 74.075, 17.991666666666664 ], [ 74.075, 17.983333333333331 ], [ 74.083333333333329, 17.983333333333331 ], [ 74.083333333333329, 17.958333333333332 ], [ 74.1, 17.958333333333332 ], [ 74.1, 17.925 ], [ 74.108333333333334, 17.925 ], [ 74.108333333333334, 17.916666666666664 ], [ 74.133333333333326, 17.916666666666664 ], [ 74.133333333333326, 17.9 ], [ 74.141666666666666, 17.9 ], [ 74.141666666666666, 17.883333333333329 ], [ 74.166666666666657, 17.883333333333329 ], [ 74.166666666666657, 17.891666666666662 ], [ 74.191666666666663, 17.891666666666662 ], [ 74.191666666666663, 17.875 ], [ 74.216666666666669, 17.875 ], [ 74.216666666666669, 17.883333333333329 ], [ 74.25, 17.883333333333329 ], [ 74.25, 17.875 ], [ 74.275, 17.875 ], [ 74.275, 17.85 ], [ 74.3, 17.85 ], [ 74.3, 17.841666666666665 ], [ 74.316666666666663, 17.841666666666665 ], [ 74.316666666666663, 17.833333333333332 ], [ 74.333333333333329, 17.833333333333332 ], [ 74.333333333333329, 17.825 ], [ 74.341666666666669, 17.825 ], [ 74.341666666666669, 17.816666666666663 ], [ 74.35, 17.816666666666663 ], [ 74.35, 17.80833333333333 ], [ 74.375, 17.80833333333333 ], [ 74.375, 17.8 ], [ 74.383333333333326, 17.8 ], [ 74.383333333333326, 17.775 ], [ 74.391666666666666, 17.775 ], [ 74.391666666666666, 17.75 ], [ 74.408333333333331, 17.75 ], [ 74.408333333333331, 17.741666666666664 ], [ 74.425, 17.741666666666664 ], [ 74.425, 17.733333333333331 ], [ 74.433333333333323, 17.733333333333331 ], [ 74.433333333333323, 17.725 ], [ 74.45, 17.725 ], [ 74.45, 17.708333333333332 ], [ 74.458333333333329, 17.708333333333332 ], [ 74.458333333333329, 17.675 ], [ 74.466666666666669, 17.675 ], [ 74.466666666666669, 17.666666666666664 ], [ 74.475, 17.666666666666664 ], [ 74.475, 17.658333333333331 ], [ 74.5, 17.658333333333331 ], [ 74.5, 17.65 ], [ 74.525, 17.65 ], [ 74.525, 17.625 ], [ 74.533333333333331, 17.625 ], [ 74.533333333333331, 17.616666666666664 ], [ 74.541666666666657, 17.616666666666664 ], [ 74.541666666666657, 17.608333333333331 ], [ 74.566666666666663, 17.608333333333331 ], [ 74.566666666666663, 17.6 ], [ 74.575, 17.6 ], [ 74.575, 17.575 ], [ 74.6, 17.575 ], [ 74.6, 17.55833333333333 ], [ 74.608333333333334, 17.55833333333333 ], [ 74.608333333333334, 17.541666666666664 ], [ 74.61666666666666, 17.541666666666664 ], [ 74.61666666666666, 17.525 ], [ 74.625, 17.525 ], [ 74.625, 17.516666666666662 ], [ 74.633333333333326, 17.516666666666662 ], [ 74.633333333333326, 17.508333333333329 ], [ 74.666666666666657, 17.508333333333329 ], [ 74.666666666666657, 17.5 ], [ 74.675, 17.5 ], [ 74.675, 17.491666666666664 ], [ 74.666666666666657, 17.491666666666664 ], [ 74.666666666666657, 17.475 ], [ 74.675, 17.475 ], [ 74.675, 17.441666666666663 ], [ 74.683333333333323, 17.441666666666663 ], [ 74.683333333333323, 17.43333333333333 ], [ 74.675, 17.43333333333333 ], [ 74.675, 17.416666666666664 ], [ 74.683333333333323, 17.416666666666664 ], [ 74.683333333333323, 17.391666666666662 ], [ 74.675, 17.391666666666662 ], [ 74.675, 17.383333333333329 ], [ 74.683333333333323, 17.383333333333329 ], [ 74.683333333333323, 17.366666666666664 ], [ 74.691666666666663, 17.366666666666664 ], [ 74.691666666666663, 17.35 ], [ 74.7, 17.35 ], [ 74.7, 17.333333333333332 ], [ 74.708333333333329, 17.333333333333332 ], [ 74.708333333333329, 17.30833333333333 ], [ 74.7, 17.30833333333333 ], [ 74.691666666666663, 17.30833333333333 ], [ 74.691666666666663, 17.275 ], [ 74.683333333333323, 17.275 ], [ 74.683333333333323, 17.258333333333329 ], [ 74.7, 17.258333333333329 ], [ 74.7, 17.241666666666664 ], [ 74.708333333333329, 17.241666666666664 ], [ 74.708333333333329, 17.225 ], [ 74.716666666666669, 17.225 ], [ 74.716666666666669, 17.216666666666665 ], [ 74.725, 17.216666666666665 ], [ 74.725, 17.18333333333333 ], [ 74.733333333333334, 17.18333333333333 ], [ 74.733333333333334, 17.158333333333331 ], [ 74.74166666666666, 17.158333333333331 ], [ 74.74166666666666, 17.15 ], [ 74.75, 17.15 ], [ 74.75, 17.083333333333332 ], [ 74.74166666666666, 17.083333333333332 ], [ 74.74166666666666, 17.05833333333333 ], [ 74.75, 17.05833333333333 ], [ 74.75, 17.033333333333331 ], [ 74.758333333333326, 17.033333333333331 ], [ 74.758333333333326, 17.025 ], [ 74.75, 17.025 ], [ 74.75, 17.008333333333329 ], [ 74.758333333333326, 17.008333333333329 ], [ 74.758333333333326, 16.975 ], [ 74.766666666666666, 16.975 ], [ 74.766666666666666, 16.941666666666663 ], [ 74.758333333333326, 16.941666666666663 ], [ 74.758333333333326, 16.93333333333333 ], [ 74.8, 16.93333333333333 ], [ 74.8, 16.925 ], [ 74.816666666666663, 16.925 ], [ 74.816666666666663, 16.908333333333331 ], [ 74.825, 16.908333333333331 ], [ 74.825, 16.891666666666666 ], [ 74.833333333333329, 16.891666666666666 ], [ 74.833333333333329, 16.866666666666664 ], [ 74.825, 16.866666666666664 ], [ 74.825, 16.841666666666665 ], [ 74.816666666666663, 16.841666666666665 ], [ 74.816666666666663, 16.833333333333332 ], [ 74.808333333333323, 16.833333333333332 ], [ 74.8, 16.833333333333332 ], [ 74.8, 16.825 ], [ 74.791666666666657, 16.825 ], [ 74.775, 16.825 ], [ 74.775, 16.816666666666663 ], [ 74.766666666666666, 16.816666666666663 ], [ 74.766666666666666, 16.825 ], [ 74.758333333333326, 16.825 ], [ 74.758333333333326, 16.816666666666663 ], [ 74.75, 16.816666666666663 ], [ 74.75, 16.80833333333333 ], [ 74.74166666666666, 16.80833333333333 ], [ 74.725, 16.80833333333333 ], [ 74.725, 16.8 ], [ 74.716666666666669, 16.8 ], [ 74.683333333333323, 16.8 ], [ 74.683333333333323, 16.783333333333331 ], [ 74.675, 16.783333333333331 ], [ 74.658333333333331, 16.783333333333331 ], [ 74.658333333333331, 16.758333333333329 ], [ 74.65, 16.758333333333329 ], [ 74.591666666666669, 16.758333333333329 ], [ 74.591666666666669, 16.766666666666666 ], [ 74.541666666666657, 16.766666666666666 ], [ 74.541666666666657, 16.758333333333329 ], [ 74.475, 16.758333333333329 ], [ 74.475, 16.766666666666666 ], [ 74.458333333333329, 16.766666666666666 ], [ 74.458333333333329, 16.775 ], [ 74.416666666666657, 16.775 ], [ 74.416666666666657, 16.791666666666664 ], [ 74.383333333333326, 16.791666666666664 ], [ 74.383333333333326, 16.783333333333331 ], [ 74.36666666666666, 16.783333333333331 ], [ 74.36666666666666, 16.791666666666664 ], [ 74.341666666666669, 16.791666666666664 ], [ 74.341666666666669, 16.783333333333331 ], [ 74.333333333333329, 16.783333333333331 ], [ 74.333333333333329, 16.791666666666664 ], [ 74.308333333333323, 16.791666666666664 ], [ 74.308333333333323, 16.8 ], [ 74.291666666666657, 16.8 ], [ 74.291666666666657, 16.80833333333333 ], [ 74.283333333333331, 16.80833333333333 ], [ 74.283333333333331, 16.816666666666663 ], [ 74.266666666666666, 16.816666666666663 ], [ 74.266666666666666, 16.80833333333333 ], [ 74.258333333333326, 16.80833333333333 ], [ 74.24166666666666, 16.80833333333333 ], [ 74.24166666666666, 16.8 ], [ 74.208333333333329, 16.8 ], [ 74.208333333333329, 16.80833333333333 ], [ 74.2, 16.80833333333333 ], [ 74.2, 16.8 ], [ 74.166666666666657, 16.8 ], [ 74.166666666666657, 16.80833333333333 ], [ 74.15, 16.80833333333333 ], [ 74.15, 16.8 ], [ 74.141666666666666, 16.8 ], [ 74.141666666666666, 16.80833333333333 ], [ 74.108333333333334, 16.80833333333333 ], [ 74.108333333333334, 16.816666666666663 ], [ 74.05, 16.816666666666663 ], [ 74.05, 16.825 ], [ 74.033333333333331, 16.825 ], [ 74.033333333333331, 16.816666666666663 ], [ 73.99166666666666, 16.816666666666663 ], [ 73.99166666666666, 16.825 ], [ 73.983333333333334, 16.825 ], [ 73.983333333333334, 16.833333333333332 ], [ 73.975, 16.833333333333332 ], [ 73.975, 16.841666666666665 ], [ 73.95, 16.841666666666665 ], [ 73.95, 16.833333333333332 ], [ 73.908333333333331, 16.833333333333332 ], [ 73.908333333333331, 16.841666666666665 ], [ 73.883333333333326, 16.841666666666665 ], [ 73.883333333333326, 16.85 ], [ 73.86666666666666, 16.85 ], [ 73.86666666666666, 16.875 ], [ 73.825, 16.875 ], [ 73.825, 16.9 ], [ 73.816666666666663, 16.9 ], [ 73.816666666666663, 16.916666666666664 ], [ 73.808333333333323, 16.916666666666664 ], [ 73.808333333333323, 16.93333333333333 ], [ 73.8, 16.93333333333333 ], [ 73.8, 16.95 ], [ 73.783333333333331, 16.95 ], [ 73.783333333333331, 16.975 ], [ 73.791666666666657, 16.975 ], [ 73.791666666666657, 16.983333333333331 ], [ 73.8, 16.983333333333331 ], [ 73.8, 16.975 ], [ 73.825, 16.975 ], [ 73.825, 16.983333333333331 ], [ 73.833333333333329, 16.983333333333331 ], [ 73.841666666666669, 16.983333333333331 ], [ 73.841666666666669, 17.05833333333333 ], [ 73.833333333333329, 17.05833333333333 ], [ 73.833333333333329, 17.066666666666663 ], [ 73.825, 17.066666666666663 ], [ 73.825, 17.075 ], [ 73.816666666666663, 17.075 ], [ 73.816666666666663, 17.091666666666665 ], [ 73.825, 17.091666666666665 ], [ 73.825, 17.1 ], [ 73.808333333333323, 17.1 ], [ 73.808333333333323, 17.108333333333331 ], [ 73.75, 17.108333333333331 ], [ 73.75, 17.116666666666664 ], [ 73.74166666666666, 17.116666666666664 ], [ 73.74166666666666, 17.133333333333329 ], [ 73.725, 17.133333333333329 ], [ 73.725, 17.15 ], [ 73.716666666666669, 17.15 ], [ 73.716666666666669, 17.18333333333333 ], [ 73.725, 17.18333333333333 ], [ 73.725, 17.225 ], [ 73.716666666666669, 17.225 ], [ 73.716666666666669, 17.241666666666664 ], [ 73.708333333333329, 17.241666666666664 ], [ 73.708333333333329, 17.258333333333329 ], [ 73.7, 17.258333333333329 ], [ 73.7, 17.316666666666663 ], [ 73.691666666666663, 17.316666666666663 ], [ 73.691666666666663, 17.341666666666665 ], [ 73.7, 17.341666666666665 ], [ 73.7, 17.35 ], [ 73.691666666666663, 17.35 ], [ 73.691666666666663, 17.366666666666664 ], [ 73.683333333333323, 17.366666666666664 ], [ 73.683333333333323, 17.375 ], [ 73.675, 17.375 ], [ 73.675, 17.4 ], [ 73.683333333333323, 17.4 ], [ 73.683333333333323, 17.408333333333331 ], [ 73.708333333333329, 17.408333333333331 ], [ 73.716666666666669, 17.408333333333331 ], [ 73.716666666666669, 17.475 ], [ 73.708333333333329, 17.475 ], [ 73.708333333333329, 17.5 ], [ 73.716666666666669, 17.5 ], [ 73.716666666666669, 17.516666666666662 ], [ 73.725, 17.516666666666662 ], [ 73.725, 17.525 ], [ 73.733333333333334, 17.525 ], [ 73.74166666666666, 17.525 ], [ 73.74166666666666, 17.533333333333331 ], [ 73.75, 17.533333333333331 ], [ 73.75, 17.566666666666663 ], [ 73.74166666666666, 17.566666666666663 ], [ 73.74166666666666, 17.575 ], [ 73.733333333333334, 17.575 ], [ 73.733333333333334, 17.616666666666664 ], [ 73.725, 17.616666666666664 ], [ 73.725, 17.65 ], [ 73.716666666666669, 17.65 ], [ 73.716666666666669, 17.658333333333331 ], [ 73.708333333333329, 17.658333333333331 ], [ 73.708333333333329, 17.666666666666664 ], [ 73.7, 17.666666666666664 ], [ 73.7, 17.68333333333333 ], [ 73.691666666666663, 17.68333333333333 ], [ 73.691666666666663, 17.7 ], [ 73.666666666666657, 17.7 ], [ 73.666666666666657, 17.716666666666665 ], [ 73.65, 17.716666666666665 ], [ 73.65, 17.708333333333332 ], [ 73.61666666666666, 17.708333333333332 ], [ 73.61666666666666, 17.716666666666665 ], [ 73.608333333333334, 17.716666666666665 ], [ 73.608333333333334, 17.708333333333332 ], [ 73.591666666666669, 17.708333333333332 ], [ 73.591666666666669, 17.716666666666665 ], [ 73.583333333333329, 17.716666666666665 ], [ 73.583333333333329, 17.741666666666664 ], [ 73.591666666666669, 17.741666666666664 ], [ 73.591666666666669, 17.75 ], [ 73.6, 17.75 ], [ 73.6, 17.758333333333329 ], [ 73.608333333333334, 17.758333333333329 ], [ 73.608333333333334, 17.775 ], [ 73.61666666666666, 17.775 ], [ 73.61666666666666, 17.783333333333331 ], [ 73.625, 17.783333333333331 ], [ 73.625, 17.80833333333333 ], [ 73.61666666666666, 17.80833333333333 ], [ 73.61666666666666, 17.816666666666663 ], [ 73.608333333333334, 17.816666666666663 ], [ 73.608333333333334, 17.825 ], [ 73.6, 17.825 ], [ 73.6, 17.866666666666664 ], [ 73.591666666666669, 17.866666666666664 ], [ 73.591666666666669, 17.875 ], [ 73.583333333333329, 17.875 ], [ 73.583333333333329, 17.883333333333329 ], [ 73.575, 17.883333333333329 ], [ 73.575, 17.891666666666662 ], [ 73.566666666666663, 17.891666666666662 ], [ 73.566666666666663, 17.9 ], [ 73.575, 17.9 ], [ 73.575, 17.93333333333333 ], [ 73.591666666666669, 17.93333333333333 ], [ 73.6, 17.93333333333333 ], [ 73.6, 17.941666666666663 ], [ 73.608333333333334, 17.941666666666663 ], [ 73.608333333333334, 17.95 ], [ 73.61666666666666, 17.95 ], [ 73.61666666666666, 17.958333333333332 ], [ 73.625, 17.958333333333332 ], [ 73.625, 17.966666666666665 ], [ 73.633333333333326, 17.966666666666665 ], [ 73.641666666666666, 17.966666666666665 ], [ 73.641666666666666, 17.983333333333331 ], [ 73.65, 17.983333333333331 ], [ 73.65, 18.0 ], [ 73.658333333333331, 18.0 ], [ 73.666666666666657, 18.0 ], [ 73.666666666666657, 18.033333333333331 ], [ 73.675, 18.033333333333331 ], [ 73.683333333333323, 18.033333333333331 ], [ 73.683333333333323, 18.041666666666664 ], [ 73.691666666666663, 18.041666666666664 ], [ 73.691666666666663, 18.05 ] ] ] } },
{ "type": "Feature", "properties": { "LABEL": 1.0, "GaugeID": "596", "_source_id": "596", "Id": null, "gridcode": null, "area": null, "OBJECTID": null, "Shape_Leng": null, "Shape_Area": null, "SS": null, "is_duplicate_geometry": false }, "geometry": { "type": "Polygon", "coordinates": [ [ [ 73.7, 17.15 ], [ 73.725, 17.15 ], [ 73.725, 17.133333333333333 ], [ 73.74166666666666, 17.133333333333333 ], [ 73.74166666666666, 17.116666666666664 ], [ 73.75, 17.116666666666664 ], [ 73.75, 17.108333333333331 ], [ 73.808333333333323, 17.108333333333331 ], [ 73.808333333333323, 17.1 ], [ 73.825, 17.1 ], [ 73.825, 17.091666666666665 ], [ 73.816666666666663, 17.091666666666665 ], [ 73.816666666666663, 17.075 ], [ 73.825, 17.075 ], [ 73.825, 17.066666666666666 ], [ 73.833333333333329, 17.066666666666666 ], [ 73.833333333333329, 17.058333333333334 ], [ 73.841666666666669, 17.058333333333334 ], [ 73.841666666666669, 16.983333333333331 ], [ 73.833333333333329, 16.983333333333331 ], [ 73.825, 16.983333333333331 ], [ 73.825, 16.975 ], [ 73.8, 16.975 ], [ 73.8, 16.983333333333331 ], [ 73.791666666666657, 16.983333333333331 ], [ 73.791666666666657, 16.991666666666664 ], [ 73.766666666666666, 16.991666666666664 ], [ 73.766666666666666, 17.0 ], [ 73.758333333333326, 17.0 ], [ 73.758333333333326, 17.008333333333333 ], [ 73.733333333333334, 17.008333333333333 ], [ 73.733333333333334, 17.016666666666666 ], [ 73.725, 17.016666666666666 ], [ 73.725, 17.008333333333333 ], [ 73.708333333333329, 17.008333333333333 ], [ 73.708333333333329, 17.016666666666666 ], [ 73.683333333333323, 17.016666666666666 ], [ 73.683333333333323, 17.008333333333333 ], [ 73.675, 17.008333333333333 ], [ 73.675, 17.0 ], [ 73.666666666666657, 17.0 ], [ 73.666666666666657, 16.991666666666664 ], [ 73.658333333333331, 16.991666666666664 ], [ 73.625, 16.991666666666664 ], [ 73.625, 16.983333333333331 ], [ 73.61666666666666, 16.983333333333331 ], [ 73.591666666666669, 16.983333333333331 ], [ 73.591666666666669, 16.975 ], [ 73.583333333333329, 16.975 ], [ 73.583333333333329, 16.966666666666665 ], [ 73.55, 16.966666666666665 ], [ 73.55, 16.975 ], [ 73.541666666666657, 16.975 ], [ 73.541666666666657, 16.983333333333331 ], [ 73.533333333333331, 16.983333333333331 ], [ 73.533333333333331, 16.975 ], [ 73.508333333333326, 16.975 ], [ 73.508333333333326, 16.983333333333331 ], [ 73.49166666666666, 16.983333333333331 ], [ 73.49166666666666, 16.991666666666664 ], [ 73.475, 16.991666666666664 ], [ 73.475, 17.008333333333333 ], [ 73.466666666666669, 17.008333333333333 ], [ 73.466666666666669, 17.025 ], [ 73.458333333333329, 17.025 ], [ 73.458333333333329, 17.041666666666664 ], [ 73.466666666666669, 17.041666666666664 ], [ 73.466666666666669, 17.05 ], [ 73.516666666666666, 17.05 ], [ 73.525, 17.05 ], [ 73.525, 17.058333333333334 ], [ 73.533333333333331, 17.058333333333334 ], [ 73.533333333333331, 17.05 ], [ 73.55, 17.05 ], [ 73.55, 17.058333333333334 ], [ 73.583333333333329, 17.058333333333334 ], [ 73.583333333333329, 17.05 ], [ 73.608333333333334, 17.05 ], [ 73.608333333333334, 17.041666666666664 ], [ 73.633333333333326, 17.041666666666664 ], [ 73.633333333333326, 17.05 ], [ 73.65, 17.05 ], [ 73.658333333333331, 17.05 ], [ 73.658333333333331, 17.066666666666666 ], [ 73.666666666666657, 17.066666666666666 ], [ 73.666666666666657, 17.1 ], [ 73.658333333333331, 17.1 ], [ 73.658333333333331, 17.108333333333331 ], [ 73.666666666666657, 17.108333333333331 ], [ 73.666666666666657, 17.116666666666664 ], [ 73.675, 17.116666666666664 ], [ 73.683333333333323, 17.116666666666664 ], [ 73.683333333333323, 17.125 ], [ 73.691666666666663, 17.125 ], [ 73.7, 17.125 ], [ 73.7, 17.15 ] ] ] } },
{ "type": "Feature", "properties": { "LABEL": 1.0, "GaugeID": "602", "_source_id": "602", "Id": null, "gridcode": null, "area": null, "OBJECTID": null, "Shape_Leng": null, "Shape_Area": null, "SS": null, "is_duplicate_geometry": false }, "geometry": { "type": "Polygon", "coordinates": [ [ [ 73.43, 18.335833333333333 ], [ 73.431666666666672, 18.335833333333333 ], [ 73.431666666666672, 18.335 ], [ 73.43416666666667, 18.335 ], [ 73.43416666666667, 18.334166666666668 ], [ 73.435833333333335, 18.334166666666668 ], [ 73.435833333333335, 18.330833333333334 ], [ 73.436666666666667, 18.330833333333334 ], [ 73.436666666666667, 18.329166666666666 ], [ 73.4375, 18.329166666666666 ], [ 73.4375, 18.325833333333332 ], [ 73.439166666666665, 18.325833333333332 ], [ 73.439166666666665, 18.325 ], [ 73.441666666666663, 18.325 ], [ 73.441666666666663, 18.324166666666667 ], [ 73.44583333333334, 18.324166666666667 ], [ 73.44583333333334, 18.323333333333334 ], [ 73.446666666666673, 18.323333333333334 ], [ 73.446666666666673, 18.3225 ], [ 73.4475, 18.3225 ], [ 73.4475, 18.321666666666665 ], [ 73.448333333333338, 18.321666666666665 ], [ 73.448333333333338, 18.318333333333335 ], [ 73.4475, 18.318333333333335 ], [ 73.4475, 18.316666666666666 ], [ 73.446666666666673, 18.316666666666666 ], [ 73.446666666666673, 18.313333333333333 ], [ 73.44583333333334, 18.313333333333333 ], [ 73.44583333333334, 18.309166666666666 ], [ 73.445, 18.309166666666666 ], [ 73.445, 18.308333333333334 ], [ 73.44583333333334, 18.308333333333334 ], [ 73.44583333333334, 18.3075 ], [ 73.446666666666673, 18.3075 ], [ 73.446666666666673, 18.305 ], [ 73.4475, 18.305 ], [ 73.4475, 18.303333333333335 ], [ 73.448333333333338, 18.303333333333335 ], [ 73.448333333333338, 18.301666666666666 ], [ 73.44916666666667, 18.301666666666666 ], [ 73.44916666666667, 18.3 ], [ 73.45, 18.3 ], [ 73.45, 18.299166666666668 ], [ 73.450833333333335, 18.299166666666668 ], [ 73.450833333333335, 18.298333333333332 ], [ 73.4525, 18.298333333333332 ], [ 73.4525, 18.2975 ], [ 73.455833333333331, 18.2975 ], [ 73.455833333333331, 18.298333333333332 ], [ 73.463333333333338, 18.298333333333332 ], [ 73.463333333333338, 18.2975 ], [ 73.464166666666671, 18.2975 ], [ 73.464166666666671, 18.298333333333332 ], [ 73.465, 18.298333333333332 ], [ 73.465, 18.299166666666668 ], [ 73.465833333333336, 18.299166666666668 ], [ 73.466666666666669, 18.299166666666668 ], [ 73.466666666666669, 18.3 ], [ 73.4675, 18.3 ], [ 73.4675, 18.300833333333333 ], [ 73.475, 18.300833333333333 ], [ 73.475, 18.3 ], [ 73.475833333333341, 18.3 ], [ 73.475833333333341, 18.300833333333333 ], [ 73.4775, 18.300833333333333 ], [ 73.478333333333339, 18.300833333333333 ], [ 73.478333333333339, 18.3025 ], [ 73.479166666666671, 18.3025 ], [ 73.479166666666671, 18.305 ], [ 73.4825, 18.305 ], [ 73.483333333333334, 18.305 ], [ 73.483333333333334, 18.305833333333332 ], [ 73.484166666666667, 18.305833333333332 ], [ 73.484166666666667, 18.306666666666668 ], [ 73.485833333333332, 18.306666666666668 ], [ 73.486666666666665, 18.306666666666668 ], [ 73.486666666666665, 18.308333333333334 ], [ 73.4875, 18.308333333333334 ], [ 73.48833333333333, 18.308333333333334 ], [ 73.48833333333333, 18.309166666666666 ], [ 73.489166666666677, 18.309166666666666 ], [ 73.489166666666677, 18.308333333333334 ], [ 73.490833333333342, 18.308333333333334 ], [ 73.490833333333342, 18.3075 ], [ 73.491666666666674, 18.3075 ], [ 73.491666666666674, 18.306666666666668 ], [ 73.4925, 18.306666666666668 ], [ 73.4925, 18.305833333333332 ], [ 73.493333333333339, 18.305833333333332 ], [ 73.493333333333339, 18.304166666666667 ], [ 73.495, 18.304166666666667 ], [ 73.495, 18.303333333333335 ], [ 73.49666666666667, 18.303333333333335 ], [ 73.49666666666667, 18.3025 ], [ 73.499166666666667, 18.3025 ], [ 73.499166666666667, 18.301666666666666 ], [ 73.500833333333333, 18.301666666666666 ], [ 73.500833333333333, 18.300833333333333 ], [ 73.50333333333333, 18.300833333333333 ], [ 73.50333333333333, 18.3 ], [ 73.504166666666663, 18.3 ], [ 73.504166666666663, 18.299166666666668 ], [ 73.510833333333338, 18.299166666666668 ], [ 73.510833333333338, 18.298333333333332 ], [ 73.518333333333331, 18.298333333333332 ], [ 73.518333333333331, 18.2975 ], [ 73.525833333333338, 18.2975 ], [ 73.525833333333338, 18.296666666666667 ], [ 73.529166666666669, 18.296666666666667 ], [ 73.529166666666669, 18.295 ], [ 73.53, 18.295 ], [ 73.53, 18.294166666666666 ], [ 73.530833333333334, 18.294166666666666 ], [ 73.530833333333334, 18.29 ], [ 73.53, 18.29 ], [ 73.53, 18.285 ], [ 73.530833333333334, 18.285 ], [ 73.530833333333334, 18.284166666666668 ], [ 73.531666666666666, 18.284166666666668 ], [ 73.531666666666666, 18.283333333333335 ], [ 73.5325, 18.283333333333335 ], [ 73.5325, 18.2825 ], [ 73.533333333333331, 18.2825 ], [ 73.533333333333331, 18.280833333333334 ], [ 73.534166666666664, 18.280833333333334 ], [ 73.534166666666664, 18.28 ], [ 73.535, 18.28 ], [ 73.535, 18.279166666666665 ], [ 73.535833333333343, 18.279166666666665 ], [ 73.535833333333343, 18.2775 ], [ 73.536666666666676, 18.2775 ], [ 73.536666666666676, 18.276666666666667 ], [ 73.535833333333343, 18.276666666666667 ], [ 73.535833333333343, 18.275833333333335 ], [ 73.535, 18.275833333333335 ], [ 73.535, 18.274166666666666 ], [ 73.534166666666664, 18.274166666666666 ], [ 73.534166666666664, 18.273333333333333 ], [ 73.533333333333331, 18.273333333333333 ], [ 73.533333333333331, 18.2725 ], [ 73.5325, 18.2725 ], [ 73.5325, 18.271666666666668 ], [ 73.531666666666666, 18.271666666666668 ], [ 73.531666666666666, 18.270833333333332 ], [ 73.530833333333334, 18.270833333333332 ], [ 73.530833333333334, 18.27 ], [ 73.53, 18.27 ], [ 73.529166666666669, 18.27 ], [ 73.529166666666669, 18.269166666666667 ], [ 73.528333333333336, 18.269166666666667 ], [ 73.528333333333336, 18.268333333333334 ], [ 73.5275, 18.268333333333334 ], [ 73.5275, 18.266666666666666 ], [ 73.526666666666671, 18.266666666666666 ], [ 73.526666666666671, 18.265 ], [ 73.5275, 18.265 ], [ 73.5275, 18.26 ], [ 73.528333333333336, 18.26 ], [ 73.528333333333336, 18.259166666666665 ], [ 73.529166666666669, 18.259166666666665 ], [ 73.529166666666669, 18.2575 ], [ 73.53, 18.2575 ], [ 73.53, 18.256666666666668 ], [ 73.531666666666666, 18.256666666666668 ], [ 73.531666666666666, 18.255833333333335 ], [ 73.5325, 18.255833333333335 ], [ 73.5325, 18.255 ], [ 73.534166666666664, 18.255 ], [ 73.534166666666664, 18.254166666666666 ], [ 73.535833333333343, 18.254166666666666 ], [ 73.535833333333343, 18.253333333333334 ], [ 73.536666666666676, 18.253333333333334 ], [ 73.536666666666676, 18.2525 ], [ 73.538333333333341, 18.2525 ], [ 73.538333333333341, 18.251666666666665 ], [ 73.54, 18.251666666666665 ], [ 73.54, 18.250833333333333 ], [ 73.5425, 18.250833333333333 ], [ 73.5425, 18.25 ], [ 73.543333333333337, 18.25 ], [ 73.543333333333337, 18.249166666666667 ], [ 73.544166666666669, 18.249166666666667 ], [ 73.544166666666669, 18.245833333333334 ], [ 73.545, 18.245833333333334 ], [ 73.545, 18.243333333333332 ], [ 73.545833333333334, 18.243333333333332 ], [ 73.545833333333334, 18.241666666666667 ], [ 73.545, 18.241666666666667 ], [ 73.543333333333337, 18.241666666666667 ], [ 73.543333333333337, 18.240833333333335 ], [ 73.5425, 18.240833333333335 ], [ 73.5425, 18.24 ], [ 73.541666666666671, 18.24 ], [ 73.541666666666671, 18.239166666666666 ], [ 73.540833333333339, 18.239166666666666 ], [ 73.540833333333339, 18.238333333333333 ], [ 73.54, 18.238333333333333 ], [ 73.54, 18.2375 ], [ 73.539166666666674, 18.2375 ], [ 73.539166666666674, 18.236666666666668 ], [ 73.538333333333341, 18.236666666666668 ], [ 73.538333333333341, 18.235 ], [ 73.5375, 18.235 ], [ 73.5375, 18.234166666666667 ], [ 73.536666666666676, 18.234166666666667 ], [ 73.536666666666676, 18.231666666666666 ], [ 73.535833333333343, 18.231666666666666 ], [ 73.535833333333343, 18.23 ], [ 73.535, 18.23 ], [ 73.535, 18.228333333333332 ], [ 73.535833333333343, 18.228333333333332 ], [ 73.535833333333343, 18.2275 ], [ 73.536666666666676, 18.2275 ], [ 73.536666666666676, 18.225 ], [ 73.5375, 18.225 ], [ 73.5375, 18.224166666666665 ], [ 73.54, 18.224166666666665 ], [ 73.54, 18.223333333333333 ], [ 73.545, 18.223333333333333 ], [ 73.545, 18.2225 ], [ 73.545833333333334, 18.2225 ], [ 73.545833333333334, 18.221666666666668 ], [ 73.5475, 18.221666666666668 ], [ 73.5475, 18.220833333333335 ], [ 73.548333333333332, 18.220833333333335 ], [ 73.548333333333332, 18.22 ], [ 73.55083333333333, 18.22 ], [ 73.55083333333333, 18.219166666666666 ], [ 73.5525, 18.219166666666666 ], [ 73.5525, 18.218333333333334 ], [ 73.554166666666674, 18.218333333333334 ], [ 73.554166666666674, 18.2175 ], [ 73.556666666666672, 18.2175 ], [ 73.556666666666672, 18.216666666666665 ], [ 73.5575, 18.216666666666665 ], [ 73.5575, 18.215 ], [ 73.558333333333337, 18.215 ], [ 73.558333333333337, 18.214166666666667 ], [ 73.55916666666667, 18.214166666666667 ], [ 73.55916666666667, 18.213333333333335 ], [ 73.561666666666667, 18.213333333333335 ], [ 73.561666666666667, 18.2125 ], [ 73.563333333333333, 18.2125 ], [ 73.563333333333333, 18.211666666666666 ], [ 73.564166666666665, 18.211666666666666 ], [ 73.564166666666665, 18.210833333333333 ], [ 73.565, 18.210833333333333 ], [ 73.565, 18.21 ], [ 73.566666666666663, 18.21 ], [ 73.566666666666663, 18.209166666666668 ], [ 73.568333333333342, 18.209166666666668 ], [ 73.568333333333342, 18.208333333333332 ], [ 73.57, 18.208333333333332 ], [ 73.57, 18.209166666666668 ], [ 73.5725, 18.209166666666668 ], [ 73.5725, 18.208333333333332 ], [ 73.573333333333338, 18.208333333333332 ], [ 73.573333333333338, 18.2075 ], [ 73.57416666666667, 18.2075 ], [ 73.57416666666667, 18.205833333333334 ], [ 73.575, 18.205833333333334 ], [ 73.575, 18.204166666666666 ], [ 73.575833333333335, 18.204166666666666 ], [ 73.575833333333335, 18.203333333333333 ], [ 73.576666666666668, 18.203333333333333 ], [ 73.576666666666668, 18.2025 ], [ 73.5775, 18.2025 ], [ 73.5775, 18.201666666666668 ], [ 73.578333333333333, 18.201666666666668 ], [ 73.578333333333333, 18.2 ], [ 73.579166666666666, 18.2 ], [ 73.579166666666666, 18.198333333333334 ], [ 73.58, 18.198333333333334 ], [ 73.58, 18.1975 ], [ 73.579166666666666, 18.1975 ], [ 73.579166666666666, 18.195833333333333 ], [ 73.58, 18.195833333333333 ], [ 73.58, 18.195 ], [ 73.580833333333331, 18.195 ], [ 73.580833333333331, 18.194166666666668 ], [ 73.584166666666675, 18.194166666666668 ], [ 73.584166666666675, 18.193333333333335 ], [ 73.585833333333341, 18.193333333333335 ], [ 73.585833333333341, 18.1925 ], [ 73.5875, 18.1925 ], [ 73.5875, 18.191666666666666 ], [ 73.59, 18.191666666666666 ], [ 73.59, 18.190833333333334 ], [ 73.593333333333334, 18.190833333333334 ], [ 73.593333333333334, 18.19 ], [ 73.600833333333341, 18.19 ], [ 73.600833333333341, 18.189166666666665 ], [ 73.605, 18.189166666666665 ], [ 73.605, 18.188333333333333 ], [ 73.6075, 18.188333333333333 ], [ 73.6075, 18.1875 ], [ 73.61, 18.1875 ], [ 73.61, 18.186666666666667 ], [ 73.610833333333332, 18.186666666666667 ], [ 73.610833333333332, 18.185833333333335 ], [ 73.6125, 18.185833333333335 ], [ 73.6125, 18.185 ], [ 73.61333333333333, 18.185 ], [ 73.61333333333333, 18.184166666666666 ], [ 73.614166666666677, 18.184166666666666 ], [ 73.614166666666677, 18.185 ], [ 73.615, 18.185 ], [ 73.615, 18.184166666666666 ], [ 73.6175, 18.184166666666666 ], [ 73.6175, 18.183333333333334 ], [ 73.619166666666672, 18.183333333333334 ], [ 73.619166666666672, 18.1825 ], [ 73.62166666666667, 18.1825 ], [ 73.62166666666667, 18.180833333333332 ], [ 73.6225, 18.180833333333332 ], [ 73.6225, 18.18 ], [ 73.624166666666667, 18.18 ], [ 73.624166666666667, 18.179166666666667 ], [ 73.625, 18.179166666666667 ], [ 73.625, 18.178333333333335 ], [ 73.62833333333333, 18.178333333333335 ], [ 73.62833333333333, 18.1775 ], [ 73.629166666666663, 18.1775 ], [ 73.629166666666663, 18.176666666666666 ], [ 73.63, 18.176666666666666 ], [ 73.63, 18.175833333333333 ], [ 73.631666666666675, 18.175833333333333 ], [ 73.631666666666675, 18.176666666666666 ], [ 73.6325, 18.176666666666666 ], [ 73.6325, 18.1775 ], [ 73.634166666666673, 18.1775 ], [ 73.634166666666673, 18.176666666666666 ], [ 73.639166666666668, 18.176666666666666 ], [ 73.639166666666668, 18.175833333333333 ], [ 73.640833333333333, 18.175833333333333 ], [ 73.640833333333333, 18.175 ], [ 73.648333333333341, 18.175 ], [ 73.648333333333341, 18.175833333333333 ], [ 73.649166666666673, 18.175833333333333 ], [ 73.649166666666673, 18.176666666666666 ], [ 73.651666666666671, 18.176666666666666 ], [ 73.6525, 18.176666666666666 ], [ 73.6525, 18.1775 ], [ 73.6575, 18.1775 ], [ 73.6575, 18.176666666666666 ], [ 73.658333333333331, 18.176666666666666 ], [ 73.658333333333331, 18.174166666666668 ], [ 73.659166666666664, 18.174166666666668 ], [ 73.659166666666664, 18.173333333333332 ], [ 73.66, 18.173333333333332 ], [ 73.66, 18.1725 ], [ 73.660833333333343, 18.1725 ], [ 73.660833333333343, 18.171666666666667 ], [ 73.661666666666676, 18.171666666666667 ], [ 73.661666666666676, 18.170833333333334 ], [ 73.663333333333341, 18.170833333333334 ], [ 73.663333333333341, 18.169166666666666 ], [ 73.664166666666674, 18.169166666666666 ], [ 73.664166666666674, 18.165 ], [ 73.665833333333339, 18.165 ], [ 73.665833333333339, 18.164166666666667 ], [ 73.666666666666671, 18.164166666666667 ], [ 73.666666666666671, 18.163333333333334 ], [ 73.6675, 18.163333333333334 ], [ 73.6675, 18.1625 ], [ 73.668333333333337, 18.1625 ], [ 73.668333333333337, 18.16 ], [ 73.673333333333332, 18.16 ], [ 73.673333333333332, 18.159166666666668 ], [ 73.67583333333333, 18.159166666666668 ], [ 73.67583333333333, 18.158333333333335 ], [ 73.678333333333342, 18.158333333333335 ], [ 73.678333333333342, 18.1575 ], [ 73.679166666666674, 18.1575 ], [ 73.679166666666674, 18.156666666666666 ], [ 73.68, 18.156666666666666 ], [ 73.68, 18.1525 ], [ 73.680833333333339, 18.1525 ], [ 73.680833333333339, 18.15 ], [ 73.681666666666672, 18.15 ], [ 73.681666666666672, 18.146666666666668 ], [ 73.6825, 18.146666666666668 ], [ 73.6825, 18.145 ], [ 73.683333333333337, 18.145 ], [ 73.683333333333337, 18.144166666666667 ], [ 73.68416666666667, 18.144166666666667 ], [ 73.68416666666667, 18.1425 ], [ 73.685, 18.1425 ], [ 73.685, 18.141666666666666 ], [ 73.68416666666667, 18.141666666666666 ], [ 73.683333333333337, 18.141666666666666 ], [ 73.683333333333337, 18.140833333333333 ], [ 73.6825, 18.140833333333333 ], [ 73.6825, 18.14 ], [ 73.681666666666672, 18.14 ], [ 73.681666666666672, 18.135833333333334 ], [ 73.680833333333339, 18.135833333333334 ], [ 73.680833333333339, 18.135 ], [ 73.68, 18.135 ], [ 73.68, 18.134166666666665 ], [ 73.679166666666674, 18.134166666666665 ], [ 73.679166666666674, 18.133333333333333 ], [ 73.678333333333342, 18.133333333333333 ], [ 73.678333333333342, 18.131666666666668 ], [ 73.6775, 18.131666666666668 ], [ 73.6775, 18.1325 ], [ 73.67583333333333, 18.1325 ], [ 73.67583333333333, 18.133333333333333 ], [ 73.6725, 18.133333333333333 ], [ 73.6725, 18.134166666666665 ], [ 73.66, 18.134166666666665 ], [ 73.66, 18.133333333333333 ], [ 73.659166666666664, 18.133333333333333 ], [ 73.659166666666664, 18.134166666666665 ], [ 73.655, 18.134166666666665 ], [ 73.655, 18.133333333333333 ], [ 73.654166666666669, 18.133333333333333 ], [ 73.653333333333336, 18.133333333333333 ], [ 73.653333333333336, 18.1325 ], [ 73.6525, 18.1325 ], [ 73.6525, 18.131666666666668 ], [ 73.651666666666671, 18.131666666666668 ], [ 73.65, 18.131666666666668 ], [ 73.65, 18.130833333333335 ], [ 73.649166666666673, 18.130833333333335 ], [ 73.648333333333341, 18.130833333333335 ], [ 73.648333333333341, 18.129166666666666 ], [ 73.6475, 18.129166666666666 ], [ 73.6475, 18.1275 ], [ 73.646666666666675, 18.1275 ], [ 73.646666666666675, 18.126666666666665 ], [ 73.645833333333343, 18.126666666666665 ], [ 73.645833333333343, 18.124166666666667 ], [ 73.645, 18.124166666666667 ], [ 73.645, 18.123333333333335 ], [ 73.644166666666663, 18.123333333333335 ], [ 73.644166666666663, 18.1225 ], [ 73.643333333333331, 18.1225 ], [ 73.6425, 18.1225 ], [ 73.6425, 18.120833333333334 ], [ 73.641666666666666, 18.120833333333334 ], [ 73.641666666666666, 18.119166666666668 ], [ 73.640833333333333, 18.119166666666668 ], [ 73.640833333333333, 18.116666666666667 ], [ 73.64, 18.116666666666667 ], [ 73.64, 18.1125 ], [ 73.639166666666668, 18.1125 ], [ 73.639166666666668, 18.110833333333332 ], [ 73.638333333333335, 18.110833333333332 ], [ 73.638333333333335, 18.11 ], [ 73.6375, 18.11 ], [ 73.635833333333338, 18.11 ], [ 73.635833333333338, 18.109166666666667 ], [ 73.635, 18.109166666666667 ], [ 73.635, 18.1075 ], [ 73.634166666666673, 18.1075 ], [ 73.629166666666663, 18.1075 ], [ 73.629166666666663, 18.106666666666666 ], [ 73.6275, 18.106666666666666 ], [ 73.6275, 18.1075 ], [ 73.625833333333333, 18.1075 ], [ 73.625833333333333, 18.106666666666666 ], [ 73.625, 18.106666666666666 ], [ 73.624166666666667, 18.106666666666666 ], [ 73.624166666666667, 18.105833333333333 ], [ 73.623333333333335, 18.105833333333333 ], [ 73.62166666666667, 18.105833333333333 ], [ 73.62166666666667, 18.105 ], [ 73.620833333333337, 18.105 ], [ 73.6175, 18.105 ], [ 73.6175, 18.104166666666668 ], [ 73.616666666666674, 18.104166666666668 ], [ 73.615833333333342, 18.104166666666668 ], [ 73.615833333333342, 18.103333333333332 ], [ 73.615, 18.103333333333332 ], [ 73.614166666666677, 18.103333333333332 ], [ 73.614166666666677, 18.1025 ], [ 73.61333333333333, 18.1025 ], [ 73.61333333333333, 18.1 ], [ 73.6125, 18.1 ], [ 73.611666666666665, 18.1 ], [ 73.611666666666665, 18.099166666666665 ], [ 73.610833333333332, 18.099166666666665 ], [ 73.610833333333332, 18.0975 ], [ 73.61, 18.0975 ], [ 73.61, 18.096666666666668 ], [ 73.609166666666667, 18.096666666666668 ], [ 73.609166666666667, 18.095833333333335 ], [ 73.61, 18.095833333333335 ], [ 73.61, 18.095 ], [ 73.609166666666667, 18.095 ], [ 73.609166666666667, 18.090833333333332 ], [ 73.608333333333334, 18.090833333333332 ], [ 73.608333333333334, 18.09 ], [ 73.6075, 18.09 ], [ 73.6075, 18.088333333333335 ], [ 73.606666666666669, 18.088333333333335 ], [ 73.606666666666669, 18.0875 ], [ 73.605833333333337, 18.0875 ], [ 73.605833333333337, 18.086666666666666 ], [ 73.605, 18.086666666666666 ], [ 73.604166666666671, 18.086666666666666 ], [ 73.604166666666671, 18.085833333333333 ], [ 73.603333333333339, 18.085833333333333 ], [ 73.603333333333339, 18.085 ], [ 73.6025, 18.085 ], [ 73.601666666666674, 18.085 ], [ 73.601666666666674, 18.084166666666668 ], [ 73.600833333333341, 18.084166666666668 ], [ 73.600833333333341, 18.083333333333332 ], [ 73.601666666666674, 18.083333333333332 ], [ 73.601666666666674, 18.081666666666667 ], [ 73.6025, 18.081666666666667 ], [ 73.6025, 18.0825 ], [ 73.605833333333337, 18.0825 ], [ 73.605833333333337, 18.081666666666667 ], [ 73.606666666666669, 18.081666666666667 ], [ 73.606666666666669, 18.080833333333334 ], [ 73.6125, 18.080833333333334 ], [ 73.6125, 18.08 ], [ 73.615, 18.08 ], [ 73.615, 18.079166666666666 ], [ 73.615833333333342, 18.079166666666666 ], [ 73.615833333333342, 18.078333333333333 ], [ 73.618333333333339, 18.078333333333333 ], [ 73.618333333333339, 18.0775 ], [ 73.62, 18.0775 ], [ 73.62, 18.074166666666667 ], [ 73.619166666666672, 18.074166666666667 ], [ 73.619166666666672, 18.0725 ], [ 73.618333333333339, 18.0725 ], [ 73.618333333333339, 18.071666666666665 ], [ 73.6175, 18.071666666666665 ], [ 73.6175, 18.070833333333333 ], [ 73.616666666666674, 18.070833333333333 ], [ 73.615833333333342, 18.070833333333333 ], [ 73.615833333333342, 18.07 ], [ 73.615, 18.07 ], [ 73.615, 18.069166666666668 ], [ 73.614166666666677, 18.069166666666668 ], [ 73.614166666666677, 18.0675 ], [ 73.61333333333333, 18.0675 ], [ 73.61333333333333, 18.065833333333334 ], [ 73.6125, 18.065833333333334 ], [ 73.6125, 18.0625 ], [ 73.611666666666665, 18.0625 ], [ 73.611666666666665, 18.058333333333334 ], [ 73.615, 18.058333333333334 ], [ 73.615, 18.0575 ], [ 73.615833333333342, 18.0575 ], [ 73.615833333333342, 18.055833333333332 ], [ 73.616666666666674, 18.055833333333332 ], [ 73.616666666666674, 18.054166666666667 ], [ 73.6175, 18.054166666666667 ], [ 73.6175, 18.053333333333335 ], [ 73.618333333333339, 18.053333333333335 ], [ 73.618333333333339, 18.0525 ], [ 73.619166666666672, 18.0525 ], [ 73.619166666666672, 18.051666666666666 ], [ 73.62166666666667, 18.051666666666666 ], [ 73.62166666666667, 18.050833333333333 ], [ 73.624166666666667, 18.050833333333333 ], [ 73.624166666666667, 18.05 ], [ 73.625, 18.05 ], [ 73.625, 18.049166666666668 ], [ 73.625833333333333, 18.049166666666668 ], [ 73.625833333333333, 18.046666666666667 ], [ 73.626666666666665, 18.046666666666667 ], [ 73.626666666666665, 18.045833333333334 ], [ 73.6275, 18.045833333333334 ], [ 73.6275, 18.045 ], [ 73.63, 18.045 ], [ 73.63, 18.045833333333334 ], [ 73.638333333333335, 18.045833333333334 ], [ 73.638333333333335, 18.045 ], [ 73.639166666666668, 18.045 ], [ 73.639166666666668, 18.044166666666666 ], [ 73.64, 18.044166666666666 ], [ 73.64, 18.043333333333333 ], [ 73.641666666666666, 18.043333333333333 ], [ 73.641666666666666, 18.0425 ], [ 73.645, 18.0425 ], [ 73.645, 18.041666666666668 ], [ 73.645833333333343, 18.041666666666668 ], [ 73.645833333333343, 18.040833333333332 ], [ 73.646666666666675, 18.040833333333332 ], [ 73.646666666666675, 18.04 ], [ 73.6475, 18.04 ], [ 73.6475, 18.039166666666667 ], [ 73.648333333333341, 18.039166666666667 ], [ 73.648333333333341, 18.038333333333334 ], [ 73.649166666666673, 18.038333333333334 ], [ 73.649166666666673, 18.0375 ], [ 73.65, 18.0375 ], [ 73.65, 18.036666666666665 ], [ 73.6525, 18.036666666666665 ], [ 73.6525, 18.035833333333333 ], [ 73.655, 18.035833333333333 ], [ 73.655, 18.035 ], [ 73.6575, 18.035 ], [ 73.6575, 18.034166666666668 ], [ 73.658333333333331, 18.034166666666668 ], [ 73.658333333333331, 18.033333333333335 ], [ 73.66, 18.033333333333335 ], [ 73.66, 18.0325 ], [ 73.660833333333343, 18.0325 ], [ 73.660833333333343, 18.031666666666666 ], [ 73.66, 18.031666666666666 ], [ 73.66, 18.030833333333334 ], [ 73.659166666666664, 18.030833333333334 ], [ 73.659166666666664, 18.03 ], [ 73.658333333333331, 18.03 ], [ 73.658333333333331, 18.029166666666665 ], [ 73.6575, 18.029166666666665 ], [ 73.6575, 18.028333333333332 ], [ 73.656666666666666, 18.028333333333332 ], [ 73.656666666666666, 18.026666666666667 ], [ 73.655833333333334, 18.026666666666667 ], [ 73.655833333333334, 18.025833333333335 ], [ 73.655, 18.025833333333335 ], [ 73.655, 18.025 ], [ 73.654166666666669, 18.025 ], [ 73.653333333333336, 18.025 ], [ 73.653333333333336, 18.024166666666666 ], [ 73.6525, 18.024166666666666 ], [ 73.6525, 18.023333333333333 ], [ 73.651666666666671, 18.023333333333333 ], [ 73.651666666666671, 18.0225 ], [ 73.650833333333338, 18.0225 ], [ 73.650833333333338, 18.021666666666668 ], [ 73.651666666666671, 18.021666666666668 ], [ 73.651666666666671, 18.020833333333332 ], [ 73.6525, 18.020833333333332 ], [ 73.6525, 18.02 ], [ 73.653333333333336, 18.02 ], [ 73.653333333333336, 18.018333333333334 ], [ 73.654166666666669, 18.018333333333334 ], [ 73.654166666666669, 18.016666666666666 ], [ 73.655, 18.016666666666666 ], [ 73.655, 18.015 ], [ 73.655833333333334, 18.015 ], [ 73.655833333333334, 18.013333333333332 ], [ 73.656666666666666, 18.013333333333332 ], [ 73.656666666666666, 18.0125 ], [ 73.655833333333334, 18.0125 ], [ 73.655833333333334, 18.009166666666665 ], [ 73.655, 18.009166666666665 ], [ 73.655, 18.008333333333333 ], [ 73.654166666666669, 18.008333333333333 ], [ 73.654166666666669, 18.006666666666668 ], [ 73.653333333333336, 18.006666666666668 ], [ 73.653333333333336, 18.005 ], [ 73.6525, 18.005 ], [ 73.650833333333338, 18.005 ], [ 73.650833333333338, 18.004166666666666 ], [ 73.65, 18.004166666666666 ], [ 73.648333333333341, 18.004166666666666 ], [ 73.648333333333341, 18.003333333333334 ], [ 73.6475, 18.003333333333334 ], [ 73.6475, 18.0025 ], [ 73.646666666666675, 18.0025 ], [ 73.645833333333343, 18.0025 ], [ 73.645833333333343, 18.001666666666665 ], [ 73.645, 18.001666666666665 ], [ 73.644166666666663, 18.001666666666665 ], [ 73.644166666666663, 18.000833333333333 ], [ 73.643333333333331, 18.000833333333333 ], [ 73.643333333333331, 18.0 ], [ 73.6425, 18.0 ], [ 73.6425, 17.999166666666667 ], [ 73.641666666666666, 17.999166666666667 ], [ 73.641666666666666, 17.998333333333335 ], [ 73.640833333333333, 17.998333333333335 ], [ 73.640833333333333, 17.996666666666666 ], [ 73.64, 17.996666666666666 ], [ 73.64, 17.993333333333332 ], [ 73.639166666666668, 17.993333333333332 ], [ 73.639166666666668, 17.9925 ], [ 73.635, 17.9925 ], [ 73.635, 17.993333333333332 ], [ 73.634166666666673, 17.993333333333332 ], [ 73.634166666666673, 17.991666666666667 ], [ 73.63333333333334, 17.991666666666667 ], [ 73.63333333333334, 17.990833333333335 ], [ 73.6325, 17.990833333333335 ], [ 73.6325, 17.99 ], [ 73.631666666666675, 17.99 ], [ 73.631666666666675, 17.988333333333333 ], [ 73.630833333333342, 17.988333333333333 ], [ 73.630833333333342, 17.9875 ], [ 73.63, 17.9875 ], [ 73.63, 17.986666666666668 ], [ 73.629166666666663, 17.986666666666668 ], [ 73.629166666666663, 17.985833333333332 ], [ 73.62833333333333, 17.985833333333332 ], [ 73.62833333333333, 17.985 ], [ 73.63, 17.985 ], [ 73.63, 17.984166666666667 ], [ 73.630833333333342, 17.984166666666667 ], [ 73.630833333333342, 17.983333333333334 ], [ 73.6325, 17.983333333333334 ], [ 73.6325, 17.9825 ], [ 73.634166666666673, 17.9825 ], [ 73.634166666666673, 17.981666666666666 ], [ 73.635833333333338, 17.981666666666666 ], [ 73.635833333333338, 17.980833333333333 ], [ 73.63666666666667, 17.980833333333333 ], [ 73.63666666666667, 17.98 ], [ 73.6375, 17.98 ], [ 73.6375, 17.979166666666668 ], [ 73.638333333333335, 17.979166666666668 ], [ 73.638333333333335, 17.978333333333332 ], [ 73.639166666666668, 17.978333333333332 ], [ 73.639166666666668, 17.976666666666667 ], [ 73.64, 17.976666666666667 ], [ 73.64, 17.975833333333334 ], [ 73.639166666666668, 17.975833333333334 ], [ 73.639166666666668, 17.9725 ], [ 73.64, 17.9725 ], [ 73.64, 17.97 ], [ 73.639166666666668, 17.97 ], [ 73.638333333333335, 17.97 ], [ 73.638333333333335, 17.969166666666666 ], [ 73.6375, 17.969166666666666 ], [ 73.6375, 17.968333333333334 ], [ 73.63666666666667, 17.968333333333334 ], [ 73.635833333333338, 17.968333333333334 ], [ 73.635833333333338, 17.9675 ], [ 73.635, 17.9675 ], [ 73.635, 17.966666666666665 ], [ 73.634166666666673, 17.966666666666665 ], [ 73.634166666666673, 17.965833333333332 ], [ 73.63333333333334, 17.965833333333332 ], [ 73.630833333333342, 17.965833333333332 ], [ 73.630833333333342, 17.965 ], [ 73.63, 17.965 ], [ 73.629166666666663, 17.965 ], [ 73.629166666666663, 17.964166666666667 ], [ 73.62833333333333, 17.964166666666667 ], [ 73.62833333333333, 17.963333333333335 ], [ 73.6275, 17.963333333333335 ], [ 73.626666666666665, 17.963333333333335 ], [ 73.626666666666665, 17.9625 ], [ 73.625833333333333, 17.9625 ], [ 73.625833333333333, 17.961666666666666 ], [ 73.625, 17.961666666666666 ], [ 73.624166666666667, 17.961666666666666 ], [ 73.624166666666667, 17.960833333333333 ], [ 73.623333333333335, 17.960833333333333 ], [ 73.623333333333335, 17.96 ], [ 73.6225, 17.96 ], [ 73.62166666666667, 17.96 ], [ 73.62166666666667, 17.959166666666668 ], [ 73.620833333333337, 17.959166666666668 ], [ 73.620833333333337, 17.958333333333332 ], [ 73.62, 17.958333333333332 ], [ 73.619166666666672, 17.958333333333332 ], [ 73.619166666666672, 17.9575 ], [ 73.618333333333339, 17.9575 ], [ 73.6175, 17.9575 ], [ 73.6175, 17.956666666666667 ], [ 73.616666666666674, 17.956666666666667 ], [ 73.616666666666674, 17.955 ], [ 73.615833333333342, 17.955 ], [ 73.615833333333342, 17.953333333333333 ], [ 73.615, 17.953333333333333 ], [ 73.615, 17.951666666666668 ], [ 73.614166666666677, 17.951666666666668 ], [ 73.614166666666677, 17.950833333333332 ], [ 73.61333333333333, 17.950833333333332 ], [ 73.61333333333333, 17.95 ], [ 73.6125, 17.95 ], [ 73.6125, 17.949166666666667 ], [ 73.611666666666665, 17.949166666666667 ], [ 73.611666666666665, 17.948333333333334 ], [ 73.610833333333332, 17.948333333333334 ], [ 73.610833333333332, 17.946666666666665 ], [ 73.61, 17.946666666666665 ], [ 73.608333333333334, 17.946666666666665 ], [ 73.608333333333334, 17.945833333333333 ], [ 73.6075, 17.945833333333333 ], [ 73.6075, 17.945 ], [ 73.606666666666669, 17.945 ], [ 73.606666666666669, 17.944166666666668 ], [ 73.605833333333337, 17.944166666666668 ], [ 73.605833333333337, 17.943333333333335 ], [ 73.605, 17.943333333333335 ], [ 73.603333333333339, 17.943333333333335 ], [ 73.603333333333339, 17.9425 ], [ 73.6025, 17.9425 ], [ 73.601666666666674, 17.9425 ], [ 73.601666666666674, 17.940833333333334 ], [ 73.600833333333341, 17.940833333333334 ], [ 73.600833333333341, 17.94 ], [ 73.6, 17.94 ], [ 73.6, 17.939166666666665 ], [ 73.599166666666676, 17.939166666666665 ], [ 73.595, 17.939166666666665 ], [ 73.595, 17.938333333333333 ], [ 73.589166666666671, 17.938333333333333 ], [ 73.589166666666671, 17.939166666666665 ], [ 73.588333333333338, 17.939166666666665 ], [ 73.588333333333338, 17.94 ], [ 73.5875, 17.94 ], [ 73.5875, 17.940833333333334 ], [ 73.586666666666673, 17.940833333333334 ], [ 73.586666666666673, 17.941666666666666 ], [ 73.585833333333341, 17.941666666666666 ], [ 73.585833333333341, 17.943333333333335 ], [ 73.585, 17.943333333333335 ], [ 73.585, 17.944166666666668 ], [ 73.584166666666675, 17.944166666666668 ], [ 73.584166666666675, 17.945 ], [ 73.579166666666666, 17.945 ], [ 73.579166666666666, 17.944166666666668 ], [ 73.578333333333333, 17.944166666666668 ], [ 73.578333333333333, 17.943333333333335 ], [ 73.5775, 17.943333333333335 ], [ 73.576666666666668, 17.943333333333335 ], [ 73.576666666666668, 17.9425 ], [ 73.575833333333335, 17.9425 ], [ 73.575833333333335, 17.94 ], [ 73.576666666666668, 17.94 ], [ 73.576666666666668, 17.936666666666667 ], [ 73.5775, 17.936666666666667 ], [ 73.5775, 17.931666666666668 ], [ 73.576666666666668, 17.931666666666668 ], [ 73.576666666666668, 17.930833333333332 ], [ 73.575833333333335, 17.930833333333332 ], [ 73.575833333333335, 17.93 ], [ 73.575, 17.93 ], [ 73.575, 17.929166666666667 ], [ 73.57416666666667, 17.929166666666667 ], [ 73.57416666666667, 17.928333333333335 ], [ 73.573333333333338, 17.928333333333335 ], [ 73.573333333333338, 17.9275 ], [ 73.5725, 17.9275 ], [ 73.5725, 17.926666666666666 ], [ 73.571666666666673, 17.926666666666666 ], [ 73.571666666666673, 17.925833333333333 ], [ 73.57083333333334, 17.925833333333333 ], [ 73.57083333333334, 17.925 ], [ 73.57, 17.925 ], [ 73.569166666666675, 17.925 ], [ 73.569166666666675, 17.923333333333332 ], [ 73.568333333333342, 17.923333333333332 ], [ 73.568333333333342, 17.9225 ], [ 73.5675, 17.9225 ], [ 73.5675, 17.921666666666667 ], [ 73.566666666666663, 17.921666666666667 ], [ 73.56583333333333, 17.921666666666667 ], [ 73.56583333333333, 17.920833333333334 ], [ 73.565, 17.920833333333334 ], [ 73.565, 17.919166666666666 ], [ 73.564166666666665, 17.919166666666666 ], [ 73.564166666666665, 17.915833333333332 ], [ 73.563333333333333, 17.915833333333332 ], [ 73.563333333333333, 17.915 ], [ 73.5625, 17.915 ], [ 73.5625, 17.914166666666667 ], [ 73.561666666666667, 17.914166666666667 ], [ 73.561666666666667, 17.913333333333334 ], [ 73.560833333333335, 17.913333333333334 ], [ 73.560833333333335, 17.9125 ], [ 73.56, 17.9125 ], [ 73.55916666666667, 17.9125 ], [ 73.55916666666667, 17.911666666666665 ], [ 73.558333333333337, 17.911666666666665 ], [ 73.558333333333337, 17.910833333333333 ], [ 73.5575, 17.910833333333333 ], [ 73.5575, 17.91 ], [ 73.556666666666672, 17.91 ], [ 73.555833333333339, 17.91 ], [ 73.555833333333339, 17.909166666666668 ], [ 73.555, 17.909166666666668 ], [ 73.555, 17.908333333333335 ], [ 73.554166666666674, 17.908333333333335 ], [ 73.554166666666674, 17.9075 ], [ 73.553333333333342, 17.9075 ], [ 73.553333333333342, 17.905 ], [ 73.554166666666674, 17.905 ], [ 73.554166666666674, 17.903333333333332 ], [ 73.555, 17.903333333333332 ], [ 73.555, 17.9025 ], [ 73.555833333333339, 17.9025 ], [ 73.555833333333339, 17.901666666666667 ], [ 73.556666666666672, 17.901666666666667 ], [ 73.556666666666672, 17.900833333333335 ], [ 73.5575, 17.900833333333335 ], [ 73.5575, 17.894166666666667 ], [ 73.556666666666672, 17.894166666666667 ], [ 73.555, 17.894166666666667 ], [ 73.555, 17.895 ], [ 73.554166666666674, 17.895 ], [ 73.554166666666674, 17.894166666666667 ], [ 73.553333333333342, 17.894166666666667 ], [ 73.551666666666677, 17.894166666666667 ], [ 73.551666666666677, 17.893333333333334 ], [ 73.55083333333333, 17.893333333333334 ], [ 73.545, 17.893333333333334 ], [ 73.545, 17.8925 ], [ 73.544166666666669, 17.8925 ], [ 73.543333333333337, 17.8925 ], [ 73.543333333333337, 17.891666666666666 ], [ 73.5425, 17.891666666666666 ], [ 73.5425, 17.890833333333333 ], [ 73.541666666666671, 17.890833333333333 ], [ 73.535, 17.890833333333333 ], [ 73.535, 17.89 ], [ 73.534166666666664, 17.89 ], [ 73.5325, 17.89 ], [ 73.5325, 17.889166666666668 ], [ 73.529166666666669, 17.889166666666668 ], [ 73.529166666666669, 17.89 ], [ 73.528333333333336, 17.89 ], [ 73.528333333333336, 17.8925 ], [ 73.5275, 17.8925 ], [ 73.5275, 17.893333333333334 ], [ 73.525, 17.893333333333334 ], [ 73.525, 17.894166666666667 ], [ 73.523333333333341, 17.894166666666667 ], [ 73.523333333333341, 17.893333333333334 ], [ 73.5225, 17.893333333333334 ], [ 73.521666666666675, 17.893333333333334 ], [ 73.521666666666675, 17.8925 ], [ 73.520833333333343, 17.8925 ], [ 73.52, 17.8925 ], [ 73.52, 17.883333333333333 ], [ 73.520833333333343, 17.883333333333333 ], [ 73.520833333333343, 17.881666666666668 ], [ 73.521666666666675, 17.881666666666668 ], [ 73.521666666666675, 17.879166666666666 ], [ 73.5225, 17.879166666666666 ], [ 73.5225, 17.878333333333334 ], [ 73.523333333333341, 17.878333333333334 ], [ 73.523333333333341, 17.8775 ], [ 73.5225, 17.8775 ], [ 73.5225, 17.875833333333333 ], [ 73.521666666666675, 17.875833333333333 ], [ 73.521666666666675, 17.874166666666667 ], [ 73.520833333333343, 17.874166666666667 ], [ 73.52, 17.874166666666667 ], [ 73.52, 17.873333333333335 ], [ 73.519166666666663, 17.873333333333335 ], [ 73.519166666666663, 17.8725 ], [ 73.518333333333331, 17.8725 ], [ 73.518333333333331, 17.87 ], [ 73.5175, 17.87 ], [ 73.5175, 17.86 ], [ 73.516666666666666, 17.86 ], [ 73.516666666666666, 17.859166666666667 ], [ 73.515833333333333, 17.859166666666667 ], [ 73.515833333333333, 17.858333333333334 ], [ 73.515, 17.858333333333334 ], [ 73.515, 17.856666666666666 ], [ 73.514166666666668, 17.856666666666666 ], [ 73.514166666666668, 17.855833333333333 ], [ 73.513333333333335, 17.855833333333333 ], [ 73.5125, 17.855833333333333 ], [ 73.5125, 17.854166666666668 ], [ 73.51166666666667, 17.854166666666668 ], [ 73.51166666666667, 17.8525 ], [ 73.510833333333338, 17.8525 ], [ 73.50833333333334, 17.8525 ], [ 73.50833333333334, 17.851666666666667 ], [ 73.5075, 17.851666666666667 ], [ 73.506666666666675, 17.851666666666667 ], [ 73.506666666666675, 17.850833333333334 ], [ 73.505833333333342, 17.850833333333334 ], [ 73.505833333333342, 17.85 ], [ 73.50333333333333, 17.85 ], [ 73.50333333333333, 17.850833333333334 ], [ 73.4975, 17.850833333333334 ], [ 73.4975, 17.8525 ], [ 73.49666666666667, 17.8525 ], [ 73.49666666666667, 17.853333333333332 ], [ 73.495833333333337, 17.853333333333332 ], [ 73.495833333333337, 17.856666666666666 ], [ 73.495, 17.856666666666666 ], [ 73.495, 17.858333333333334 ], [ 73.494166666666672, 17.858333333333334 ], [ 73.494166666666672, 17.86 ], [ 73.493333333333339, 17.86 ], [ 73.493333333333339, 17.860833333333332 ], [ 73.4925, 17.860833333333332 ], [ 73.4925, 17.8625 ], [ 73.491666666666674, 17.8625 ], [ 73.491666666666674, 17.864166666666666 ], [ 73.490833333333342, 17.864166666666666 ], [ 73.490833333333342, 17.865 ], [ 73.49, 17.865 ], [ 73.49, 17.866666666666667 ], [ 73.4875, 17.866666666666667 ], [ 73.4875, 17.865833333333335 ], [ 73.486666666666665, 17.865833333333335 ], [ 73.485, 17.865833333333335 ], [ 73.485, 17.865 ], [ 73.483333333333334, 17.865 ], [ 73.483333333333334, 17.865833333333335 ], [ 73.481666666666669, 17.865833333333335 ], [ 73.481666666666669, 17.865 ], [ 73.471666666666664, 17.865 ], [ 73.471666666666664, 17.865833333333335 ], [ 73.470833333333331, 17.865833333333335 ], [ 73.470833333333331, 17.866666666666667 ], [ 73.4675, 17.866666666666667 ], [ 73.4675, 17.865833333333335 ], [ 73.466666666666669, 17.865833333333335 ], [ 73.465, 17.865833333333335 ], [ 73.465, 17.865 ], [ 73.463333333333338, 17.865 ], [ 73.463333333333338, 17.865833333333335 ], [ 73.460833333333341, 17.865833333333335 ], [ 73.460833333333341, 17.866666666666667 ], [ 73.46, 17.866666666666667 ], [ 73.46, 17.868333333333332 ], [ 73.459166666666675, 17.868333333333332 ], [ 73.459166666666675, 17.87 ], [ 73.458333333333343, 17.87 ], [ 73.458333333333343, 17.875 ], [ 73.4575, 17.875 ], [ 73.4575, 17.876666666666665 ], [ 73.456666666666663, 17.876666666666665 ], [ 73.456666666666663, 17.8775 ], [ 73.455833333333331, 17.8775 ], [ 73.455833333333331, 17.879166666666666 ], [ 73.4475, 17.879166666666666 ], [ 73.4475, 17.878333333333334 ], [ 73.446666666666673, 17.878333333333334 ], [ 73.446666666666673, 17.88 ], [ 73.44583333333334, 17.88 ], [ 73.44583333333334, 17.883333333333333 ], [ 73.445, 17.883333333333333 ], [ 73.445, 17.885 ], [ 73.444166666666675, 17.885 ], [ 73.444166666666675, 17.885833333333334 ], [ 73.445, 17.885833333333334 ], [ 73.445, 17.886666666666667 ], [ 73.44583333333334, 17.886666666666667 ], [ 73.44583333333334, 17.8875 ], [ 73.446666666666673, 17.8875 ], [ 73.4475, 17.8875 ], [ 73.4475, 17.890833333333333 ], [ 73.446666666666673, 17.890833333333333 ], [ 73.446666666666673, 17.8925 ], [ 73.44583333333334, 17.8925 ], [ 73.44583333333334, 17.895 ], [ 73.445, 17.895 ], [ 73.445, 17.896666666666668 ], [ 73.444166666666675, 17.896666666666668 ], [ 73.444166666666675, 17.8975 ], [ 73.441666666666663, 17.8975 ], [ 73.441666666666663, 17.898333333333333 ], [ 73.44083333333333, 17.898333333333333 ], [ 73.44083333333333, 17.899166666666666 ], [ 73.44, 17.899166666666666 ], [ 73.44, 17.900833333333335 ], [ 73.439166666666665, 17.900833333333335 ], [ 73.439166666666665, 17.901666666666667 ], [ 73.438333333333333, 17.901666666666667 ], [ 73.438333333333333, 17.9025 ], [ 73.436666666666667, 17.9025 ], [ 73.436666666666667, 17.903333333333332 ], [ 73.435833333333335, 17.903333333333332 ], [ 73.435833333333335, 17.904166666666665 ], [ 73.435, 17.904166666666665 ], [ 73.435, 17.905 ], [ 73.431666666666672, 17.905 ], [ 73.431666666666672, 17.905833333333334 ], [ 73.429166666666674, 17.905833333333334 ], [ 73.429166666666674, 17.906666666666666 ], [ 73.4275, 17.906666666666666 ], [ 73.4275, 17.9075 ], [ 73.426666666666677, 17.9075 ], [ 73.426666666666677, 17.908333333333335 ], [ 73.42583333333333, 17.908333333333335 ], [ 73.42583333333333, 17.911666666666665 ], [ 73.426666666666677, 17.911666666666665 ], [ 73.426666666666677, 17.913333333333334 ], [ 73.4275, 17.913333333333334 ], [ 73.4275, 17.915833333333332 ], [ 73.428333333333342, 17.915833333333332 ], [ 73.428333333333342, 17.916666666666668 ], [ 73.429166666666674, 17.916666666666668 ], [ 73.429166666666674, 17.918333333333333 ], [ 73.43, 17.918333333333333 ], [ 73.43, 17.92 ], [ 73.429166666666674, 17.92 ], [ 73.429166666666674, 17.928333333333335 ], [ 73.43, 17.928333333333335 ], [ 73.43, 17.929166666666667 ], [ 73.430833333333339, 17.929166666666667 ], [ 73.430833333333339, 17.930833333333332 ], [ 73.431666666666672, 17.930833333333332 ], [ 73.431666666666672, 17.931666666666668 ], [ 73.4325, 17.931666666666668 ], [ 73.4325, 17.933333333333334 ], [ 73.433333333333337, 17.933333333333334 ], [ 73.433333333333337, 17.934166666666666 ], [ 73.43416666666667, 17.934166666666666 ], [ 73.435, 17.934166666666666 ], [ 73.435, 17.935 ], [ 73.435833333333335, 17.935 ], [ 73.435833333333335, 17.935833333333335 ], [ 73.436666666666667, 17.935833333333335 ], [ 73.436666666666667, 17.936666666666667 ], [ 73.438333333333333, 17.936666666666667 ], [ 73.439166666666665, 17.936666666666667 ], [ 73.439166666666665, 17.9375 ], [ 73.44, 17.9375 ], [ 73.44, 17.939166666666665 ], [ 73.44083333333333, 17.939166666666665 ], [ 73.44083333333333, 17.94 ], [ 73.441666666666663, 17.94 ], [ 73.441666666666663, 17.941666666666666 ], [ 73.4425, 17.941666666666666 ], [ 73.4425, 17.943333333333335 ], [ 73.443333333333342, 17.943333333333335 ], [ 73.443333333333342, 17.945 ], [ 73.444166666666675, 17.945 ], [ 73.444166666666675, 17.946666666666665 ], [ 73.443333333333342, 17.946666666666665 ], [ 73.443333333333342, 17.9475 ], [ 73.444166666666675, 17.9475 ], [ 73.444166666666675, 17.948333333333334 ], [ 73.445, 17.948333333333334 ], [ 73.445, 17.958333333333332 ], [ 73.444166666666675, 17.958333333333332 ], [ 73.444166666666675, 17.959166666666668 ], [ 73.4425, 17.959166666666668 ], [ 73.4425, 17.96 ], [ 73.44083333333333, 17.96 ], [ 73.44083333333333, 17.960833333333333 ], [ 73.439166666666665, 17.960833333333333 ], [ 73.439166666666665, 17.961666666666666 ], [ 73.438333333333333, 17.961666666666666 ], [ 73.438333333333333, 17.9625 ], [ 73.435833333333335, 17.9625 ], [ 73.435833333333335, 17.966666666666665 ], [ 73.436666666666667, 17.966666666666665 ], [ 73.436666666666667, 17.973333333333333 ], [ 73.4375, 17.973333333333333 ], [ 73.4375, 17.975 ], [ 73.438333333333333, 17.975 ], [ 73.438333333333333, 17.9775 ], [ 73.4375, 17.9775 ], [ 73.4375, 17.978333333333332 ], [ 73.438333333333333, 17.978333333333332 ], [ 73.438333333333333, 17.98 ], [ 73.439166666666665, 17.98 ], [ 73.439166666666665, 17.984166666666667 ], [ 73.44, 17.984166666666667 ], [ 73.44, 17.989166666666666 ], [ 73.44083333333333, 17.989166666666666 ], [ 73.44083333333333, 17.99 ], [ 73.441666666666663, 17.99 ], [ 73.441666666666663, 17.991666666666667 ], [ 73.4425, 17.991666666666667 ], [ 73.4425, 17.993333333333332 ], [ 73.443333333333342, 17.993333333333332 ], [ 73.443333333333342, 17.9975 ], [ 73.4425, 17.9975 ], [ 73.4425, 17.998333333333335 ], [ 73.441666666666663, 17.998333333333335 ], [ 73.441666666666663, 17.999166666666667 ], [ 73.44083333333333, 17.999166666666667 ], [ 73.44083333333333, 18.0 ], [ 73.44, 18.0 ], [ 73.44, 18.000833333333333 ], [ 73.439166666666665, 18.000833333333333 ], [ 73.439166666666665, 18.0025 ], [ 73.4375, 18.0025 ], [ 73.4375, 18.003333333333334 ], [ 73.435833333333335, 18.003333333333334 ], [ 73.435833333333335, 18.004166666666666 ], [ 73.435, 18.004166666666666 ], [ 73.435, 18.005 ], [ 73.43416666666667, 18.005 ], [ 73.43416666666667, 18.010833333333334 ], [ 73.433333333333337, 18.010833333333334 ], [ 73.433333333333337, 18.0125 ], [ 73.4325, 18.0125 ], [ 73.4325, 18.015 ], [ 73.433333333333337, 18.015 ], [ 73.433333333333337, 18.015833333333333 ], [ 73.43416666666667, 18.015833333333333 ], [ 73.43416666666667, 18.0175 ], [ 73.435, 18.0175 ], [ 73.435, 18.019166666666667 ], [ 73.435833333333335, 18.019166666666667 ], [ 73.435833333333335, 18.020833333333332 ], [ 73.436666666666667, 18.020833333333332 ], [ 73.436666666666667, 18.021666666666668 ], [ 73.4375, 18.021666666666668 ], [ 73.4375, 18.0225 ], [ 73.438333333333333, 18.0225 ], [ 73.439166666666665, 18.0225 ], [ 73.439166666666665, 18.023333333333333 ], [ 73.44, 18.023333333333333 ], [ 73.44, 18.024166666666666 ], [ 73.44083333333333, 18.024166666666666 ], [ 73.441666666666663, 18.024166666666666 ], [ 73.441666666666663, 18.025 ], [ 73.4425, 18.025 ], [ 73.4425, 18.025833333333335 ], [ 73.443333333333342, 18.025833333333335 ], [ 73.444166666666675, 18.025833333333335 ], [ 73.444166666666675, 18.026666666666667 ], [ 73.445, 18.026666666666667 ], [ 73.44583333333334, 18.026666666666667 ], [ 73.44583333333334, 18.0275 ], [ 73.446666666666673, 18.0275 ], [ 73.446666666666673, 18.034166666666668 ], [ 73.4475, 18.034166666666668 ], [ 73.4475, 18.035 ], [ 73.448333333333338, 18.035 ], [ 73.448333333333338, 18.036666666666665 ], [ 73.44916666666667, 18.036666666666665 ], [ 73.44916666666667, 18.039166666666667 ], [ 73.45, 18.039166666666667 ], [ 73.45, 18.040833333333332 ], [ 73.44916666666667, 18.040833333333332 ], [ 73.44916666666667, 18.0425 ], [ 73.448333333333338, 18.0425 ], [ 73.448333333333338, 18.043333333333333 ], [ 73.4475, 18.043333333333333 ], [ 73.4475, 18.045833333333334 ], [ 73.448333333333338, 18.045833333333334 ], [ 73.448333333333338, 18.048333333333332 ], [ 73.44916666666667, 18.048333333333332 ], [ 73.44916666666667, 18.0525 ], [ 73.45, 18.0525 ], [ 73.45, 18.055833333333332 ], [ 73.44916666666667, 18.055833333333332 ], [ 73.44916666666667, 18.056666666666668 ], [ 73.448333333333338, 18.056666666666668 ], [ 73.448333333333338, 18.0575 ], [ 73.4475, 18.0575 ], [ 73.4475, 18.058333333333334 ], [ 73.448333333333338, 18.058333333333334 ], [ 73.448333333333338, 18.063333333333333 ], [ 73.44916666666667, 18.063333333333333 ], [ 73.44916666666667, 18.064166666666665 ], [ 73.45, 18.064166666666665 ], [ 73.45, 18.065 ], [ 73.450833333333335, 18.065 ], [ 73.451666666666668, 18.065 ], [ 73.451666666666668, 18.065833333333334 ], [ 73.4525, 18.065833333333334 ], [ 73.453333333333333, 18.065833333333334 ], [ 73.453333333333333, 18.066666666666666 ], [ 73.455833333333331, 18.066666666666666 ], [ 73.456666666666663, 18.066666666666666 ], [ 73.456666666666663, 18.0675 ], [ 73.4575, 18.0675 ], [ 73.458333333333343, 18.0675 ], [ 73.458333333333343, 18.068333333333335 ], [ 73.459166666666675, 18.068333333333335 ], [ 73.459166666666675, 18.069166666666668 ], [ 73.46, 18.069166666666668 ], [ 73.46, 18.070833333333333 ], [ 73.460833333333341, 18.070833333333333 ], [ 73.460833333333341, 18.071666666666665 ], [ 73.461666666666673, 18.071666666666665 ], [ 73.461666666666673, 18.0725 ], [ 73.4625, 18.0725 ], [ 73.4625, 18.073333333333334 ], [ 73.463333333333338, 18.073333333333334 ], [ 73.463333333333338, 18.074166666666667 ], [ 73.464166666666671, 18.074166666666667 ], [ 73.464166666666671, 18.075 ], [ 73.465, 18.075 ], [ 73.465833333333336, 18.075 ], [ 73.465833333333336, 18.075833333333332 ], [ 73.466666666666669, 18.075833333333332 ], [ 73.466666666666669, 18.076666666666668 ], [ 73.4675, 18.076666666666668 ], [ 73.4675, 18.0775 ], [ 73.466666666666669, 18.0775 ], [ 73.466666666666669, 18.078333333333333 ], [ 73.4675, 18.078333333333333 ], [ 73.4675, 18.08 ], [ 73.466666666666669, 18.08 ], [ 73.466666666666669, 18.080833333333334 ], [ 73.465833333333336, 18.080833333333334 ], [ 73.465833333333336, 18.081666666666667 ], [ 73.464166666666671, 18.081666666666667 ], [ 73.464166666666671, 18.083333333333332 ], [ 73.460833333333341, 18.083333333333332 ], [ 73.460833333333341, 18.086666666666666 ], [ 73.461666666666673, 18.086666666666666 ], [ 73.4625, 18.086666666666666 ], [ 73.4625, 18.088333333333335 ], [ 73.461666666666673, 18.088333333333335 ], [ 73.461666666666673, 18.089166666666667 ], [ 73.4625, 18.089166666666667 ], [ 73.4625, 18.090833333333332 ], [ 73.461666666666673, 18.090833333333332 ], [ 73.461666666666673, 18.091666666666665 ], [ 73.4625, 18.091666666666665 ], [ 73.4625, 18.093333333333334 ], [ 73.461666666666673, 18.093333333333334 ], [ 73.461666666666673, 18.094166666666666 ], [ 73.463333333333338, 18.094166666666666 ], [ 73.464166666666671, 18.094166666666666 ], [ 73.464166666666671, 18.095 ], [ 73.465, 18.095 ], [ 73.465833333333336, 18.095 ], [ 73.465833333333336, 18.098333333333333 ], [ 73.465, 18.098333333333333 ], [ 73.465, 18.1 ], [ 73.464166666666671, 18.1 ], [ 73.464166666666671, 18.101666666666667 ], [ 73.465, 18.101666666666667 ], [ 73.465, 18.1025 ], [ 73.464166666666671, 18.1025 ], [ 73.464166666666671, 18.104166666666668 ], [ 73.465, 18.104166666666668 ], [ 73.465, 18.105833333333333 ], [ 73.464166666666671, 18.105833333333333 ], [ 73.464166666666671, 18.108333333333334 ], [ 73.4625, 18.108333333333334 ], [ 73.4625, 18.109166666666667 ], [ 73.46, 18.109166666666667 ], [ 73.46, 18.11 ], [ 73.459166666666675, 18.11 ], [ 73.459166666666675, 18.110833333333332 ], [ 73.458333333333343, 18.110833333333332 ], [ 73.458333333333343, 18.111666666666668 ], [ 73.4575, 18.111666666666668 ], [ 73.4575, 18.12 ], [ 73.458333333333343, 18.12 ], [ 73.458333333333343, 18.121666666666666 ], [ 73.4575, 18.121666666666666 ], [ 73.4575, 18.123333333333335 ], [ 73.456666666666663, 18.123333333333335 ], [ 73.456666666666663, 18.125 ], [ 73.455833333333331, 18.125 ], [ 73.455833333333331, 18.126666666666665 ], [ 73.455, 18.126666666666665 ], [ 73.455, 18.128333333333334 ], [ 73.454166666666666, 18.128333333333334 ], [ 73.454166666666666, 18.129166666666666 ], [ 73.453333333333333, 18.129166666666666 ], [ 73.453333333333333, 18.13 ], [ 73.4525, 18.13 ], [ 73.4525, 18.131666666666668 ], [ 73.453333333333333, 18.131666666666668 ], [ 73.453333333333333, 18.1325 ], [ 73.454166666666666, 18.1325 ], [ 73.454166666666666, 18.135 ], [ 73.455, 18.135 ], [ 73.455, 18.135833333333334 ], [ 73.455833333333331, 18.135833333333334 ], [ 73.455833333333331, 18.1375 ], [ 73.456666666666663, 18.1375 ], [ 73.456666666666663, 18.138333333333332 ], [ 73.4575, 18.138333333333332 ], [ 73.4575, 18.14 ], [ 73.458333333333343, 18.14 ], [ 73.458333333333343, 18.141666666666666 ], [ 73.459166666666675, 18.141666666666666 ], [ 73.459166666666675, 18.1425 ], [ 73.46, 18.1425 ], [ 73.46, 18.143333333333334 ], [ 73.459166666666675, 18.143333333333334 ], [ 73.459166666666675, 18.15 ], [ 73.458333333333343, 18.15 ], [ 73.458333333333343, 18.150833333333335 ], [ 73.4575, 18.150833333333335 ], [ 73.4575, 18.1525 ], [ 73.458333333333343, 18.1525 ], [ 73.458333333333343, 18.158333333333335 ], [ 73.4575, 18.158333333333335 ], [ 73.4575, 18.16 ], [ 73.456666666666663, 18.16 ], [ 73.456666666666663, 18.161666666666665 ], [ 73.455833333333331, 18.161666666666665 ], [ 73.455833333333331, 18.165833333333332 ], [ 73.456666666666663, 18.165833333333332 ], [ 73.456666666666663, 18.166666666666668 ], [ 73.4575, 18.166666666666668 ], [ 73.4575, 18.1675 ], [ 73.458333333333343, 18.1675 ], [ 73.458333333333343, 18.169166666666666 ], [ 73.459166666666675, 18.169166666666666 ], [ 73.459166666666675, 18.1725 ], [ 73.46, 18.1725 ], [ 73.46, 18.175833333333333 ], [ 73.460833333333341, 18.175833333333333 ], [ 73.460833333333341, 18.176666666666666 ], [ 73.461666666666673, 18.176666666666666 ], [ 73.461666666666673, 18.1775 ], [ 73.4625, 18.1775 ], [ 73.4625, 18.179166666666667 ], [ 73.463333333333338, 18.179166666666667 ], [ 73.463333333333338, 18.18 ], [ 73.464166666666671, 18.18 ], [ 73.464166666666671, 18.181666666666668 ], [ 73.463333333333338, 18.181666666666668 ], [ 73.463333333333338, 18.183333333333334 ], [ 73.461666666666673, 18.183333333333334 ], [ 73.461666666666673, 18.184166666666666 ], [ 73.459166666666675, 18.184166666666666 ], [ 73.459166666666675, 18.185 ], [ 73.458333333333343, 18.185 ], [ 73.458333333333343, 18.184166666666666 ], [ 73.4575, 18.184166666666666 ], [ 73.4575, 18.185 ], [ 73.456666666666663, 18.185 ], [ 73.456666666666663, 18.185833333333335 ], [ 73.455833333333331, 18.185833333333335 ], [ 73.455833333333331, 18.186666666666667 ], [ 73.455, 18.186666666666667 ], [ 73.455, 18.1875 ], [ 73.454166666666666, 18.1875 ], [ 73.454166666666666, 18.19 ], [ 73.453333333333333, 18.19 ], [ 73.453333333333333, 18.193333333333335 ], [ 73.450833333333335, 18.193333333333335 ], [ 73.450833333333335, 18.194166666666668 ], [ 73.44916666666667, 18.194166666666668 ], [ 73.44916666666667, 18.195833333333333 ], [ 73.448333333333338, 18.195833333333333 ], [ 73.448333333333338, 18.196666666666665 ], [ 73.4475, 18.196666666666665 ], [ 73.4475, 18.1975 ], [ 73.446666666666673, 18.1975 ], [ 73.446666666666673, 18.198333333333334 ], [ 73.44583333333334, 18.198333333333334 ], [ 73.44583333333334, 18.199166666666667 ], [ 73.444166666666675, 18.199166666666667 ], [ 73.444166666666675, 18.203333333333333 ], [ 73.445, 18.203333333333333 ], [ 73.445, 18.205 ], [ 73.443333333333342, 18.205 ], [ 73.443333333333342, 18.205833333333334 ], [ 73.441666666666663, 18.205833333333334 ], [ 73.441666666666663, 18.206666666666667 ], [ 73.44, 18.206666666666667 ], [ 73.44, 18.2075 ], [ 73.439166666666665, 18.2075 ], [ 73.439166666666665, 18.208333333333332 ], [ 73.438333333333333, 18.208333333333332 ], [ 73.438333333333333, 18.209166666666668 ], [ 73.4375, 18.209166666666668 ], [ 73.4375, 18.210833333333333 ], [ 73.438333333333333, 18.210833333333333 ], [ 73.438333333333333, 18.2125 ], [ 73.439166666666665, 18.2125 ], [ 73.439166666666665, 18.213333333333335 ], [ 73.44, 18.213333333333335 ], [ 73.44, 18.215 ], [ 73.44083333333333, 18.215 ], [ 73.44083333333333, 18.215833333333332 ], [ 73.441666666666663, 18.215833333333332 ], [ 73.441666666666663, 18.2175 ], [ 73.4425, 18.2175 ], [ 73.4425, 18.218333333333334 ], [ 73.443333333333342, 18.218333333333334 ], [ 73.444166666666675, 18.218333333333334 ], [ 73.444166666666675, 18.219166666666666 ], [ 73.445, 18.219166666666666 ], [ 73.445, 18.22 ], [ 73.44583333333334, 18.22 ], [ 73.446666666666673, 18.22 ], [ 73.446666666666673, 18.2225 ], [ 73.44583333333334, 18.2225 ], [ 73.44583333333334, 18.223333333333333 ], [ 73.445, 18.223333333333333 ], [ 73.445, 18.224166666666665 ], [ 73.444166666666675, 18.224166666666665 ], [ 73.444166666666675, 18.225 ], [ 73.443333333333342, 18.225 ], [ 73.443333333333342, 18.226666666666667 ], [ 73.4425, 18.226666666666667 ], [ 73.4425, 18.229166666666668 ], [ 73.441666666666663, 18.229166666666668 ], [ 73.441666666666663, 18.2325 ], [ 73.44083333333333, 18.2325 ], [ 73.44083333333333, 18.233333333333334 ], [ 73.438333333333333, 18.233333333333334 ], [ 73.438333333333333, 18.234166666666667 ], [ 73.436666666666667, 18.234166666666667 ], [ 73.436666666666667, 18.235 ], [ 73.435833333333335, 18.235 ], [ 73.435833333333335, 18.234166666666667 ], [ 73.430833333333339, 18.234166666666667 ], [ 73.430833333333339, 18.235 ], [ 73.43, 18.235 ], [ 73.43, 18.235833333333332 ], [ 73.428333333333342, 18.235833333333332 ], [ 73.428333333333342, 18.236666666666668 ], [ 73.4275, 18.236666666666668 ], [ 73.4275, 18.2375 ], [ 73.42583333333333, 18.2375 ], [ 73.42583333333333, 18.238333333333333 ], [ 73.425, 18.238333333333333 ], [ 73.425, 18.239166666666666 ], [ 73.424166666666665, 18.239166666666666 ], [ 73.424166666666665, 18.24 ], [ 73.4225, 18.24 ], [ 73.4225, 18.240833333333335 ], [ 73.421666666666667, 18.240833333333335 ], [ 73.421666666666667, 18.2425 ], [ 73.420833333333334, 18.2425 ], [ 73.420833333333334, 18.246666666666666 ], [ 73.421666666666667, 18.246666666666666 ], [ 73.421666666666667, 18.248333333333335 ], [ 73.420833333333334, 18.248333333333335 ], [ 73.420833333333334, 18.251666666666665 ], [ 73.42, 18.251666666666665 ], [ 73.42, 18.253333333333334 ], [ 73.419166666666669, 18.253333333333334 ], [ 73.419166666666669, 18.258333333333333 ], [ 73.418333333333337, 18.258333333333333 ], [ 73.418333333333337, 18.26 ], [ 73.4175, 18.26 ], [ 73.4175, 18.260833333333334 ], [ 73.416666666666671, 18.260833333333334 ], [ 73.416666666666671, 18.2625 ], [ 73.415833333333339, 18.2625 ], [ 73.415833333333339, 18.263333333333332 ], [ 73.415, 18.263333333333332 ], [ 73.415, 18.265 ], [ 73.414166666666674, 18.265 ], [ 73.414166666666674, 18.265833333333333 ], [ 73.413333333333341, 18.265833333333333 ], [ 73.413333333333341, 18.266666666666666 ], [ 73.4125, 18.266666666666666 ], [ 73.4125, 18.2675 ], [ 73.410833333333343, 18.2675 ], [ 73.410833333333343, 18.268333333333334 ], [ 73.409166666666664, 18.268333333333334 ], [ 73.409166666666664, 18.269166666666667 ], [ 73.408333333333331, 18.269166666666667 ], [ 73.408333333333331, 18.27 ], [ 73.406666666666666, 18.27 ], [ 73.406666666666666, 18.270833333333332 ], [ 73.405833333333334, 18.270833333333332 ], [ 73.405833333333334, 18.271666666666668 ], [ 73.404166666666669, 18.271666666666668 ], [ 73.404166666666669, 18.2725 ], [ 73.4025, 18.2725 ], [ 73.4025, 18.273333333333333 ], [ 73.401666666666671, 18.273333333333333 ], [ 73.401666666666671, 18.274166666666666 ], [ 73.394166666666663, 18.274166666666666 ], [ 73.394166666666663, 18.273333333333333 ], [ 73.393333333333331, 18.273333333333333 ], [ 73.393333333333331, 18.271666666666668 ], [ 73.3925, 18.271666666666668 ], [ 73.3925, 18.270833333333332 ], [ 73.391666666666666, 18.270833333333332 ], [ 73.390833333333333, 18.270833333333332 ], [ 73.390833333333333, 18.27 ], [ 73.39, 18.27 ], [ 73.39, 18.268333333333334 ], [ 73.389166666666668, 18.268333333333334 ], [ 73.389166666666668, 18.2675 ], [ 73.388333333333335, 18.2675 ], [ 73.3875, 18.2675 ], [ 73.3875, 18.266666666666666 ], [ 73.385, 18.266666666666666 ], [ 73.385, 18.2675 ], [ 73.384166666666673, 18.2675 ], [ 73.384166666666673, 18.268333333333334 ], [ 73.38333333333334, 18.268333333333334 ], [ 73.38333333333334, 18.269166666666667 ], [ 73.3825, 18.269166666666667 ], [ 73.3825, 18.27 ], [ 73.380833333333342, 18.27 ], [ 73.380833333333342, 18.270833333333332 ], [ 73.38, 18.270833333333332 ], [ 73.38, 18.271666666666668 ], [ 73.379166666666663, 18.271666666666668 ], [ 73.379166666666663, 18.2725 ], [ 73.37833333333333, 18.2725 ], [ 73.37833333333333, 18.273333333333333 ], [ 73.3775, 18.273333333333333 ], [ 73.3775, 18.274166666666666 ], [ 73.375833333333333, 18.274166666666666 ], [ 73.375833333333333, 18.275 ], [ 73.374166666666667, 18.275 ], [ 73.374166666666667, 18.275833333333335 ], [ 73.373333333333335, 18.275833333333335 ], [ 73.373333333333335, 18.276666666666667 ], [ 73.374166666666667, 18.276666666666667 ], [ 73.374166666666667, 18.278333333333332 ], [ 73.375, 18.278333333333332 ], [ 73.375, 18.280833333333334 ], [ 73.374166666666667, 18.280833333333334 ], [ 73.374166666666667, 18.281666666666666 ], [ 73.373333333333335, 18.281666666666666 ], [ 73.373333333333335, 18.286666666666665 ], [ 73.3725, 18.286666666666665 ], [ 73.3725, 18.2875 ], [ 73.37166666666667, 18.2875 ], [ 73.37166666666667, 18.29 ], [ 73.3725, 18.29 ], [ 73.3725, 18.290833333333332 ], [ 73.373333333333335, 18.290833333333332 ], [ 73.373333333333335, 18.291666666666668 ], [ 73.374166666666667, 18.291666666666668 ], [ 73.374166666666667, 18.293333333333333 ], [ 73.375, 18.293333333333333 ], [ 73.375, 18.294166666666666 ], [ 73.375833333333333, 18.294166666666666 ], [ 73.375833333333333, 18.295 ], [ 73.3775, 18.295 ], [ 73.37833333333333, 18.295 ], [ 73.37833333333333, 18.295833333333334 ], [ 73.38, 18.295833333333334 ], [ 73.380833333333342, 18.295833333333334 ], [ 73.380833333333342, 18.296666666666667 ], [ 73.381666666666675, 18.296666666666667 ], [ 73.3825, 18.296666666666667 ], [ 73.3825, 18.2975 ], [ 73.38333333333334, 18.2975 ], [ 73.384166666666673, 18.2975 ], [ 73.384166666666673, 18.298333333333332 ], [ 73.385, 18.298333333333332 ], [ 73.385, 18.299166666666668 ], [ 73.385833333333338, 18.299166666666668 ], [ 73.385833333333338, 18.306666666666668 ], [ 73.38666666666667, 18.306666666666668 ], [ 73.38666666666667, 18.3075 ], [ 73.389166666666668, 18.3075 ], [ 73.39, 18.3075 ], [ 73.39, 18.309166666666666 ], [ 73.390833333333333, 18.309166666666666 ], [ 73.390833333333333, 18.31 ], [ 73.391666666666666, 18.31 ], [ 73.391666666666666, 18.310833333333335 ], [ 73.3925, 18.310833333333335 ], [ 73.393333333333331, 18.310833333333335 ], [ 73.393333333333331, 18.311666666666667 ], [ 73.395833333333343, 18.311666666666667 ], [ 73.396666666666675, 18.311666666666667 ], [ 73.396666666666675, 18.3125 ], [ 73.3975, 18.3125 ], [ 73.398333333333341, 18.3125 ], [ 73.398333333333341, 18.313333333333333 ], [ 73.399166666666673, 18.313333333333333 ], [ 73.4, 18.313333333333333 ], [ 73.4, 18.314166666666665 ], [ 73.400833333333338, 18.314166666666665 ], [ 73.400833333333338, 18.315 ], [ 73.401666666666671, 18.315 ], [ 73.4025, 18.315 ], [ 73.4025, 18.315833333333334 ], [ 73.403333333333336, 18.315833333333334 ], [ 73.403333333333336, 18.318333333333335 ], [ 73.404166666666669, 18.318333333333335 ], [ 73.404166666666669, 18.319166666666668 ], [ 73.405, 18.319166666666668 ], [ 73.405833333333334, 18.319166666666668 ], [ 73.405833333333334, 18.32 ], [ 73.406666666666666, 18.32 ], [ 73.406666666666666, 18.319166666666668 ], [ 73.4075, 18.319166666666668 ], [ 73.4075, 18.321666666666665 ], [ 73.408333333333331, 18.321666666666665 ], [ 73.408333333333331, 18.323333333333334 ], [ 73.411666666666676, 18.323333333333334 ], [ 73.4125, 18.323333333333334 ], [ 73.4125, 18.324166666666667 ], [ 73.413333333333341, 18.324166666666667 ], [ 73.414166666666674, 18.324166666666667 ], [ 73.414166666666674, 18.325833333333332 ], [ 73.415, 18.325833333333332 ], [ 73.415, 18.326666666666668 ], [ 73.416666666666671, 18.326666666666668 ], [ 73.4175, 18.326666666666668 ], [ 73.4175, 18.3275 ], [ 73.418333333333337, 18.3275 ], [ 73.418333333333337, 18.328333333333333 ], [ 73.419166666666669, 18.328333333333333 ], [ 73.42, 18.328333333333333 ], [ 73.42, 18.329166666666666 ], [ 73.421666666666667, 18.329166666666666 ], [ 73.421666666666667, 18.328333333333333 ], [ 73.4225, 18.328333333333333 ], [ 73.4225, 18.329166666666666 ], [ 73.423333333333332, 18.329166666666666 ], [ 73.424166666666665, 18.329166666666666 ], [ 73.424166666666665, 18.33 ], [ 73.425, 18.33 ], [ 73.425, 18.329166666666666 ], [ 73.426666666666677, 18.329166666666666 ], [ 73.426666666666677, 18.33 ], [ 73.4275, 18.33 ], [ 73.4275, 18.3325 ], [ 73.428333333333342, 18.3325 ], [ 73.428333333333342, 18.333333333333332 ], [ 73.429166666666674, 18.333333333333332 ], [ 73.429166666666674, 18.335 ], [ 73.43, 18.335 ], [ 73.43, 18.335833333333333 ] ] ] } },
{ "type": "Feature", "properties": { "LABEL": 1.0, "GaugeID": "612", "_source_id": "612", "Id": null, "gridcode": null, "area": null, "OBJECTID": null, "Shape_Leng": null, "Shape_Area": null, "SS": null, "is_duplicate_geometry": false }, "geometry": { "type": "Polygon", "coordinates": [ [ [ 73.9, 19.408333333333331 ], [ 73.933333333333323, 19.408333333333331 ], [ 73.933333333333323, 19.391666666666666 ], [ 73.941666666666663, 19.391666666666666 ], [ 73.941666666666663, 19.383333333333333 ], [ 73.975, 19.383333333333333 ], [ 73.975, 19.375 ], [ 73.99166666666666, 19.375 ], [ 73.99166666666666, 19.366666666666664 ], [ 74.016666666666666, 19.366666666666664 ], [ 74.016666666666666, 19.316666666666666 ], [ 74.025, 19.316666666666666 ], [ 74.025, 19.30833333333333 ], [ 74.033333333333331, 19.30833333333333 ], [ 74.033333333333331, 19.291666666666664 ], [ 74.041666666666657, 19.291666666666664 ], [ 74.041666666666657, 19.275 ], [ 74.05, 19.275 ], [ 74.05, 19.266666666666666 ], [ 74.058333333333323, 19.266666666666666 ], [ 74.058333333333323, 19.25 ], [ 74.066666666666663, 19.25 ], [ 74.066666666666663, 19.241666666666664 ], [ 74.091666666666654, 19.241666666666664 ], [ 74.091666666666654, 19.233333333333331 ], [ 74.108333333333334, 19.233333333333331 ], [ 74.108333333333334, 19.225 ], [ 74.11666666666666, 19.225 ], [ 74.11666666666666, 19.216666666666665 ], [ 74.133333333333326, 19.216666666666665 ], [ 74.133333333333326, 19.225 ], [ 74.15, 19.225 ], [ 74.15, 19.208333333333332 ], [ 74.158333333333331, 19.208333333333332 ], [ 74.158333333333331, 19.2 ], [ 74.183333333333323, 19.2 ], [ 74.183333333333323, 19.18333333333333 ], [ 74.191666666666663, 19.18333333333333 ], [ 74.191666666666663, 19.175 ], [ 74.208333333333329, 19.175 ], [ 74.208333333333329, 19.166666666666664 ], [ 74.216666666666654, 19.166666666666664 ], [ 74.216666666666654, 19.15 ], [ 74.225, 19.15 ], [ 74.225, 19.141666666666666 ], [ 74.233333333333334, 19.141666666666666 ], [ 74.233333333333334, 19.133333333333333 ], [ 74.258333333333326, 19.133333333333333 ], [ 74.258333333333326, 19.125 ], [ 74.275, 19.125 ], [ 74.275, 19.116666666666664 ], [ 74.308333333333323, 19.116666666666664 ], [ 74.308333333333323, 19.108333333333331 ], [ 74.358333333333334, 19.108333333333331 ], [ 74.358333333333334, 19.1 ], [ 74.36666666666666, 19.1 ], [ 74.36666666666666, 19.091666666666665 ], [ 74.375, 19.091666666666665 ], [ 74.375, 19.083333333333332 ], [ 74.416666666666657, 19.083333333333332 ], [ 74.416666666666657, 19.05833333333333 ], [ 74.425, 19.05833333333333 ], [ 74.425, 19.05 ], [ 74.458333333333329, 19.05 ], [ 74.458333333333329, 19.041666666666664 ], [ 74.49166666666666, 19.041666666666664 ], [ 74.49166666666666, 19.033333333333331 ], [ 74.516666666666666, 19.033333333333331 ], [ 74.516666666666666, 19.025 ], [ 74.533333333333331, 19.025 ], [ 74.533333333333331, 19.016666666666666 ], [ 74.541666666666657, 19.016666666666666 ], [ 74.541666666666657, 19.0 ], [ 74.566666666666663, 19.0 ], [ 74.566666666666663, 18.991666666666664 ], [ 74.575, 18.991666666666664 ], [ 74.575, 18.983333333333331 ], [ 74.583333333333329, 18.983333333333331 ], [ 74.583333333333329, 18.975 ], [ 74.608333333333334, 18.975 ], [ 74.608333333333334, 18.93333333333333 ], [ 74.625, 18.93333333333333 ], [ 74.625, 18.925 ], [ 74.633333333333326, 18.925 ], [ 74.633333333333326, 18.916666666666664 ], [ 74.641666666666666, 18.916666666666664 ], [ 74.641666666666666, 18.908333333333331 ], [ 74.65, 18.908333333333331 ], [ 74.65, 18.9 ], [ 74.658333333333331, 18.9 ], [ 74.658333333333331, 18.891666666666666 ], [ 74.675, 18.891666666666666 ], [ 74.675, 18.875 ], [ 74.683333333333323, 18.875 ], [ 74.683333333333323, 18.858333333333331 ], [ 74.691666666666663, 18.858333333333331 ], [ 74.691666666666663, 18.85 ], [ 74.708333333333329, 18.85 ], [ 74.708333333333329, 18.833333333333332 ], [ 74.716666666666654, 18.833333333333332 ], [ 74.716666666666654, 18.80833333333333 ], [ 74.725, 18.80833333333333 ], [ 74.725, 18.8 ], [ 74.733333333333334, 18.8 ], [ 74.733333333333334, 18.791666666666664 ], [ 74.74166666666666, 18.791666666666664 ], [ 74.74166666666666, 18.783333333333331 ], [ 74.766666666666666, 18.783333333333331 ], [ 74.766666666666666, 18.775 ], [ 74.783333333333331, 18.775 ], [ 74.783333333333331, 18.766666666666666 ], [ 74.8, 18.766666666666666 ], [ 74.8, 18.758333333333333 ], [ 74.808333333333323, 18.758333333333333 ], [ 74.808333333333323, 18.75 ], [ 74.825, 18.75 ], [ 74.825, 18.741666666666664 ], [ 74.841666666666654, 18.741666666666664 ], [ 74.841666666666654, 18.733333333333331 ], [ 74.858333333333334, 18.733333333333331 ], [ 74.858333333333334, 18.725 ], [ 74.86666666666666, 18.725 ], [ 74.86666666666666, 18.708333333333332 ], [ 74.875, 18.708333333333332 ], [ 74.875, 18.7 ], [ 74.883333333333326, 18.7 ], [ 74.883333333333326, 18.691666666666666 ], [ 74.891666666666666, 18.691666666666666 ], [ 74.891666666666666, 18.68333333333333 ], [ 74.9, 18.68333333333333 ], [ 74.9, 18.675 ], [ 74.908333333333331, 18.675 ], [ 74.908333333333331, 18.666666666666664 ], [ 74.916666666666657, 18.666666666666664 ], [ 74.916666666666657, 18.658333333333331 ], [ 74.925, 18.658333333333331 ], [ 74.925, 18.65 ], [ 74.933333333333323, 18.65 ], [ 74.933333333333323, 18.641666666666666 ], [ 74.941666666666663, 18.641666666666666 ], [ 74.941666666666663, 18.625 ], [ 74.95, 18.625 ], [ 74.95, 18.616666666666664 ], [ 74.958333333333329, 18.616666666666664 ], [ 74.958333333333329, 18.583333333333332 ], [ 74.966666666666654, 18.583333333333332 ], [ 74.966666666666654, 18.55833333333333 ], [ 74.975, 18.55833333333333 ], [ 74.975, 18.55 ], [ 74.983333333333334, 18.55 ], [ 74.983333333333334, 18.541666666666664 ], [ 74.99166666666666, 18.541666666666664 ], [ 74.99166666666666, 18.533333333333331 ], [ 75.0, 18.533333333333331 ], [ 75.0, 18.525 ], [ 75.008333333333326, 18.525 ], [ 75.008333333333326, 18.5 ], [ 75.016666666666666, 18.5 ], [ 75.016666666666666, 18.491666666666664 ], [ 75.008333333333326, 18.491666666666664 ], [ 75.008333333333326, 18.475 ], [ 75.0, 18.475 ], [ 75.0, 18.466666666666665 ], [ 75.008333333333326, 18.466666666666665 ], [ 75.008333333333326, 18.45 ], [ 75.016666666666666, 18.45 ], [ 75.016666666666666, 18.441666666666666 ], [ 75.033333333333331, 18.441666666666666 ], [ 75.033333333333331, 18.43333333333333 ], [ 75.041666666666657, 18.43333333333333 ], [ 75.041666666666657, 18.425 ], [ 75.05, 18.425 ], [ 75.05, 18.416666666666664 ], [ 75.058333333333323, 18.416666666666664 ], [ 75.058333333333323, 18.425 ], [ 75.091666666666654, 18.425 ], [ 75.091666666666654, 18.416666666666664 ], [ 75.125, 18.416666666666664 ], [ 75.125, 18.408333333333331 ], [ 75.133333333333326, 18.408333333333331 ], [ 75.133333333333326, 18.4 ], [ 75.15, 18.4 ], [ 75.15, 18.375 ], [ 75.158333333333331, 18.375 ], [ 75.158333333333331, 18.358333333333331 ], [ 75.166666666666657, 18.358333333333331 ], [ 75.166666666666657, 18.35 ], [ 75.2, 18.35 ], [ 75.2, 18.333333333333332 ], [ 75.208333333333329, 18.333333333333332 ], [ 75.208333333333329, 18.325 ], [ 75.225, 18.325 ], [ 75.225, 18.30833333333333 ], [ 75.233333333333334, 18.30833333333333 ], [ 75.233333333333334, 18.258333333333333 ], [ 75.25, 18.258333333333333 ], [ 75.25, 18.241666666666664 ], [ 75.258333333333326, 18.241666666666664 ], [ 75.258333333333326, 18.225 ], [ 75.266666666666666, 18.225 ], [ 75.266666666666666, 18.2 ], [ 75.283333333333331, 18.2 ], [ 75.283333333333331, 18.191666666666666 ], [ 75.3, 18.191666666666666 ], [ 75.3, 18.175 ], [ 75.308333333333323, 18.175 ], [ 75.308333333333323, 18.166666666666664 ], [ 75.3, 18.166666666666664 ], [ 75.3, 18.158333333333331 ], [ 75.291666666666657, 18.158333333333331 ], [ 75.291666666666657, 18.141666666666666 ], [ 75.283333333333331, 18.141666666666666 ], [ 75.283333333333331, 18.116666666666664 ], [ 75.3, 18.116666666666664 ], [ 75.3, 18.108333333333331 ], [ 75.308333333333323, 18.108333333333331 ], [ 75.308333333333323, 18.091666666666665 ], [ 75.316666666666663, 18.091666666666665 ], [ 75.316666666666663, 18.083333333333332 ], [ 75.325, 18.083333333333332 ], [ 75.325, 18.066666666666666 ], [ 75.333333333333329, 18.066666666666666 ], [ 75.333333333333329, 18.041666666666664 ], [ 75.358333333333334, 18.041666666666664 ], [ 75.358333333333334, 18.008333333333333 ], [ 75.36666666666666, 18.008333333333333 ], [ 75.36666666666666, 18.0 ], [ 75.383333333333326, 18.0 ], [ 75.383333333333326, 17.991666666666664 ], [ 75.391666666666666, 17.991666666666664 ], [ 75.391666666666666, 17.983333333333331 ], [ 75.4, 17.983333333333331 ], [ 75.4, 17.975 ], [ 75.416666666666657, 17.975 ], [ 75.416666666666657, 17.966666666666665 ], [ 75.433333333333323, 17.966666666666665 ], [ 75.433333333333323, 17.958333333333332 ], [ 75.441666666666663, 17.958333333333332 ], [ 75.441666666666663, 17.941666666666666 ], [ 75.458333333333329, 17.941666666666666 ], [ 75.458333333333329, 17.925 ], [ 75.466666666666654, 17.925 ], [ 75.466666666666654, 17.908333333333331 ], [ 75.475, 17.908333333333331 ], [ 75.475, 17.883333333333333 ], [ 75.483333333333334, 17.883333333333333 ], [ 75.483333333333334, 17.875 ], [ 75.49166666666666, 17.875 ], [ 75.49166666666666, 17.858333333333331 ], [ 75.5, 17.858333333333331 ], [ 75.5, 17.85 ], [ 75.508333333333326, 17.85 ], [ 75.508333333333326, 17.841666666666665 ], [ 75.525, 17.841666666666665 ], [ 75.525, 17.833333333333332 ], [ 75.541666666666657, 17.833333333333332 ], [ 75.541666666666657, 17.791666666666664 ], [ 75.55, 17.791666666666664 ], [ 75.55, 17.783333333333331 ], [ 75.558333333333323, 17.783333333333331 ], [ 75.558333333333323, 17.775 ], [ 75.566666666666663, 17.775 ], [ 75.566666666666663, 17.766666666666666 ], [ 75.6, 17.766666666666666 ], [ 75.6, 17.758333333333333 ], [ 75.608333333333334, 17.758333333333333 ], [ 75.608333333333334, 17.75 ], [ 75.61666666666666, 17.75 ], [ 75.61666666666666, 17.7 ], [ 75.625, 17.7 ], [ 75.625, 17.65 ], [ 75.65, 17.65 ], [ 75.65, 17.641666666666666 ], [ 75.675, 17.641666666666666 ], [ 75.675, 17.633333333333333 ], [ 75.683333333333323, 17.633333333333333 ], [ 75.683333333333323, 17.625 ], [ 75.691666666666663, 17.625 ], [ 75.691666666666663, 17.591666666666665 ], [ 75.7, 17.591666666666665 ], [ 75.7, 17.583333333333332 ], [ 75.708333333333329, 17.583333333333332 ], [ 75.708333333333329, 17.575 ], [ 75.716666666666654, 17.575 ], [ 75.716666666666654, 17.566666666666666 ], [ 75.725, 17.566666666666666 ], [ 75.725, 17.55 ], [ 75.733333333333334, 17.55 ], [ 75.733333333333334, 17.541666666666664 ], [ 75.74166666666666, 17.541666666666664 ], [ 75.74166666666666, 17.525 ], [ 75.758333333333326, 17.525 ], [ 75.758333333333326, 17.516666666666666 ], [ 75.766666666666666, 17.516666666666666 ], [ 75.766666666666666, 17.508333333333333 ], [ 75.825, 17.508333333333333 ], [ 75.825, 17.5 ], [ 75.833333333333329, 17.5 ], [ 75.833333333333329, 17.491666666666664 ], [ 75.841666666666654, 17.491666666666664 ], [ 75.841666666666654, 17.483333333333331 ], [ 75.858333333333334, 17.483333333333331 ], [ 75.858333333333334, 17.466666666666665 ], [ 75.86666666666666, 17.466666666666665 ], [ 75.86666666666666, 17.45 ], [ 75.875, 17.45 ], [ 75.875, 17.441666666666666 ], [ 75.86666666666666, 17.441666666666666 ], [ 75.86666666666666, 17.43333333333333 ], [ 75.858333333333334, 17.43333333333333 ], [ 75.858333333333334, 17.425 ], [ 75.86666666666666, 17.425 ], [ 75.86666666666666, 17.391666666666666 ], [ 75.883333333333326, 17.391666666666666 ], [ 75.883333333333326, 17.375 ], [ 75.875, 17.375 ], [ 75.875, 17.366666666666664 ], [ 75.86666666666666, 17.366666666666664 ], [ 75.86666666666666, 17.35 ], [ 75.858333333333334, 17.35 ], [ 75.85, 17.35 ], [ 75.85, 17.341666666666665 ], [ 75.841666666666654, 17.341666666666665 ], [ 75.841666666666654, 17.333333333333332 ], [ 75.833333333333329, 17.333333333333332 ], [ 75.816666666666663, 17.333333333333332 ], [ 75.816666666666663, 17.325 ], [ 75.808333333333323, 17.325 ], [ 75.8, 17.325 ], [ 75.8, 17.316666666666663 ], [ 75.791666666666657, 17.316666666666663 ], [ 75.791666666666657, 17.30833333333333 ], [ 75.783333333333331, 17.30833333333333 ], [ 75.783333333333331, 17.3 ], [ 75.775, 17.3 ], [ 75.775, 17.291666666666664 ], [ 75.766666666666666, 17.291666666666664 ], [ 75.766666666666666, 17.275 ], [ 75.758333333333326, 17.275 ], [ 75.758333333333326, 17.25 ], [ 75.766666666666666, 17.25 ], [ 75.766666666666666, 17.241666666666664 ], [ 75.758333333333326, 17.241666666666664 ], [ 75.758333333333326, 17.225 ], [ 75.75, 17.225 ], [ 75.75, 17.216666666666665 ], [ 75.74166666666666, 17.216666666666665 ], [ 75.74166666666666, 17.191666666666663 ], [ 75.733333333333334, 17.191666666666663 ], [ 75.733333333333334, 17.18333333333333 ], [ 75.725, 17.18333333333333 ], [ 75.725, 17.166666666666664 ], [ 75.716666666666654, 17.166666666666664 ], [ 75.716666666666654, 17.116666666666664 ], [ 75.725, 17.116666666666664 ], [ 75.725, 17.083333333333332 ], [ 75.716666666666654, 17.083333333333332 ], [ 75.708333333333329, 17.083333333333332 ], [ 75.708333333333329, 17.075 ], [ 75.7, 17.075 ], [ 75.691666666666663, 17.075 ], [ 75.691666666666663, 17.05833333333333 ], [ 75.683333333333323, 17.05833333333333 ], [ 75.683333333333323, 17.025 ], [ 75.675, 17.025 ], [ 75.675, 17.008333333333333 ], [ 75.666666666666657, 17.008333333333333 ], [ 75.666666666666657, 16.975 ], [ 75.658333333333331, 16.975 ], [ 75.658333333333331, 16.966666666666665 ], [ 75.65, 16.966666666666665 ], [ 75.65, 16.958333333333332 ], [ 75.641666666666666, 16.958333333333332 ], [ 75.641666666666666, 16.95 ], [ 75.65, 16.95 ], [ 75.65, 16.941666666666663 ], [ 75.658333333333331, 16.941666666666663 ], [ 75.658333333333331, 16.916666666666664 ], [ 75.65, 16.916666666666664 ], [ 75.65, 16.908333333333331 ], [ 75.641666666666666, 16.908333333333331 ], [ 75.641666666666666, 16.891666666666666 ], [ 75.633333333333326, 16.891666666666666 ], [ 75.633333333333326, 16.883333333333333 ], [ 75.625, 16.883333333333333 ], [ 75.625, 16.858333333333331 ], [ 75.61666666666666, 16.858333333333331 ], [ 75.6, 16.858333333333331 ], [ 75.6, 16.866666666666664 ], [ 75.558333333333323, 16.866666666666664 ], [ 75.558333333333323, 16.858333333333331 ], [ 75.533333333333331, 16.858333333333331 ], [ 75.533333333333331, 16.866666666666664 ], [ 75.466666666666654, 16.866666666666664 ], [ 75.466666666666654, 16.875 ], [ 75.45, 16.875 ], [ 75.45, 16.883333333333333 ], [ 75.441666666666663, 16.883333333333333 ], [ 75.441666666666663, 16.891666666666666 ], [ 75.433333333333323, 16.891666666666666 ], [ 75.433333333333323, 16.9 ], [ 75.416666666666657, 16.9 ], [ 75.416666666666657, 16.908333333333331 ], [ 75.333333333333329, 16.908333333333331 ], [ 75.333333333333329, 16.916666666666664 ], [ 75.316666666666663, 16.916666666666664 ], [ 75.316666666666663, 16.925 ], [ 75.3, 16.925 ], [ 75.3, 16.93333333333333 ], [ 75.291666666666657, 16.93333333333333 ], [ 75.291666666666657, 16.95 ], [ 75.275, 16.95 ], [ 75.275, 16.958333333333332 ], [ 75.24166666666666, 16.958333333333332 ], [ 75.24166666666666, 16.975 ], [ 75.233333333333334, 16.975 ], [ 75.233333333333334, 16.983333333333331 ], [ 75.225, 16.983333333333331 ], [ 75.225, 16.991666666666664 ], [ 75.216666666666654, 16.991666666666664 ], [ 75.216666666666654, 17.0 ], [ 75.2, 17.0 ], [ 75.2, 17.008333333333333 ], [ 75.158333333333331, 17.008333333333333 ], [ 75.158333333333331, 17.016666666666666 ], [ 75.15, 17.016666666666666 ], [ 75.15, 17.025 ], [ 75.133333333333326, 17.025 ], [ 75.133333333333326, 17.033333333333331 ], [ 75.11666666666666, 17.033333333333331 ], [ 75.11666666666666, 17.041666666666664 ], [ 75.108333333333334, 17.041666666666664 ], [ 75.108333333333334, 17.05 ], [ 75.1, 17.05 ], [ 75.1, 17.066666666666663 ], [ 75.091666666666654, 17.066666666666663 ], [ 75.091666666666654, 17.075 ], [ 75.041666666666657, 17.075 ], [ 75.041666666666657, 17.083333333333332 ], [ 75.025, 17.083333333333332 ], [ 75.025, 17.1 ], [ 75.016666666666666, 17.1 ], [ 75.016666666666666, 17.108333333333331 ], [ 75.008333333333326, 17.108333333333331 ], [ 75.008333333333326, 17.1 ], [ 74.983333333333334, 17.1 ], [ 74.983333333333334, 17.108333333333331 ], [ 74.975, 17.108333333333331 ], [ 74.975, 17.116666666666664 ], [ 74.966666666666654, 17.116666666666664 ], [ 74.966666666666654, 17.125 ], [ 74.883333333333326, 17.125 ], [ 74.883333333333326, 17.133333333333333 ], [ 74.875, 17.133333333333333 ], [ 74.875, 17.141666666666666 ], [ 74.858333333333334, 17.141666666666666 ], [ 74.858333333333334, 17.133333333333333 ], [ 74.85, 17.133333333333333 ], [ 74.85, 17.141666666666666 ], [ 74.841666666666654, 17.141666666666666 ], [ 74.841666666666654, 17.166666666666664 ], [ 74.85, 17.166666666666664 ], [ 74.85, 17.2 ], [ 74.841666666666654, 17.2 ], [ 74.841666666666654, 17.208333333333332 ], [ 74.833333333333329, 17.208333333333332 ], [ 74.833333333333329, 17.216666666666665 ], [ 74.816666666666663, 17.216666666666665 ], [ 74.816666666666663, 17.225 ], [ 74.808333333333323, 17.225 ], [ 74.808333333333323, 17.233333333333331 ], [ 74.775, 17.233333333333331 ], [ 74.775, 17.241666666666664 ], [ 74.766666666666666, 17.241666666666664 ], [ 74.766666666666666, 17.266666666666666 ], [ 74.758333333333326, 17.266666666666666 ], [ 74.758333333333326, 17.283333333333331 ], [ 74.75, 17.283333333333331 ], [ 74.75, 17.30833333333333 ], [ 74.725, 17.30833333333333 ], [ 74.725, 17.316666666666663 ], [ 74.708333333333329, 17.316666666666663 ], [ 74.708333333333329, 17.333333333333332 ], [ 74.7, 17.333333333333332 ], [ 74.7, 17.35 ], [ 74.691666666666663, 17.35 ], [ 74.691666666666663, 17.366666666666664 ], [ 74.683333333333323, 17.366666666666664 ], [ 74.683333333333323, 17.383333333333333 ], [ 74.675, 17.383333333333333 ], [ 74.675, 17.391666666666666 ], [ 74.683333333333323, 17.391666666666666 ], [ 74.683333333333323, 17.416666666666664 ], [ 74.675, 17.416666666666664 ], [ 74.675, 17.43333333333333 ], [ 74.683333333333323, 17.43333333333333 ], [ 74.683333333333323, 17.441666666666666 ], [ 74.675, 17.441666666666666 ], [ 74.675, 17.475 ], [ 74.666666666666657, 17.475 ], [ 74.666666666666657, 17.491666666666664 ], [ 74.675, 17.491666666666664 ], [ 74.675, 17.5 ], [ 74.666666666666657, 17.5 ], [ 74.666666666666657, 17.508333333333333 ], [ 74.633333333333326, 17.508333333333333 ], [ 74.633333333333326, 17.516666666666666 ], [ 74.625, 17.516666666666666 ], [ 74.625, 17.525 ], [ 74.61666666666666, 17.525 ], [ 74.61666666666666, 17.541666666666664 ], [ 74.608333333333334, 17.541666666666664 ], [ 74.608333333333334, 17.55833333333333 ], [ 74.6, 17.55833333333333 ], [ 74.6, 17.575 ], [ 74.575, 17.575 ], [ 74.575, 17.6 ], [ 74.566666666666663, 17.6 ], [ 74.566666666666663, 17.608333333333331 ], [ 74.541666666666657, 17.608333333333331 ], [ 74.541666666666657, 17.616666666666664 ], [ 74.533333333333331, 17.616666666666664 ], [ 74.533333333333331, 17.625 ], [ 74.525, 17.625 ], [ 74.525, 17.65 ], [ 74.5, 17.65 ], [ 74.5, 17.658333333333331 ], [ 74.475, 17.658333333333331 ], [ 74.475, 17.666666666666664 ], [ 74.466666666666654, 17.666666666666664 ], [ 74.466666666666654, 17.675 ], [ 74.458333333333329, 17.675 ], [ 74.458333333333329, 17.708333333333332 ], [ 74.45, 17.708333333333332 ], [ 74.45, 17.725 ], [ 74.433333333333323, 17.725 ], [ 74.433333333333323, 17.733333333333331 ], [ 74.425, 17.733333333333331 ], [ 74.425, 17.741666666666664 ], [ 74.408333333333331, 17.741666666666664 ], [ 74.408333333333331, 17.75 ], [ 74.391666666666666, 17.75 ], [ 74.391666666666666, 17.775 ], [ 74.383333333333326, 17.775 ], [ 74.383333333333326, 17.8 ], [ 74.375, 17.8 ], [ 74.375, 17.80833333333333 ], [ 74.35, 17.80833333333333 ], [ 74.35, 17.816666666666666 ], [ 74.341666666666654, 17.816666666666666 ], [ 74.341666666666654, 17.825 ], [ 74.333333333333329, 17.825 ], [ 74.333333333333329, 17.833333333333332 ], [ 74.316666666666663, 17.833333333333332 ], [ 74.316666666666663, 17.841666666666665 ], [ 74.3, 17.841666666666665 ], [ 74.3, 17.85 ], [ 74.275, 17.85 ], [ 74.275, 17.875 ], [ 74.25, 17.875 ], [ 74.25, 17.883333333333333 ], [ 74.216666666666654, 17.883333333333333 ], [ 74.216666666666654, 17.875 ], [ 74.191666666666663, 17.875 ], [ 74.191666666666663, 17.891666666666666 ], [ 74.166666666666657, 17.891666666666666 ], [ 74.166666666666657, 17.883333333333333 ], [ 74.141666666666666, 17.883333333333333 ], [ 74.141666666666666, 17.9 ], [ 74.133333333333326, 17.9 ], [ 74.133333333333326, 17.916666666666664 ], [ 74.108333333333334, 17.916666666666664 ], [ 74.108333333333334, 17.925 ], [ 74.1, 17.925 ], [ 74.1, 17.958333333333332 ], [ 74.083333333333329, 17.958333333333332 ], [ 74.083333333333329, 17.983333333333331 ], [ 74.075, 17.983333333333331 ], [ 74.075, 17.991666666666664 ], [ 74.05, 17.991666666666664 ], [ 74.05, 18.0 ], [ 74.025, 18.0 ], [ 74.025, 18.008333333333333 ], [ 73.983333333333334, 18.008333333333333 ], [ 73.983333333333334, 18.016666666666666 ], [ 73.975, 18.016666666666666 ], [ 73.975, 18.025 ], [ 73.9, 18.025 ], [ 73.9, 18.033333333333331 ], [ 73.891666666666666, 18.033333333333331 ], [ 73.891666666666666, 18.025 ], [ 73.883333333333326, 18.025 ], [ 73.883333333333326, 18.033333333333331 ], [ 73.875, 18.033333333333331 ], [ 73.875, 18.041666666666664 ], [ 73.86666666666666, 18.041666666666664 ], [ 73.86666666666666, 18.033333333333331 ], [ 73.858333333333334, 18.033333333333331 ], [ 73.858333333333334, 18.025 ], [ 73.85, 18.025 ], [ 73.85, 18.033333333333331 ], [ 73.841666666666654, 18.033333333333331 ], [ 73.841666666666654, 18.025 ], [ 73.825, 18.025 ], [ 73.825, 18.033333333333331 ], [ 73.808333333333323, 18.033333333333331 ], [ 73.808333333333323, 18.025 ], [ 73.8, 18.025 ], [ 73.8, 18.016666666666666 ], [ 73.783333333333331, 18.016666666666666 ], [ 73.783333333333331, 18.025 ], [ 73.74166666666666, 18.025 ], [ 73.74166666666666, 18.033333333333331 ], [ 73.733333333333334, 18.033333333333331 ], [ 73.733333333333334, 18.041666666666664 ], [ 73.725, 18.041666666666664 ], [ 73.725, 18.05 ], [ 73.691666666666663, 18.05 ], [ 73.691666666666663, 18.041666666666664 ], [ 73.683333333333323, 18.041666666666664 ], [ 73.683333333333323, 18.033333333333331 ], [ 73.658333333333331, 18.033333333333331 ], [ 73.658333333333331, 18.041666666666664 ], [ 73.65, 18.041666666666664 ], [ 73.65, 18.05 ], [ 73.633333333333326, 18.05 ], [ 73.633333333333326, 18.05833333333333 ], [ 73.625, 18.05833333333333 ], [ 73.625, 18.091666666666665 ], [ 73.61666666666666, 18.091666666666665 ], [ 73.61666666666666, 18.1 ], [ 73.625, 18.1 ], [ 73.625, 18.108333333333331 ], [ 73.633333333333326, 18.108333333333331 ], [ 73.641666666666666, 18.108333333333331 ], [ 73.641666666666666, 18.116666666666664 ], [ 73.65, 18.116666666666664 ], [ 73.65, 18.133333333333333 ], [ 73.675, 18.133333333333333 ], [ 73.683333333333323, 18.133333333333333 ], [ 73.683333333333323, 18.166666666666664 ], [ 73.675, 18.166666666666664 ], [ 73.675, 18.175 ], [ 73.641666666666666, 18.175 ], [ 73.641666666666666, 18.18333333333333 ], [ 73.61666666666666, 18.18333333333333 ], [ 73.61666666666666, 18.191666666666666 ], [ 73.591666666666654, 18.191666666666666 ], [ 73.591666666666654, 18.2 ], [ 73.583333333333329, 18.2 ], [ 73.583333333333329, 18.208333333333332 ], [ 73.575, 18.208333333333332 ], [ 73.575, 18.216666666666665 ], [ 73.541666666666657, 18.216666666666665 ], [ 73.541666666666657, 18.233333333333331 ], [ 73.55, 18.233333333333331 ], [ 73.55, 18.258333333333333 ], [ 73.541666666666657, 18.258333333333333 ], [ 73.541666666666657, 18.283333333333331 ], [ 73.533333333333331, 18.283333333333331 ], [ 73.533333333333331, 18.3 ], [ 73.49166666666666, 18.3 ], [ 73.49166666666666, 18.30833333333333 ], [ 73.458333333333329, 18.30833333333333 ], [ 73.458333333333329, 18.325 ], [ 73.45, 18.325 ], [ 73.45, 18.333333333333332 ], [ 73.441666666666663, 18.333333333333332 ], [ 73.441666666666663, 18.341666666666665 ], [ 73.45, 18.341666666666665 ], [ 73.45, 18.375 ], [ 73.433333333333323, 18.375 ], [ 73.433333333333323, 18.391666666666666 ], [ 73.425, 18.391666666666666 ], [ 73.425, 18.408333333333331 ], [ 73.433333333333323, 18.408333333333331 ], [ 73.433333333333323, 18.416666666666664 ], [ 73.425, 18.416666666666664 ], [ 73.425, 18.425 ], [ 73.416666666666657, 18.425 ], [ 73.416666666666657, 18.466666666666665 ], [ 73.425, 18.466666666666665 ], [ 73.425, 18.525 ], [ 73.4, 18.525 ], [ 73.4, 18.516666666666666 ], [ 73.391666666666666, 18.516666666666666 ], [ 73.391666666666666, 18.533333333333331 ], [ 73.383333333333326, 18.533333333333331 ], [ 73.383333333333326, 18.541666666666664 ], [ 73.375, 18.541666666666664 ], [ 73.375, 18.575 ], [ 73.358333333333334, 18.575 ], [ 73.358333333333334, 18.583333333333332 ], [ 73.35, 18.583333333333332 ], [ 73.35, 18.591666666666665 ], [ 73.358333333333334, 18.591666666666665 ], [ 73.358333333333334, 18.6 ], [ 73.36666666666666, 18.6 ], [ 73.36666666666666, 18.608333333333331 ], [ 73.375, 18.608333333333331 ], [ 73.375, 18.616666666666664 ], [ 73.383333333333326, 18.616666666666664 ], [ 73.383333333333326, 18.641666666666666 ], [ 73.391666666666666, 18.641666666666666 ], [ 73.391666666666666, 18.65 ], [ 73.4, 18.65 ], [ 73.4, 18.675 ], [ 73.391666666666666, 18.675 ], [ 73.391666666666666, 18.7 ], [ 73.4, 18.7 ], [ 73.4, 18.716666666666665 ], [ 73.408333333333331, 18.716666666666665 ], [ 73.408333333333331, 18.733333333333331 ], [ 73.416666666666657, 18.733333333333331 ], [ 73.416666666666657, 18.775 ], [ 73.408333333333331, 18.775 ], [ 73.408333333333331, 18.783333333333331 ], [ 73.416666666666657, 18.783333333333331 ], [ 73.416666666666657, 18.80833333333333 ], [ 73.425, 18.80833333333333 ], [ 73.425, 18.825 ], [ 73.433333333333323, 18.825 ], [ 73.433333333333323, 18.841666666666665 ], [ 73.441666666666663, 18.841666666666665 ], [ 73.45, 18.841666666666665 ], [ 73.45, 18.875 ], [ 73.458333333333329, 18.875 ], [ 73.458333333333329, 18.883333333333333 ], [ 73.466666666666654, 18.883333333333333 ], [ 73.466666666666654, 18.916666666666664 ], [ 73.475, 18.916666666666664 ], [ 73.475, 18.95 ], [ 73.533333333333331, 18.95 ], [ 73.541666666666657, 18.95 ], [ 73.541666666666657, 18.966666666666665 ], [ 73.533333333333331, 18.966666666666665 ], [ 73.533333333333331, 18.975 ], [ 73.55, 18.975 ], [ 73.558333333333323, 18.975 ], [ 73.558333333333323, 18.983333333333331 ], [ 73.566666666666663, 18.983333333333331 ], [ 73.566666666666663, 19.025 ], [ 73.558333333333323, 19.025 ], [ 73.558333333333323, 19.033333333333331 ], [ 73.55, 19.033333333333331 ], [ 73.55, 19.066666666666666 ], [ 73.558333333333323, 19.066666666666666 ], [ 73.558333333333323, 19.083333333333332 ], [ 73.55, 19.083333333333332 ], [ 73.55, 19.091666666666665 ], [ 73.541666666666657, 19.091666666666665 ], [ 73.541666666666657, 19.108333333333331 ], [ 73.55, 19.108333333333331 ], [ 73.55, 19.116666666666664 ], [ 73.558333333333323, 19.116666666666664 ], [ 73.558333333333323, 19.166666666666664 ], [ 73.566666666666663, 19.166666666666664 ], [ 73.575, 19.166666666666664 ], [ 73.575, 19.175 ], [ 73.583333333333329, 19.175 ], [ 73.583333333333329, 19.18333333333333 ], [ 73.625, 19.18333333333333 ], [ 73.633333333333326, 19.18333333333333 ], [ 73.633333333333326, 19.191666666666666 ], [ 73.641666666666666, 19.191666666666666 ], [ 73.641666666666666, 19.208333333333332 ], [ 73.65, 19.208333333333332 ], [ 73.658333333333331, 19.208333333333332 ], [ 73.658333333333331, 19.225 ], [ 73.666666666666657, 19.225 ], [ 73.666666666666657, 19.233333333333331 ], [ 73.683333333333323, 19.233333333333331 ], [ 73.691666666666663, 19.233333333333331 ], [ 73.691666666666663, 19.241666666666664 ], [ 73.7, 19.241666666666664 ], [ 73.7, 19.275 ], [ 73.691666666666663, 19.275 ], [ 73.691666666666663, 19.291666666666664 ], [ 73.7, 19.291666666666664 ], [ 73.7, 19.3 ], [ 73.716666666666654, 19.3 ], [ 73.725, 19.3 ], [ 73.725, 19.30833333333333 ], [ 73.733333333333334, 19.30833333333333 ], [ 73.74166666666666, 19.30833333333333 ], [ 73.74166666666666, 19.316666666666666 ], [ 73.758333333333326, 19.316666666666666 ], [ 73.766666666666666, 19.316666666666666 ], [ 73.766666666666666, 19.325 ], [ 73.791666666666657, 19.325 ], [ 73.8, 19.325 ], [ 73.8, 19.341666666666665 ], [ 73.808333333333323, 19.341666666666665 ], [ 73.808333333333323, 19.391666666666666 ], [ 73.833333333333329, 19.391666666666666 ], [ 73.833333333333329, 19.383333333333333 ], [ 73.858333333333334, 19.383333333333333 ], [ 73.858333333333334, 19.391666666666666 ], [ 73.891666666666666, 19.391666666666666 ], [ 73.9, 19.391666666666666 ], [ 73.9, 19.408333333333331 ] ] ] } },
{ "type": "Feature", "properties": { "LABEL": 1.0, "GaugeID": "626", "_source_id": "626", "Id": null, "gridcode": null, "area": null, "OBJECTID": null, "Shape_Leng": null, "Shape_Area": null, "SS": null, "is_duplicate_geometry": false }, "geometry": { "type": "Polygon", "coordinates": [ [ [ 73.9, 19.408333333333331 ], [ 73.933333333333323, 19.408333333333331 ], [ 73.933333333333323, 19.391666666666666 ], [ 73.941666666666663, 19.391666666666666 ], [ 73.941666666666663, 19.383333333333333 ], [ 73.975, 19.383333333333333 ], [ 73.975, 19.375 ], [ 73.99166666666666, 19.375 ], [ 73.99166666666666, 19.366666666666664 ], [ 74.016666666666666, 19.366666666666664 ], [ 74.016666666666666, 19.316666666666666 ], [ 74.025, 19.316666666666666 ], [ 74.025, 19.30833333333333 ], [ 74.033333333333331, 19.30833333333333 ], [ 74.033333333333331, 19.291666666666664 ], [ 74.041666666666657, 19.291666666666664 ], [ 74.041666666666657, 19.275 ], [ 74.05, 19.275 ], [ 74.05, 19.266666666666666 ], [ 74.058333333333323, 19.266666666666666 ], [ 74.058333333333323, 19.25 ], [ 74.066666666666663, 19.25 ], [ 74.066666666666663, 19.241666666666664 ], [ 74.091666666666654, 19.241666666666664 ], [ 74.091666666666654, 19.233333333333331 ], [ 74.108333333333334, 19.233333333333331 ], [ 74.108333333333334, 19.225 ], [ 74.11666666666666, 19.225 ], [ 74.11666666666666, 19.216666666666665 ], [ 74.133333333333326, 19.216666666666665 ], [ 74.133333333333326, 19.225 ], [ 74.15, 19.225 ], [ 74.15, 19.208333333333332 ], [ 74.158333333333331, 19.208333333333332 ], [ 74.158333333333331, 19.2 ], [ 74.183333333333323, 19.2 ], [ 74.183333333333323, 19.18333333333333 ], [ 74.191666666666663, 19.18333333333333 ], [ 74.191666666666663, 19.175 ], [ 74.208333333333329, 19.175 ], [ 74.208333333333329, 19.166666666666664 ], [ 74.216666666666654, 19.166666666666664 ], [ 74.216666666666654, 19.15 ], [ 74.225, 19.15 ], [ 74.225, 19.141666666666666 ], [ 74.233333333333334, 19.141666666666666 ], [ 74.233333333333334, 19.133333333333333 ], [ 74.258333333333326, 19.133333333333333 ], [ 74.258333333333326, 19.125 ], [ 74.275, 19.125 ], [ 74.275, 19.116666666666664 ], [ 74.308333333333323, 19.116666666666664 ], [ 74.308333333333323, 19.108333333333331 ], [ 74.358333333333334, 19.108333333333331 ], [ 74.358333333333334, 19.1 ], [ 74.36666666666666, 19.1 ], [ 74.36666666666666, 19.091666666666665 ], [ 74.375, 19.091666666666665 ], [ 74.375, 19.083333333333332 ], [ 74.416666666666657, 19.083333333333332 ], [ 74.416666666666657, 19.05833333333333 ], [ 74.425, 19.05833333333333 ], [ 74.425, 19.05 ], [ 74.458333333333329, 19.05 ], [ 74.458333333333329, 19.041666666666664 ], [ 74.49166666666666, 19.041666666666664 ], [ 74.49166666666666, 19.033333333333331 ], [ 74.516666666666666, 19.033333333333331 ], [ 74.516666666666666, 19.025 ], [ 74.533333333333331, 19.025 ], [ 74.533333333333331, 19.016666666666666 ], [ 74.541666666666657, 19.016666666666666 ], [ 74.541666666666657, 19.0 ], [ 74.566666666666663, 19.0 ], [ 74.566666666666663, 18.991666666666664 ], [ 74.575, 18.991666666666664 ], [ 74.575, 18.983333333333331 ], [ 74.583333333333329, 18.983333333333331 ], [ 74.583333333333329, 18.975 ], [ 74.608333333333334, 18.975 ], [ 74.608333333333334, 18.93333333333333 ], [ 74.625, 18.93333333333333 ], [ 74.625, 18.925 ], [ 74.633333333333326, 18.925 ], [ 74.633333333333326, 18.916666666666664 ], [ 74.641666666666666, 18.916666666666664 ], [ 74.641666666666666, 18.908333333333331 ], [ 74.65, 18.908333333333331 ], [ 74.65, 18.9 ], [ 74.658333333333331, 18.9 ], [ 74.658333333333331, 18.891666666666666 ], [ 74.675, 18.891666666666666 ], [ 74.675, 18.875 ], [ 74.683333333333323, 18.875 ], [ 74.683333333333323, 18.858333333333331 ], [ 74.691666666666663, 18.858333333333331 ], [ 74.691666666666663, 18.85 ], [ 74.708333333333329, 18.85 ], [ 74.708333333333329, 18.833333333333332 ], [ 74.716666666666654, 18.833333333333332 ], [ 74.716666666666654, 18.80833333333333 ], [ 74.725, 18.80833333333333 ], [ 74.725, 18.8 ], [ 74.733333333333334, 18.8 ], [ 74.733333333333334, 18.791666666666664 ], [ 74.74166666666666, 18.791666666666664 ], [ 74.74166666666666, 18.783333333333331 ], [ 74.766666666666666, 18.783333333333331 ], [ 74.766666666666666, 18.775 ], [ 74.783333333333331, 18.775 ], [ 74.783333333333331, 18.766666666666666 ], [ 74.8, 18.766666666666666 ], [ 74.8, 18.758333333333333 ], [ 74.808333333333323, 18.758333333333333 ], [ 74.808333333333323, 18.75 ], [ 74.825, 18.75 ], [ 74.825, 18.741666666666664 ], [ 74.841666666666654, 18.741666666666664 ], [ 74.841666666666654, 18.733333333333331 ], [ 74.858333333333334, 18.733333333333331 ], [ 74.858333333333334, 18.725 ], [ 74.86666666666666, 18.725 ], [ 74.86666666666666, 18.708333333333332 ], [ 74.875, 18.708333333333332 ], [ 74.875, 18.7 ], [ 74.883333333333326, 18.7 ], [ 74.883333333333326, 18.691666666666666 ], [ 74.891666666666666, 18.691666666666666 ], [ 74.891666666666666, 18.68333333333333 ], [ 74.9, 18.68333333333333 ], [ 74.9, 18.675 ], [ 74.908333333333331, 18.675 ], [ 74.908333333333331, 18.666666666666664 ], [ 74.916666666666657, 18.666666666666664 ], [ 74.916666666666657, 18.658333333333331 ], [ 74.925, 18.658333333333331 ], [ 74.925, 18.65 ], [ 74.933333333333323, 18.65 ], [ 74.933333333333323, 18.641666666666666 ], [ 74.941666666666663, 18.641666666666666 ], [ 74.941666666666663, 18.625 ], [ 74.95, 18.625 ], [ 74.95, 18.616666666666664 ], [ 74.958333333333329, 18.616666666666664 ], [ 74.958333333333329, 18.583333333333332 ], [ 74.966666666666654, 18.583333333333332 ], [ 74.966666666666654, 18.55833333333333 ], [ 74.975, 18.55833333333333 ], [ 74.975, 18.55 ], [ 74.983333333333334, 18.55 ], [ 74.983333333333334, 18.541666666666664 ], [ 74.99166666666666, 18.541666666666664 ], [ 74.99166666666666, 18.533333333333331 ], [ 75.0, 18.533333333333331 ], [ 75.0, 18.525 ], [ 75.008333333333326, 18.525 ], [ 75.008333333333326, 18.5 ], [ 75.016666666666666, 18.5 ], [ 75.016666666666666, 18.491666666666664 ], [ 75.008333333333326, 18.491666666666664 ], [ 75.008333333333326, 18.475 ], [ 75.0, 18.475 ], [ 75.0, 18.466666666666665 ], [ 75.008333333333326, 18.466666666666665 ], [ 75.008333333333326, 18.45 ], [ 75.016666666666666, 18.45 ], [ 75.016666666666666, 18.441666666666666 ], [ 75.033333333333331, 18.441666666666666 ], [ 75.033333333333331, 18.43333333333333 ], [ 75.041666666666657, 18.43333333333333 ], [ 75.041666666666657, 18.425 ], [ 75.05, 18.425 ], [ 75.05, 18.416666666666664 ], [ 75.058333333333323, 18.416666666666664 ], [ 75.058333333333323, 18.425 ], [ 75.091666666666654, 18.425 ], [ 75.091666666666654, 18.416666666666664 ], [ 75.125, 18.416666666666664 ], [ 75.125, 18.408333333333331 ], [ 75.133333333333326, 18.408333333333331 ], [ 75.133333333333326, 18.4 ], [ 75.15, 18.4 ], [ 75.15, 18.375 ], [ 75.158333333333331, 18.375 ], [ 75.158333333333331, 18.358333333333331 ], [ 75.166666666666657, 18.358333333333331 ], [ 75.166666666666657, 18.35 ], [ 75.2, 18.35 ], [ 75.2, 18.333333333333332 ], [ 75.208333333333329, 18.333333333333332 ], [ 75.208333333333329, 18.325 ], [ 75.225, 18.325 ], [ 75.225, 18.30833333333333 ], [ 75.233333333333334, 18.30833333333333 ], [ 75.233333333333334, 18.258333333333333 ], [ 75.25, 18.258333333333333 ], [ 75.25, 18.241666666666664 ], [ 75.258333333333326, 18.241666666666664 ], [ 75.258333333333326, 18.225 ], [ 75.266666666666666, 18.225 ], [ 75.266666666666666, 18.2 ], [ 75.283333333333331, 18.2 ], [ 75.283333333333331, 18.191666666666666 ], [ 75.3, 18.191666666666666 ], [ 75.3, 18.175 ], [ 75.308333333333323, 18.175 ], [ 75.308333333333323, 18.166666666666664 ], [ 75.3, 18.166666666666664 ], [ 75.3, 18.158333333333331 ], [ 75.291666666666657, 18.158333333333331 ], [ 75.291666666666657, 18.141666666666666 ], [ 75.283333333333331, 18.141666666666666 ], [ 75.283333333333331, 18.116666666666664 ], [ 75.275, 18.116666666666664 ], [ 75.275, 18.108333333333331 ], [ 75.266666666666666, 18.108333333333331 ], [ 75.266666666666666, 18.1 ], [ 75.258333333333326, 18.1 ], [ 75.258333333333326, 18.091666666666665 ], [ 75.25, 18.091666666666665 ], [ 75.25, 18.066666666666666 ], [ 75.24166666666666, 18.066666666666666 ], [ 75.233333333333334, 18.066666666666666 ], [ 75.233333333333334, 18.05833333333333 ], [ 75.225, 18.05833333333333 ], [ 75.2, 18.05833333333333 ], [ 75.2, 18.05 ], [ 75.191666666666663, 18.05 ], [ 75.183333333333323, 18.05 ], [ 75.183333333333323, 18.041666666666664 ], [ 75.175, 18.041666666666664 ], [ 75.166666666666657, 18.041666666666664 ], [ 75.166666666666657, 18.033333333333331 ], [ 75.158333333333331, 18.033333333333331 ], [ 75.158333333333331, 18.041666666666664 ], [ 75.133333333333326, 18.041666666666664 ], [ 75.133333333333326, 18.05 ], [ 75.108333333333334, 18.05 ], [ 75.108333333333334, 18.05833333333333 ], [ 75.1, 18.05833333333333 ], [ 75.1, 18.1 ], [ 75.083333333333329, 18.1 ], [ 75.083333333333329, 18.108333333333331 ], [ 75.075, 18.108333333333331 ], [ 75.075, 18.116666666666664 ], [ 75.041666666666657, 18.116666666666664 ], [ 75.041666666666657, 18.125 ], [ 75.016666666666666, 18.125 ], [ 75.016666666666666, 18.133333333333333 ], [ 75.0, 18.133333333333333 ], [ 75.0, 18.125 ], [ 74.99166666666666, 18.125 ], [ 74.983333333333334, 18.125 ], [ 74.983333333333334, 18.116666666666664 ], [ 74.975, 18.116666666666664 ], [ 74.95, 18.116666666666664 ], [ 74.95, 18.108333333333331 ], [ 74.933333333333323, 18.108333333333331 ], [ 74.933333333333323, 18.116666666666664 ], [ 74.925, 18.116666666666664 ], [ 74.925, 18.125 ], [ 74.9, 18.125 ], [ 74.9, 18.133333333333333 ], [ 74.891666666666666, 18.133333333333333 ], [ 74.891666666666666, 18.141666666666666 ], [ 74.858333333333334, 18.141666666666666 ], [ 74.858333333333334, 18.15 ], [ 74.783333333333331, 18.15 ], [ 74.783333333333331, 18.158333333333331 ], [ 74.758333333333326, 18.158333333333331 ], [ 74.758333333333326, 18.166666666666664 ], [ 74.75, 18.166666666666664 ], [ 74.75, 18.175 ], [ 74.725, 18.175 ], [ 74.725, 18.18333333333333 ], [ 74.683333333333323, 18.18333333333333 ], [ 74.683333333333323, 18.191666666666666 ], [ 74.658333333333331, 18.191666666666666 ], [ 74.658333333333331, 18.2 ], [ 74.65, 18.2 ], [ 74.65, 18.216666666666665 ], [ 74.641666666666666, 18.216666666666665 ], [ 74.641666666666666, 18.225 ], [ 74.61666666666666, 18.225 ], [ 74.61666666666666, 18.233333333333331 ], [ 74.6, 18.233333333333331 ], [ 74.6, 18.241666666666664 ], [ 74.591666666666654, 18.241666666666664 ], [ 74.591666666666654, 18.25 ], [ 74.583333333333329, 18.25 ], [ 74.583333333333329, 18.258333333333333 ], [ 74.575, 18.258333333333333 ], [ 74.575, 18.266666666666666 ], [ 74.566666666666663, 18.266666666666666 ], [ 74.566666666666663, 18.283333333333331 ], [ 74.55, 18.283333333333331 ], [ 74.55, 18.291666666666664 ], [ 74.533333333333331, 18.291666666666664 ], [ 74.533333333333331, 18.3 ], [ 74.525, 18.3 ], [ 74.525, 18.30833333333333 ], [ 74.516666666666666, 18.30833333333333 ], [ 74.516666666666666, 18.325 ], [ 74.49166666666666, 18.325 ], [ 74.49166666666666, 18.333333333333332 ], [ 74.466666666666654, 18.333333333333332 ], [ 74.466666666666654, 18.341666666666665 ], [ 74.458333333333329, 18.341666666666665 ], [ 74.458333333333329, 18.35 ], [ 74.425, 18.35 ], [ 74.425, 18.358333333333331 ], [ 74.408333333333331, 18.358333333333331 ], [ 74.408333333333331, 18.35 ], [ 74.36666666666666, 18.35 ], [ 74.36666666666666, 18.358333333333331 ], [ 74.316666666666663, 18.358333333333331 ], [ 74.316666666666663, 18.366666666666664 ], [ 74.308333333333323, 18.366666666666664 ], [ 74.308333333333323, 18.383333333333333 ], [ 74.283333333333331, 18.383333333333333 ], [ 74.283333333333331, 18.391666666666666 ], [ 74.275, 18.391666666666666 ], [ 74.275, 18.4 ], [ 74.266666666666666, 18.4 ], [ 74.266666666666666, 18.416666666666664 ], [ 74.233333333333334, 18.416666666666664 ], [ 74.233333333333334, 18.425 ], [ 74.225, 18.425 ], [ 74.225, 18.416666666666664 ], [ 74.216666666666654, 18.416666666666664 ], [ 74.183333333333323, 18.416666666666664 ], [ 74.183333333333323, 18.408333333333331 ], [ 74.175, 18.408333333333331 ], [ 74.175, 18.416666666666664 ], [ 74.166666666666657, 18.416666666666664 ], [ 74.166666666666657, 18.408333333333331 ], [ 74.158333333333331, 18.408333333333331 ], [ 74.075, 18.408333333333331 ], [ 74.075, 18.4 ], [ 74.041666666666657, 18.4 ], [ 74.041666666666657, 18.408333333333331 ], [ 74.033333333333331, 18.408333333333331 ], [ 74.033333333333331, 18.416666666666664 ], [ 74.016666666666666, 18.416666666666664 ], [ 74.016666666666666, 18.408333333333331 ], [ 74.008333333333326, 18.408333333333331 ], [ 74.008333333333326, 18.4 ], [ 74.0, 18.4 ], [ 73.891666666666666, 18.4 ], [ 73.891666666666666, 18.391666666666666 ], [ 73.883333333333326, 18.391666666666666 ], [ 73.833333333333329, 18.391666666666666 ], [ 73.833333333333329, 18.383333333333333 ], [ 73.825, 18.383333333333333 ], [ 73.808333333333323, 18.383333333333333 ], [ 73.808333333333323, 18.375 ], [ 73.8, 18.375 ], [ 73.8, 18.366666666666664 ], [ 73.791666666666657, 18.366666666666664 ], [ 73.783333333333331, 18.366666666666664 ], [ 73.783333333333331, 18.358333333333331 ], [ 73.775, 18.358333333333331 ], [ 73.75, 18.358333333333331 ], [ 73.75, 18.341666666666665 ], [ 73.74166666666666, 18.341666666666665 ], [ 73.74166666666666, 18.333333333333332 ], [ 73.733333333333334, 18.333333333333332 ], [ 73.725, 18.333333333333332 ], [ 73.725, 18.325 ], [ 73.683333333333323, 18.325 ], [ 73.683333333333323, 18.333333333333332 ], [ 73.675, 18.333333333333332 ], [ 73.675, 18.341666666666665 ], [ 73.65, 18.341666666666665 ], [ 73.65, 18.333333333333332 ], [ 73.641666666666666, 18.333333333333332 ], [ 73.591666666666654, 18.333333333333332 ], [ 73.591666666666654, 18.325 ], [ 73.583333333333329, 18.325 ], [ 73.583333333333329, 18.316666666666666 ], [ 73.575, 18.316666666666666 ], [ 73.566666666666663, 18.316666666666666 ], [ 73.566666666666663, 18.30833333333333 ], [ 73.558333333333323, 18.30833333333333 ], [ 73.558333333333323, 18.3 ], [ 73.49166666666666, 18.3 ], [ 73.49166666666666, 18.30833333333333 ], [ 73.458333333333329, 18.30833333333333 ], [ 73.458333333333329, 18.325 ], [ 73.45, 18.325 ], [ 73.45, 18.333333333333332 ], [ 73.441666666666663, 18.333333333333332 ], [ 73.441666666666663, 18.341666666666665 ], [ 73.45, 18.341666666666665 ], [ 73.45, 18.375 ], [ 73.433333333333323, 18.375 ], [ 73.433333333333323, 18.391666666666666 ], [ 73.425, 18.391666666666666 ], [ 73.425, 18.408333333333331 ], [ 73.433333333333323, 18.408333333333331 ], [ 73.433333333333323, 18.416666666666664 ], [ 73.425, 18.416666666666664 ], [ 73.425, 18.425 ], [ 73.416666666666657, 18.425 ], [ 73.416666666666657, 18.466666666666665 ], [ 73.425, 18.466666666666665 ], [ 73.425, 18.525 ], [ 73.4, 18.525 ], [ 73.4, 18.516666666666666 ], [ 73.391666666666666, 18.516666666666666 ], [ 73.391666666666666, 18.533333333333331 ], [ 73.383333333333326, 18.533333333333331 ], [ 73.383333333333326, 18.541666666666664 ], [ 73.375, 18.541666666666664 ], [ 73.375, 18.575 ], [ 73.358333333333334, 18.575 ], [ 73.358333333333334, 18.583333333333332 ], [ 73.35, 18.583333333333332 ], [ 73.35, 18.591666666666665 ], [ 73.358333333333334, 18.591666666666665 ], [ 73.358333333333334, 18.6 ], [ 73.36666666666666, 18.6 ], [ 73.36666666666666, 18.608333333333331 ], [ 73.375, 18.608333333333331 ], [ 73.375, 18.616666666666664 ], [ 73.383333333333326, 18.616666666666664 ], [ 73.383333333333326, 18.641666666666666 ], [ 73.391666666666666, 18.641666666666666 ], [ 73.391666666666666, 18.65 ], [ 73.4, 18.65 ], [ 73.4, 18.675 ], [ 73.391666666666666, 18.675 ], [ 73.391666666666666, 18.7 ], [ 73.4, 18.7 ], [ 73.4, 18.716666666666665 ], [ 73.408333333333331, 18.716666666666665 ], [ 73.408333333333331, 18.733333333333331 ], [ 73.416666666666657, 18.733333333333331 ], [ 73.416666666666657, 18.775 ], [ 73.408333333333331, 18.775 ], [ 73.408333333333331, 18.783333333333331 ], [ 73.416666666666657, 18.783333333333331 ], [ 73.416666666666657, 18.80833333333333 ], [ 73.425, 18.80833333333333 ], [ 73.425, 18.825 ], [ 73.433333333333323, 18.825 ], [ 73.433333333333323, 18.841666666666665 ], [ 73.441666666666663, 18.841666666666665 ], [ 73.45, 18.841666666666665 ], [ 73.45, 18.875 ], [ 73.458333333333329, 18.875 ], [ 73.458333333333329, 18.883333333333333 ], [ 73.466666666666654, 18.883333333333333 ], [ 73.466666666666654, 18.916666666666664 ], [ 73.475, 18.916666666666664 ], [ 73.475, 18.95 ], [ 73.533333333333331, 18.95 ], [ 73.541666666666657, 18.95 ], [ 73.541666666666657, 18.966666666666665 ], [ 73.533333333333331, 18.966666666666665 ], [ 73.533333333333331, 18.975 ], [ 73.55, 18.975 ], [ 73.558333333333323, 18.975 ], [ 73.558333333333323, 18.983333333333331 ], [ 73.566666666666663, 18.983333333333331 ], [ 73.566666666666663, 19.025 ], [ 73.558333333333323, 19.025 ], [ 73.558333333333323, 19.033333333333331 ], [ 73.55, 19.033333333333331 ], [ 73.55, 19.066666666666666 ], [ 73.558333333333323, 19.066666666666666 ], [ 73.558333333333323, 19.083333333333332 ], [ 73.55, 19.083333333333332 ], [ 73.55, 19.091666666666665 ], [ 73.541666666666657, 19.091666666666665 ], [ 73.541666666666657, 19.108333333333331 ], [ 73.55, 19.108333333333331 ], [ 73.55, 19.116666666666664 ], [ 73.558333333333323, 19.116666666666664 ], [ 73.558333333333323, 19.166666666666664 ], [ 73.566666666666663, 19.166666666666664 ], [ 73.575, 19.166666666666664 ], [ 73.575, 19.175 ], [ 73.583333333333329, 19.175 ], [ 73.583333333333329, 19.18333333333333 ], [ 73.625, 19.18333333333333 ], [ 73.633333333333326, 19.18333333333333 ], [ 73.633333333333326, 19.191666666666666 ], [ 73.641666666666666, 19.191666666666666 ], [ 73.641666666666666, 19.208333333333332 ], [ 73.65, 19.208333333333332 ], [ 73.658333333333331, 19.208333333333332 ], [ 73.658333333333331, 19.225 ], [ 73.666666666666657, 19.225 ], [ 73.666666666666657, 19.233333333333331 ], [ 73.683333333333323, 19.233333333333331 ], [ 73.691666666666663, 19.233333333333331 ], [ 73.691666666666663, 19.241666666666664 ], [ 73.7, 19.241666666666664 ], [ 73.7, 19.275 ], [ 73.691666666666663, 19.275 ], [ 73.691666666666663, 19.291666666666664 ], [ 73.7, 19.291666666666664 ], [ 73.7, 19.3 ], [ 73.716666666666654, 19.3 ], [ 73.725, 19.3 ], [ 73.725, 19.30833333333333 ], [ 73.733333333333334, 19.30833333333333 ], [ 73.74166666666666, 19.30833333333333 ], [ 73.74166666666666, 19.316666666666666 ], [ 73.758333333333326, 19.316666666666666 ], [ 73.766666666666666, 19.316666666666666 ], [ 73.766666666666666, 19.325 ], [ 73.791666666666657, 19.325 ], [ 73.8, 19.325 ], [ 73.8, 19.341666666666665 ], [ 73.808333333333323, 19.341666666666665 ], [ 73.808333333333323, 19.391666666666666 ], [ 73.833333333333329, 19.391666666666666 ], [ 73.833333333333329, 19.383333333333333 ], [ 73.858333333333334, 19.383333333333333 ], [ 73.858333333333334, 19.391666666666666 ], [ 73.891666666666666, 19.391666666666666 ], [ 73.9, 19.391666666666666 ], [ 73.9, 19.408333333333331 ] ] ] } },
{ "type": "Feature", "properties": { "LABEL": 1.0, "GaugeID": "635", "_source_id": "635", "Id": null, "gridcode": null, "area": null, "OBJECTID": null, "Shape_Leng": null, "Shape_Area": null, "SS": null, "is_duplicate_geometry": false }, "geometry": { "type": "Polygon", "coordinates": [ [ [ 73.741666666666674, 20.45 ], [ 73.75833333333334, 20.45 ], [ 73.75833333333334, 20.44166666666667 ], [ 73.775, 20.44166666666667 ], [ 73.775, 20.433333333333337 ], [ 73.783333333333331, 20.433333333333337 ], [ 73.783333333333331, 20.44166666666667 ], [ 73.8, 20.44166666666667 ], [ 73.8, 20.433333333333337 ], [ 73.833333333333329, 20.433333333333337 ], [ 73.833333333333329, 20.425 ], [ 73.841666666666669, 20.425 ], [ 73.841666666666669, 20.416666666666668 ], [ 73.891666666666666, 20.416666666666668 ], [ 73.891666666666666, 20.408333333333335 ], [ 73.9, 20.408333333333335 ], [ 73.9, 20.4 ], [ 73.908333333333331, 20.4 ], [ 73.908333333333331, 20.391666666666669 ], [ 73.916666666666671, 20.391666666666669 ], [ 73.916666666666671, 20.383333333333336 ], [ 73.941666666666663, 20.383333333333336 ], [ 73.941666666666663, 20.375 ], [ 73.975, 20.375 ], [ 73.975, 20.366666666666671 ], [ 74.016666666666666, 20.366666666666671 ], [ 74.016666666666666, 20.375 ], [ 74.025, 20.375 ], [ 74.025, 20.383333333333336 ], [ 74.066666666666663, 20.383333333333336 ], [ 74.066666666666663, 20.375 ], [ 74.116666666666674, 20.375 ], [ 74.116666666666674, 20.366666666666671 ], [ 74.175, 20.366666666666671 ], [ 74.175, 20.375 ], [ 74.183333333333337, 20.375 ], [ 74.183333333333337, 20.366666666666671 ], [ 74.225, 20.366666666666671 ], [ 74.225, 20.358333333333338 ], [ 74.25, 20.358333333333338 ], [ 74.25, 20.333333333333336 ], [ 74.291666666666671, 20.333333333333336 ], [ 74.291666666666671, 20.325 ], [ 74.3, 20.325 ], [ 74.3, 20.308333333333337 ], [ 74.308333333333337, 20.308333333333337 ], [ 74.308333333333337, 20.3 ], [ 74.316666666666663, 20.3 ], [ 74.316666666666663, 20.283333333333335 ], [ 74.325, 20.283333333333335 ], [ 74.325, 20.25 ], [ 74.333333333333329, 20.25 ], [ 74.333333333333329, 20.241666666666671 ], [ 74.341666666666669, 20.241666666666671 ], [ 74.341666666666669, 20.216666666666669 ], [ 74.35, 20.216666666666669 ], [ 74.35, 20.208333333333336 ], [ 74.38333333333334, 20.208333333333336 ], [ 74.38333333333334, 20.2 ], [ 74.416666666666671, 20.2 ], [ 74.416666666666671, 20.19166666666667 ], [ 74.433333333333337, 20.19166666666667 ], [ 74.433333333333337, 20.183333333333337 ], [ 74.45, 20.183333333333337 ], [ 74.45, 20.19166666666667 ], [ 74.483333333333334, 20.19166666666667 ], [ 74.491666666666674, 20.19166666666667 ], [ 74.491666666666674, 20.2 ], [ 74.50833333333334, 20.2 ], [ 74.50833333333334, 20.183333333333337 ], [ 74.516666666666666, 20.183333333333337 ], [ 74.516666666666666, 20.166666666666668 ], [ 74.50833333333334, 20.166666666666668 ], [ 74.5, 20.166666666666668 ], [ 74.5, 20.141666666666669 ], [ 74.491666666666674, 20.141666666666669 ], [ 74.491666666666674, 20.125 ], [ 74.483333333333334, 20.125 ], [ 74.475, 20.125 ], [ 74.475, 20.083333333333336 ], [ 74.466666666666669, 20.083333333333336 ], [ 74.466666666666669, 20.06666666666667 ], [ 74.458333333333329, 20.06666666666667 ], [ 74.458333333333329, 19.991666666666671 ], [ 74.466666666666669, 19.991666666666671 ], [ 74.466666666666669, 19.933333333333337 ], [ 74.458333333333329, 19.933333333333337 ], [ 74.458333333333329, 19.908333333333335 ], [ 74.45, 19.908333333333335 ], [ 74.45, 19.891666666666669 ], [ 74.458333333333329, 19.891666666666669 ], [ 74.458333333333329, 19.883333333333336 ], [ 74.466666666666669, 19.883333333333336 ], [ 74.466666666666669, 19.858333333333338 ], [ 74.475, 19.858333333333338 ], [ 74.475, 19.85 ], [ 74.483333333333334, 19.85 ], [ 74.483333333333334, 19.841666666666669 ], [ 74.475, 19.841666666666669 ], [ 74.466666666666669, 19.841666666666669 ], [ 74.466666666666669, 19.833333333333336 ], [ 74.458333333333329, 19.833333333333336 ], [ 74.458333333333329, 19.81666666666667 ], [ 74.45, 19.81666666666667 ], [ 74.45, 19.791666666666668 ], [ 74.441666666666663, 19.791666666666668 ], [ 74.433333333333337, 19.791666666666668 ], [ 74.433333333333337, 19.783333333333335 ], [ 74.425, 19.783333333333335 ], [ 74.425, 19.775 ], [ 74.416666666666671, 19.775 ], [ 74.408333333333331, 19.775 ], [ 74.408333333333331, 19.766666666666669 ], [ 74.4, 19.766666666666669 ], [ 74.4, 19.758333333333336 ], [ 74.391666666666666, 19.758333333333336 ], [ 74.391666666666666, 19.75 ], [ 74.38333333333334, 19.75 ], [ 74.38333333333334, 19.741666666666671 ], [ 74.375, 19.741666666666671 ], [ 74.375, 19.716666666666669 ], [ 74.366666666666674, 19.716666666666669 ], [ 74.366666666666674, 19.7 ], [ 74.358333333333334, 19.7 ], [ 74.358333333333334, 19.683333333333337 ], [ 74.35, 19.683333333333337 ], [ 74.35, 19.675 ], [ 74.341666666666669, 19.675 ], [ 74.333333333333329, 19.675 ], [ 74.333333333333329, 19.666666666666668 ], [ 74.325, 19.666666666666668 ], [ 74.325, 19.658333333333335 ], [ 74.316666666666663, 19.658333333333335 ], [ 74.266666666666666, 19.658333333333335 ], [ 74.266666666666666, 19.65 ], [ 74.25, 19.65 ], [ 74.25, 19.658333333333335 ], [ 74.225, 19.658333333333335 ], [ 74.225, 19.666666666666668 ], [ 74.183333333333337, 19.666666666666668 ], [ 74.183333333333337, 19.658333333333335 ], [ 74.175, 19.658333333333335 ], [ 74.175, 19.666666666666668 ], [ 74.166666666666671, 19.666666666666668 ], [ 74.166666666666671, 19.675 ], [ 74.15, 19.675 ], [ 74.15, 19.683333333333337 ], [ 74.13333333333334, 19.683333333333337 ], [ 74.13333333333334, 19.69166666666667 ], [ 74.125, 19.69166666666667 ], [ 74.125, 19.7 ], [ 74.108333333333334, 19.7 ], [ 74.108333333333334, 19.716666666666669 ], [ 74.083333333333329, 19.716666666666669 ], [ 74.083333333333329, 19.725 ], [ 74.033333333333331, 19.725 ], [ 74.033333333333331, 19.733333333333338 ], [ 74.016666666666666, 19.733333333333338 ], [ 74.016666666666666, 19.75 ], [ 74.0, 19.75 ], [ 74.0, 19.741666666666671 ], [ 73.991666666666674, 19.741666666666671 ], [ 73.983333333333334, 19.741666666666671 ], [ 73.983333333333334, 19.733333333333338 ], [ 73.975, 19.733333333333338 ], [ 73.975, 19.725 ], [ 73.966666666666669, 19.725 ], [ 73.966666666666669, 19.716666666666669 ], [ 73.941666666666663, 19.716666666666669 ], [ 73.941666666666663, 19.733333333333338 ], [ 73.858333333333334, 19.733333333333338 ], [ 73.858333333333334, 19.725 ], [ 73.85, 19.725 ], [ 73.85, 19.708333333333336 ], [ 73.841666666666669, 19.708333333333336 ], [ 73.841666666666669, 19.7 ], [ 73.833333333333329, 19.7 ], [ 73.833333333333329, 19.69166666666667 ], [ 73.825, 19.69166666666667 ], [ 73.825, 19.666666666666668 ], [ 73.816666666666663, 19.666666666666668 ], [ 73.816666666666663, 19.65 ], [ 73.808333333333337, 19.65 ], [ 73.8, 19.65 ], [ 73.8, 19.633333333333336 ], [ 73.791666666666671, 19.633333333333336 ], [ 73.783333333333331, 19.633333333333336 ], [ 73.783333333333331, 19.625 ], [ 73.775, 19.625 ], [ 73.75833333333334, 19.625 ], [ 73.75833333333334, 19.616666666666671 ], [ 73.75, 19.616666666666671 ], [ 73.733333333333334, 19.616666666666671 ], [ 73.733333333333334, 19.608333333333338 ], [ 73.725, 19.608333333333338 ], [ 73.716666666666669, 19.608333333333338 ], [ 73.716666666666669, 19.6 ], [ 73.708333333333329, 19.6 ], [ 73.708333333333329, 19.591666666666669 ], [ 73.7, 19.591666666666669 ], [ 73.666666666666671, 19.591666666666669 ], [ 73.666666666666671, 19.583333333333336 ], [ 73.658333333333331, 19.583333333333336 ], [ 73.658333333333331, 19.591666666666669 ], [ 73.625, 19.591666666666669 ], [ 73.625, 19.608333333333338 ], [ 73.6, 19.608333333333338 ], [ 73.6, 19.616666666666671 ], [ 73.583333333333329, 19.616666666666671 ], [ 73.583333333333329, 19.625 ], [ 73.575, 19.625 ], [ 73.575, 19.633333333333336 ], [ 73.566666666666663, 19.633333333333336 ], [ 73.566666666666663, 19.641666666666669 ], [ 73.558333333333337, 19.641666666666669 ], [ 73.558333333333337, 19.683333333333337 ], [ 73.566666666666663, 19.683333333333337 ], [ 73.566666666666663, 19.708333333333336 ], [ 73.558333333333337, 19.708333333333336 ], [ 73.558333333333337, 19.716666666666669 ], [ 73.55, 19.716666666666669 ], [ 73.55, 19.758333333333336 ], [ 73.533333333333331, 19.758333333333336 ], [ 73.533333333333331, 19.791666666666668 ], [ 73.566666666666663, 19.791666666666668 ], [ 73.575, 19.791666666666668 ], [ 73.575, 19.808333333333337 ], [ 73.583333333333329, 19.808333333333337 ], [ 73.583333333333329, 19.833333333333336 ], [ 73.575, 19.833333333333336 ], [ 73.575, 19.85 ], [ 73.566666666666663, 19.85 ], [ 73.566666666666663, 19.858333333333338 ], [ 73.558333333333337, 19.858333333333338 ], [ 73.558333333333337, 19.866666666666671 ], [ 73.55, 19.866666666666671 ], [ 73.55, 19.875 ], [ 73.558333333333337, 19.875 ], [ 73.558333333333337, 19.883333333333336 ], [ 73.566666666666663, 19.883333333333336 ], [ 73.566666666666663, 19.891666666666669 ], [ 73.575, 19.891666666666669 ], [ 73.583333333333329, 19.891666666666669 ], [ 73.583333333333329, 19.908333333333335 ], [ 73.575, 19.908333333333335 ], [ 73.575, 19.925 ], [ 73.558333333333337, 19.925 ], [ 73.558333333333337, 19.933333333333337 ], [ 73.541666666666671, 19.933333333333337 ], [ 73.541666666666671, 19.925 ], [ 73.533333333333331, 19.925 ], [ 73.533333333333331, 19.916666666666668 ], [ 73.525, 19.916666666666668 ], [ 73.50833333333334, 19.916666666666668 ], [ 73.50833333333334, 19.908333333333335 ], [ 73.5, 19.908333333333335 ], [ 73.5, 19.916666666666668 ], [ 73.483333333333334, 19.916666666666668 ], [ 73.483333333333334, 19.991666666666671 ], [ 73.491666666666674, 19.991666666666671 ], [ 73.491666666666674, 20.0 ], [ 73.5, 20.0 ], [ 73.5, 20.05 ], [ 73.516666666666666, 20.05 ], [ 73.525, 20.05 ], [ 73.525, 20.083333333333336 ], [ 73.533333333333331, 20.083333333333336 ], [ 73.533333333333331, 20.091666666666669 ], [ 73.541666666666671, 20.091666666666669 ], [ 73.541666666666671, 20.1 ], [ 73.6, 20.1 ], [ 73.608333333333334, 20.1 ], [ 73.608333333333334, 20.116666666666671 ], [ 73.616666666666674, 20.116666666666671 ], [ 73.625, 20.116666666666671 ], [ 73.625, 20.158333333333335 ], [ 73.63333333333334, 20.158333333333335 ], [ 73.641666666666666, 20.158333333333335 ], [ 73.641666666666666, 20.166666666666668 ], [ 73.65, 20.166666666666668 ], [ 73.65, 20.2 ], [ 73.641666666666666, 20.2 ], [ 73.641666666666666, 20.233333333333338 ], [ 73.63333333333334, 20.233333333333338 ], [ 73.63333333333334, 20.266666666666669 ], [ 73.641666666666666, 20.266666666666669 ], [ 73.641666666666666, 20.291666666666668 ], [ 73.63333333333334, 20.291666666666668 ], [ 73.63333333333334, 20.3 ], [ 73.625, 20.3 ], [ 73.625, 20.341666666666669 ], [ 73.63333333333334, 20.341666666666669 ], [ 73.63333333333334, 20.35 ], [ 73.641666666666666, 20.35 ], [ 73.65, 20.35 ], [ 73.65, 20.375 ], [ 73.658333333333331, 20.375 ], [ 73.658333333333331, 20.383333333333336 ], [ 73.666666666666671, 20.383333333333336 ], [ 73.675, 20.383333333333336 ], [ 73.675, 20.416666666666668 ], [ 73.683333333333337, 20.416666666666668 ], [ 73.691666666666663, 20.416666666666668 ], [ 73.691666666666663, 20.425 ], [ 73.708333333333329, 20.425 ], [ 73.708333333333329, 20.416666666666668 ], [ 73.725, 20.416666666666668 ], [ 73.725, 20.425 ], [ 73.733333333333334, 20.425 ], [ 73.733333333333334, 20.433333333333337 ], [ 73.741666666666674, 20.433333333333337 ], [ 73.741666666666674, 20.45 ] ] ] } },
{ "type": "Feature", "properties": { "LABEL": null, "GaugeID": "640", "_source_id": "640", "Id": 1.0, "gridcode": 0.0, "area": null, "OBJECTID": 1.0, "Shape_Leng": 4.3218742517599997, "Shape_Area": 0.975790378427, "SS": null, "is_duplicate_geometry": false }, "geometry": { "type": "Polygon", "coordinates": [ [ [ 73.558333333333337, 18.3 ], [ 73.468175252278627, 18.305651855468852 ], [ 73.445217895507824, 18.331343587239644 ], [ 73.4475087483724, 18.369779459635424 ], [ 73.437266031901117, 18.378930664062523 ], [ 73.428030395507903, 18.389270019531239 ], [ 73.429426066080794, 18.412687174479174 ], [ 73.418783569335915, 18.432271321614621 ], [ 73.424147542317769, 18.522273763020962 ], [ 73.395622762044354, 18.520572916666708 ], [ 73.381927490234375, 18.535900878906261 ], [ 73.371067301432277, 18.571069335937636 ], [ 73.353311157226642, 18.586934407552121 ], [ 73.379400634765716, 18.620597330729254 ], [ 73.387266031901049, 18.637736002604186 ], [ 73.396987915039062, 18.655627441406295 ], [ 73.394705200195233, 18.693920898437568 ], [ 73.414496866862066, 18.741503906250102 ], [ 73.4121510823569, 18.780855305989576 ], [ 73.430338541666686, 18.831547037760515 ], [ 73.446067301432265, 18.845597330729277 ], [ 73.453932698567826, 18.87106933593742 ], [ 73.462733968098973, 18.887263997395905 ], [ 73.478932698567746, 18.946069335937636 ], [ 73.538254801432402, 18.95400390625008 ], [ 73.537238566080703, 18.971057128906295 ], [ 73.560478719075434, 18.981722005208383 ], [ 73.570599365234443, 19.006595865885515 ], [ 73.552564493815055, 19.039782714843852 ], [ 73.554873657226665, 19.078531901041686 ], [ 73.543207804361998, 19.100000000000136 ], [ 73.55440063476567, 19.120597330729311 ], [ 73.562266031901004, 19.16273600260422 ], [ 73.579242960612021, 19.177905273437602 ], [ 73.630466715494777, 19.18746337890633 ], [ 73.645599365234432, 19.204402669270848 ], [ 73.65440063476558, 19.212263997395837 ], [ 73.669094848632767, 19.228710937500068 ], [ 73.69780680338539, 19.241890462239724 ], [ 73.694826253255258, 19.291890462239621 ], [ 73.733323160807345, 19.309558105468739 ], [ 73.801609293619833, 19.330643717448027 ], [ 73.812454223632869, 19.388745117187568 ], [ 73.845833333333303, 19.386755371093841 ], [ 73.89054667154943, 19.389420572916777 ], [ 73.903932698567644, 19.404402669270894 ], [ 73.922374471028775, 19.412263997395883 ], [ 73.944373575846441, 19.387642415364553 ], [ 73.971067301432299, 19.379402669270974 ], [ 74.012391153971407, 19.364575195312625 ], [ 74.020599365234489, 19.320597330729242 ], [ 74.062143961588504, 19.249479166666731 ], [ 74.096301269531295, 19.233801269531341 ], [ 74.121468098958303, 19.220125325520826 ], [ 74.145621744791754, 19.22156575520836 ], [ 74.160760498047011, 19.204622395833269 ], [ 74.179400634765614, 19.19606933593758 ], [ 74.191198730468841, 19.182865397135515 ], [ 74.208801269531307, 19.167134602864564 ], [ 74.234256998698015, 19.138647460937591 ], [ 74.27766520182297, 19.118725585937625 ], [ 74.354400634765739, 19.104402669270883 ], [ 74.37893269856778, 19.087263997395951 ], [ 74.412733968099076, 19.079402669270962 ], [ 74.423771158854152, 19.055354817708462 ], [ 74.524428304036462, 19.027624511718841 ], [ 74.545599365234295, 19.003930664062523 ], [ 74.562733968099053, 18.996069335937534 ], [ 74.587266031901095, 18.978930664062602 ], [ 74.604400634765682, 18.971069335937557 ], [ 74.612266031901072, 18.937263997395974 ], [ 74.671067301432231, 18.887736002604299 ], [ 74.688572184244833, 18.860209147135492 ], [ 74.705560302734398, 18.845031738281364 ], [ 74.72059936523442, 18.81226399739586 ], [ 74.736317952474053, 18.783337402343818 ], [ 74.693654378255189, 18.745218912760549 ], [ 74.656317138671909, 18.747444661458417 ], [ 74.636092122395951, 18.681949869791708 ], [ 74.637845865885367, 18.652526855468807 ], [ 74.65440063476558, 18.637736002604186 ], [ 74.665372721354174, 18.625455729166731 ], [ 74.652056884765614, 18.6009521484375 ], [ 74.637266031901163, 18.587736002604288 ], [ 74.626588948567814, 18.575785319010492 ], [ 74.612733968098951, 18.545597330729265 ], [ 74.583127848307299, 18.503214518229299 ], [ 74.603519694010515, 18.465686035156352 ], [ 74.578932698567712, 18.454402669270792 ], [ 74.562733968099053, 18.412263997395939 ], [ 74.495599365234455, 18.404402669270894 ], [ 74.48380126953117, 18.39119873046883 ], [ 74.466198730468761, 18.375467936197936 ], [ 74.446044921875, 18.352913411458303 ], [ 74.416666666666742, 18.354663085937602 ], [ 74.3875, 18.352925618489621 ], [ 74.324713134765716, 18.356669108072992 ], [ 74.30440063476567, 18.379402669270974 ], [ 74.284256998697856, 18.388647460937591 ], [ 74.262733968099042, 18.412736002604163 ], [ 74.23325805664058, 18.421838378906273 ], [ 74.179282633463572, 18.412243652343875 ], [ 74.170788574218761, 18.412752278645826 ], [ 74.049163818359432, 18.401993815104106 ], [ 74.025, 18.415124511718773 ], [ 74.004400634765659, 18.4039306640625 ], [ 73.895599365234432, 18.396069335937511 ], [ 73.82587585449221, 18.386796061197913 ], [ 73.782484944661519, 18.363216145833462 ], [ 73.753932698567837, 18.354402669270883 ], [ 73.736949666341275, 18.33539632161461 ], [ 73.701738484700627, 18.321069335937466 ], [ 73.66937357584635, 18.338655598958439 ], [ 73.605636596679688, 18.334855143229106 ], [ 73.574225870768203, 18.317785644531227 ], [ 73.558333333333337, 18.3 ] ] ] } },
{ "type": "Feature", "properties": { "LABEL": 1.0, "GaugeID": "642", "_source_id": "642", "Id": null, "gridcode": null, "area": null, "OBJECTID": null, "Shape_Leng": null, "Shape_Area": null, "SS": null, "is_duplicate_geometry": false }, "geometry": { "type": "Polygon", "coordinates": [ [ [ 73.9, 19.408333333333331 ], [ 73.933333333333323, 19.408333333333331 ], [ 73.933333333333323, 19.391666666666666 ], [ 73.941666666666663, 19.391666666666666 ], [ 73.941666666666663, 19.383333333333333 ], [ 73.975, 19.383333333333333 ], [ 73.975, 19.375 ], [ 73.99166666666666, 19.375 ], [ 73.99166666666666, 19.366666666666664 ], [ 74.016666666666666, 19.366666666666664 ], [ 74.016666666666666, 19.316666666666666 ], [ 74.025, 19.316666666666666 ], [ 74.025, 19.30833333333333 ], [ 74.033333333333331, 19.30833333333333 ], [ 74.033333333333331, 19.291666666666664 ], [ 74.041666666666657, 19.291666666666664 ], [ 74.041666666666657, 19.275 ], [ 74.05, 19.275 ], [ 74.05, 19.266666666666666 ], [ 74.058333333333323, 19.266666666666666 ], [ 74.058333333333323, 19.25 ], [ 74.066666666666663, 19.25 ], [ 74.066666666666663, 19.241666666666664 ], [ 74.091666666666654, 19.241666666666664 ], [ 74.091666666666654, 19.233333333333331 ], [ 74.108333333333334, 19.233333333333331 ], [ 74.108333333333334, 19.225 ], [ 74.11666666666666, 19.225 ], [ 74.11666666666666, 19.216666666666665 ], [ 74.133333333333326, 19.216666666666665 ], [ 74.133333333333326, 19.225 ], [ 74.15, 19.225 ], [ 74.15, 19.208333333333332 ], [ 74.158333333333331, 19.208333333333332 ], [ 74.158333333333331, 19.2 ], [ 74.183333333333323, 19.2 ], [ 74.183333333333323, 19.18333333333333 ], [ 74.191666666666663, 19.18333333333333 ], [ 74.191666666666663, 19.175 ], [ 74.208333333333329, 19.175 ], [ 74.208333333333329, 19.166666666666664 ], [ 74.216666666666654, 19.166666666666664 ], [ 74.216666666666654, 19.15 ], [ 74.225, 19.15 ], [ 74.225, 19.141666666666666 ], [ 74.233333333333334, 19.141666666666666 ], [ 74.233333333333334, 19.133333333333333 ], [ 74.258333333333326, 19.133333333333333 ], [ 74.258333333333326, 19.125 ], [ 74.275, 19.125 ], [ 74.275, 19.116666666666664 ], [ 74.308333333333323, 19.116666666666664 ], [ 74.308333333333323, 19.108333333333331 ], [ 74.358333333333334, 19.108333333333331 ], [ 74.358333333333334, 19.1 ], [ 74.36666666666666, 19.1 ], [ 74.36666666666666, 19.091666666666665 ], [ 74.375, 19.091666666666665 ], [ 74.375, 19.083333333333332 ], [ 74.416666666666657, 19.083333333333332 ], [ 74.416666666666657, 19.05833333333333 ], [ 74.425, 19.05833333333333 ], [ 74.425, 19.05 ], [ 74.458333333333329, 19.05 ], [ 74.458333333333329, 19.041666666666664 ], [ 74.49166666666666, 19.041666666666664 ], [ 74.49166666666666, 19.033333333333331 ], [ 74.516666666666666, 19.033333333333331 ], [ 74.516666666666666, 19.025 ], [ 74.533333333333331, 19.025 ], [ 74.533333333333331, 19.016666666666666 ], [ 74.541666666666657, 19.016666666666666 ], [ 74.541666666666657, 19.0 ], [ 74.566666666666663, 19.0 ], [ 74.566666666666663, 18.991666666666664 ], [ 74.575, 18.991666666666664 ], [ 74.575, 18.983333333333331 ], [ 74.583333333333329, 18.983333333333331 ], [ 74.583333333333329, 18.975 ], [ 74.608333333333334, 18.975 ], [ 74.608333333333334, 18.93333333333333 ], [ 74.625, 18.93333333333333 ], [ 74.625, 18.925 ], [ 74.633333333333326, 18.925 ], [ 74.633333333333326, 18.916666666666664 ], [ 74.641666666666666, 18.916666666666664 ], [ 74.641666666666666, 18.908333333333331 ], [ 74.65, 18.908333333333331 ], [ 74.65, 18.9 ], [ 74.658333333333331, 18.9 ], [ 74.658333333333331, 18.891666666666666 ], [ 74.675, 18.891666666666666 ], [ 74.675, 18.875 ], [ 74.683333333333323, 18.875 ], [ 74.683333333333323, 18.858333333333331 ], [ 74.691666666666663, 18.858333333333331 ], [ 74.691666666666663, 18.85 ], [ 74.708333333333329, 18.85 ], [ 74.708333333333329, 18.833333333333332 ], [ 74.716666666666654, 18.833333333333332 ], [ 74.716666666666654, 18.80833333333333 ], [ 74.725, 18.80833333333333 ], [ 74.725, 18.8 ], [ 74.733333333333334, 18.8 ], [ 74.733333333333334, 18.791666666666664 ], [ 74.74166666666666, 18.791666666666664 ], [ 74.74166666666666, 18.783333333333331 ], [ 74.766666666666666, 18.783333333333331 ], [ 74.766666666666666, 18.775 ], [ 74.783333333333331, 18.775 ], [ 74.783333333333331, 18.766666666666666 ], [ 74.8, 18.766666666666666 ], [ 74.8, 18.758333333333333 ], [ 74.808333333333323, 18.758333333333333 ], [ 74.808333333333323, 18.75 ], [ 74.825, 18.75 ], [ 74.825, 18.741666666666664 ], [ 74.841666666666654, 18.741666666666664 ], [ 74.841666666666654, 18.733333333333331 ], [ 74.858333333333334, 18.733333333333331 ], [ 74.858333333333334, 18.725 ], [ 74.86666666666666, 18.725 ], [ 74.86666666666666, 18.708333333333332 ], [ 74.875, 18.708333333333332 ], [ 74.875, 18.7 ], [ 74.883333333333326, 18.7 ], [ 74.883333333333326, 18.691666666666666 ], [ 74.891666666666666, 18.691666666666666 ], [ 74.891666666666666, 18.68333333333333 ], [ 74.9, 18.68333333333333 ], [ 74.9, 18.675 ], [ 74.908333333333331, 18.675 ], [ 74.908333333333331, 18.666666666666664 ], [ 74.916666666666657, 18.666666666666664 ], [ 74.916666666666657, 18.658333333333331 ], [ 74.925, 18.658333333333331 ], [ 74.925, 18.65 ], [ 74.933333333333323, 18.65 ], [ 74.933333333333323, 18.641666666666666 ], [ 74.941666666666663, 18.641666666666666 ], [ 74.941666666666663, 18.625 ], [ 74.95, 18.625 ], [ 74.95, 18.616666666666664 ], [ 74.958333333333329, 18.616666666666664 ], [ 74.958333333333329, 18.583333333333332 ], [ 74.966666666666654, 18.583333333333332 ], [ 74.966666666666654, 18.55833333333333 ], [ 74.975, 18.55833333333333 ], [ 74.975, 18.55 ], [ 74.983333333333334, 18.55 ], [ 74.983333333333334, 18.541666666666664 ], [ 74.99166666666666, 18.541666666666664 ], [ 74.99166666666666, 18.533333333333331 ], [ 75.0, 18.533333333333331 ], [ 75.0, 18.525 ], [ 75.008333333333326, 18.525 ], [ 75.008333333333326, 18.5 ], [ 75.016666666666666, 18.5 ], [ 75.016666666666666, 18.491666666666664 ], [ 75.008333333333326, 18.491666666666664 ], [ 75.008333333333326, 18.475 ], [ 75.0, 18.475 ], [ 75.0, 18.466666666666665 ], [ 75.008333333333326, 18.466666666666665 ], [ 75.008333333333326, 18.45 ], [ 75.016666666666666, 18.45 ], [ 75.016666666666666, 18.441666666666666 ], [ 75.033333333333331, 18.441666666666666 ], [ 75.033333333333331, 18.43333333333333 ], [ 75.041666666666657, 18.43333333333333 ], [ 75.041666666666657, 18.425 ], [ 75.05, 18.425 ], [ 75.05, 18.416666666666664 ], [ 75.058333333333323, 18.416666666666664 ], [ 75.058333333333323, 18.425 ], [ 75.091666666666654, 18.425 ], [ 75.091666666666654, 18.416666666666664 ], [ 75.125, 18.416666666666664 ], [ 75.125, 18.408333333333331 ], [ 75.133333333333326, 18.408333333333331 ], [ 75.133333333333326, 18.4 ], [ 75.15, 18.4 ], [ 75.15, 18.375 ], [ 75.158333333333331, 18.375 ], [ 75.158333333333331, 18.358333333333331 ], [ 75.166666666666657, 18.358333333333331 ], [ 75.166666666666657, 18.35 ], [ 75.2, 18.35 ], [ 75.2, 18.333333333333332 ], [ 75.208333333333329, 18.333333333333332 ], [ 75.208333333333329, 18.325 ], [ 75.225, 18.325 ], [ 75.225, 18.30833333333333 ], [ 75.233333333333334, 18.30833333333333 ], [ 75.233333333333334, 18.258333333333333 ], [ 75.25, 18.258333333333333 ], [ 75.25, 18.241666666666664 ], [ 75.258333333333326, 18.241666666666664 ], [ 75.258333333333326, 18.225 ], [ 75.266666666666666, 18.225 ], [ 75.266666666666666, 18.2 ], [ 75.283333333333331, 18.2 ], [ 75.283333333333331, 18.191666666666666 ], [ 75.3, 18.191666666666666 ], [ 75.3, 18.175 ], [ 75.308333333333323, 18.175 ], [ 75.308333333333323, 18.166666666666664 ], [ 75.3, 18.166666666666664 ], [ 75.3, 18.158333333333331 ], [ 75.291666666666657, 18.158333333333331 ], [ 75.291666666666657, 18.141666666666666 ], [ 75.283333333333331, 18.141666666666666 ], [ 75.283333333333331, 18.116666666666664 ], [ 75.275, 18.116666666666664 ], [ 75.275, 18.108333333333331 ], [ 75.266666666666666, 18.108333333333331 ], [ 75.266666666666666, 18.1 ], [ 75.258333333333326, 18.1 ], [ 75.258333333333326, 18.091666666666665 ], [ 75.25, 18.091666666666665 ], [ 75.25, 18.066666666666666 ], [ 75.24166666666666, 18.066666666666666 ], [ 75.233333333333334, 18.066666666666666 ], [ 75.233333333333334, 18.05833333333333 ], [ 75.225, 18.05833333333333 ], [ 75.225, 18.05 ], [ 75.216666666666654, 18.05 ], [ 75.216666666666654, 18.033333333333331 ], [ 75.208333333333329, 18.033333333333331 ], [ 75.208333333333329, 18.008333333333333 ], [ 75.2, 18.008333333333333 ], [ 75.2, 17.991666666666664 ], [ 75.191666666666663, 17.991666666666664 ], [ 75.191666666666663, 17.983333333333331 ], [ 75.183333333333323, 17.983333333333331 ], [ 75.183333333333323, 17.975 ], [ 75.175, 17.975 ], [ 75.175, 17.983333333333331 ], [ 75.166666666666657, 17.983333333333331 ], [ 75.166666666666657, 17.975 ], [ 75.158333333333331, 17.975 ], [ 75.158333333333331, 17.966666666666665 ], [ 75.15, 17.966666666666665 ], [ 75.15, 17.958333333333332 ], [ 75.141666666666666, 17.958333333333332 ], [ 75.141666666666666, 17.93333333333333 ], [ 75.133333333333326, 17.93333333333333 ], [ 75.125, 17.93333333333333 ], [ 75.125, 17.925 ], [ 75.11666666666666, 17.925 ], [ 75.11666666666666, 17.916666666666664 ], [ 75.108333333333334, 17.916666666666664 ], [ 75.1, 17.916666666666664 ], [ 75.1, 17.908333333333331 ], [ 75.091666666666654, 17.908333333333331 ], [ 75.091666666666654, 17.9 ], [ 75.083333333333329, 17.9 ], [ 75.083333333333329, 17.891666666666666 ], [ 75.075, 17.891666666666666 ], [ 75.075, 17.883333333333333 ], [ 75.066666666666663, 17.883333333333333 ], [ 75.066666666666663, 17.858333333333331 ], [ 75.058333333333323, 17.858333333333331 ], [ 75.058333333333323, 17.85 ], [ 75.05, 17.85 ], [ 75.041666666666657, 17.85 ], [ 75.041666666666657, 17.841666666666665 ], [ 75.033333333333331, 17.841666666666665 ], [ 75.033333333333331, 17.833333333333332 ], [ 75.025, 17.833333333333332 ], [ 75.025, 17.80833333333333 ], [ 75.016666666666666, 17.80833333333333 ], [ 74.99166666666666, 17.80833333333333 ], [ 74.99166666666666, 17.8 ], [ 74.983333333333334, 17.8 ], [ 74.975, 17.8 ], [ 74.975, 17.791666666666664 ], [ 74.933333333333323, 17.791666666666664 ], [ 74.933333333333323, 17.8 ], [ 74.916666666666657, 17.8 ], [ 74.916666666666657, 17.791666666666664 ], [ 74.908333333333331, 17.791666666666664 ], [ 74.9, 17.791666666666664 ], [ 74.9, 17.783333333333331 ], [ 74.891666666666666, 17.783333333333331 ], [ 74.891666666666666, 17.75 ], [ 74.883333333333326, 17.75 ], [ 74.883333333333326, 17.741666666666664 ], [ 74.875, 17.741666666666664 ], [ 74.86666666666666, 17.741666666666664 ], [ 74.86666666666666, 17.725 ], [ 74.858333333333334, 17.725 ], [ 74.858333333333334, 17.716666666666665 ], [ 74.841666666666654, 17.716666666666665 ], [ 74.841666666666654, 17.733333333333331 ], [ 74.816666666666663, 17.733333333333331 ], [ 74.816666666666663, 17.741666666666664 ], [ 74.783333333333331, 17.741666666666664 ], [ 74.783333333333331, 17.75 ], [ 74.75, 17.75 ], [ 74.75, 17.758333333333333 ], [ 74.733333333333334, 17.758333333333333 ], [ 74.733333333333334, 17.766666666666666 ], [ 74.725, 17.766666666666666 ], [ 74.725, 17.775 ], [ 74.7, 17.775 ], [ 74.7, 17.783333333333331 ], [ 74.683333333333323, 17.783333333333331 ], [ 74.683333333333323, 17.791666666666664 ], [ 74.675, 17.791666666666664 ], [ 74.675, 17.825 ], [ 74.666666666666657, 17.825 ], [ 74.666666666666657, 17.841666666666665 ], [ 74.658333333333331, 17.841666666666665 ], [ 74.658333333333331, 17.825 ], [ 74.65, 17.825 ], [ 74.641666666666666, 17.825 ], [ 74.641666666666666, 17.816666666666666 ], [ 74.625, 17.816666666666666 ], [ 74.625, 17.825 ], [ 74.608333333333334, 17.825 ], [ 74.608333333333334, 17.833333333333332 ], [ 74.6, 17.833333333333332 ], [ 74.6, 17.841666666666665 ], [ 74.583333333333329, 17.841666666666665 ], [ 74.583333333333329, 17.85 ], [ 74.575, 17.85 ], [ 74.575, 17.858333333333331 ], [ 74.558333333333323, 17.858333333333331 ], [ 74.558333333333323, 17.85 ], [ 74.55, 17.85 ], [ 74.541666666666657, 17.85 ], [ 74.541666666666657, 17.841666666666665 ], [ 74.533333333333331, 17.841666666666665 ], [ 74.533333333333331, 17.85 ], [ 74.508333333333326, 17.85 ], [ 74.508333333333326, 17.841666666666665 ], [ 74.5, 17.841666666666665 ], [ 74.5, 17.833333333333332 ], [ 74.49166666666666, 17.833333333333332 ], [ 74.483333333333334, 17.833333333333332 ], [ 74.483333333333334, 17.825 ], [ 74.466666666666654, 17.825 ], [ 74.466666666666654, 17.833333333333332 ], [ 74.416666666666657, 17.833333333333332 ], [ 74.416666666666657, 17.825 ], [ 74.408333333333331, 17.825 ], [ 74.408333333333331, 17.816666666666666 ], [ 74.4, 17.816666666666666 ], [ 74.4, 17.8 ], [ 74.391666666666666, 17.8 ], [ 74.391666666666666, 17.791666666666664 ], [ 74.383333333333326, 17.791666666666664 ], [ 74.383333333333326, 17.8 ], [ 74.375, 17.8 ], [ 74.375, 17.80833333333333 ], [ 74.35, 17.80833333333333 ], [ 74.35, 17.816666666666666 ], [ 74.341666666666654, 17.816666666666666 ], [ 74.341666666666654, 17.825 ], [ 74.333333333333329, 17.825 ], [ 74.333333333333329, 17.833333333333332 ], [ 74.316666666666663, 17.833333333333332 ], [ 74.316666666666663, 17.841666666666665 ], [ 74.3, 17.841666666666665 ], [ 74.3, 17.85 ], [ 74.275, 17.85 ], [ 74.275, 17.875 ], [ 74.25, 17.875 ], [ 74.25, 17.883333333333333 ], [ 74.216666666666654, 17.883333333333333 ], [ 74.216666666666654, 17.875 ], [ 74.191666666666663, 17.875 ], [ 74.191666666666663, 17.891666666666666 ], [ 74.166666666666657, 17.891666666666666 ], [ 74.166666666666657, 17.883333333333333 ], [ 74.141666666666666, 17.883333333333333 ], [ 74.141666666666666, 17.9 ], [ 74.133333333333326, 17.9 ], [ 74.133333333333326, 17.916666666666664 ], [ 74.108333333333334, 17.916666666666664 ], [ 74.108333333333334, 17.925 ], [ 74.1, 17.925 ], [ 74.1, 17.958333333333332 ], [ 74.083333333333329, 17.958333333333332 ], [ 74.083333333333329, 17.983333333333331 ], [ 74.075, 17.983333333333331 ], [ 74.075, 17.991666666666664 ], [ 74.05, 17.991666666666664 ], [ 74.05, 18.0 ], [ 74.025, 18.0 ], [ 74.025, 18.008333333333333 ], [ 73.983333333333334, 18.008333333333333 ], [ 73.983333333333334, 18.016666666666666 ], [ 73.975, 18.016666666666666 ], [ 73.975, 18.025 ], [ 73.9, 18.025 ], [ 73.9, 18.033333333333331 ], [ 73.891666666666666, 18.033333333333331 ], [ 73.891666666666666, 18.025 ], [ 73.883333333333326, 18.025 ], [ 73.883333333333326, 18.033333333333331 ], [ 73.875, 18.033333333333331 ], [ 73.875, 18.041666666666664 ], [ 73.86666666666666, 18.041666666666664 ], [ 73.86666666666666, 18.033333333333331 ], [ 73.858333333333334, 18.033333333333331 ], [ 73.858333333333334, 18.025 ], [ 73.85, 18.025 ], [ 73.85, 18.033333333333331 ], [ 73.841666666666654, 18.033333333333331 ], [ 73.841666666666654, 18.025 ], [ 73.825, 18.025 ], [ 73.825, 18.033333333333331 ], [ 73.808333333333323, 18.033333333333331 ], [ 73.808333333333323, 18.025 ], [ 73.8, 18.025 ], [ 73.8, 18.016666666666666 ], [ 73.783333333333331, 18.016666666666666 ], [ 73.783333333333331, 18.025 ], [ 73.74166666666666, 18.025 ], [ 73.74166666666666, 18.033333333333331 ], [ 73.733333333333334, 18.033333333333331 ], [ 73.733333333333334, 18.041666666666664 ], [ 73.725, 18.041666666666664 ], [ 73.725, 18.05 ], [ 73.691666666666663, 18.05 ], [ 73.691666666666663, 18.041666666666664 ], [ 73.683333333333323, 18.041666666666664 ], [ 73.683333333333323, 18.033333333333331 ], [ 73.658333333333331, 18.033333333333331 ], [ 73.658333333333331, 18.041666666666664 ], [ 73.65, 18.041666666666664 ], [ 73.65, 18.05 ], [ 73.633333333333326, 18.05 ], [ 73.633333333333326, 18.05833333333333 ], [ 73.625, 18.05833333333333 ], [ 73.625, 18.091666666666665 ], [ 73.61666666666666, 18.091666666666665 ], [ 73.61666666666666, 18.1 ], [ 73.625, 18.1 ], [ 73.625, 18.108333333333331 ], [ 73.633333333333326, 18.108333333333331 ], [ 73.641666666666666, 18.108333333333331 ], [ 73.641666666666666, 18.116666666666664 ], [ 73.65, 18.116666666666664 ], [ 73.65, 18.133333333333333 ], [ 73.675, 18.133333333333333 ], [ 73.683333333333323, 18.133333333333333 ], [ 73.683333333333323, 18.166666666666664 ], [ 73.675, 18.166666666666664 ], [ 73.675, 18.175 ], [ 73.641666666666666, 18.175 ], [ 73.641666666666666, 18.18333333333333 ], [ 73.61666666666666, 18.18333333333333 ], [ 73.61666666666666, 18.191666666666666 ], [ 73.591666666666654, 18.191666666666666 ], [ 73.591666666666654, 18.2 ], [ 73.583333333333329, 18.2 ], [ 73.583333333333329, 18.208333333333332 ], [ 73.575, 18.208333333333332 ], [ 73.575, 18.216666666666665 ], [ 73.541666666666657, 18.216666666666665 ], [ 73.541666666666657, 18.233333333333331 ], [ 73.55, 18.233333333333331 ], [ 73.55, 18.258333333333333 ], [ 73.541666666666657, 18.258333333333333 ], [ 73.541666666666657, 18.283333333333331 ], [ 73.533333333333331, 18.283333333333331 ], [ 73.533333333333331, 18.3 ], [ 73.49166666666666, 18.3 ], [ 73.49166666666666, 18.30833333333333 ], [ 73.458333333333329, 18.30833333333333 ], [ 73.458333333333329, 18.325 ], [ 73.45, 18.325 ], [ 73.45, 18.333333333333332 ], [ 73.441666666666663, 18.333333333333332 ], [ 73.441666666666663, 18.341666666666665 ], [ 73.45, 18.341666666666665 ], [ 73.45, 18.375 ], [ 73.433333333333323, 18.375 ], [ 73.433333333333323, 18.391666666666666 ], [ 73.425, 18.391666666666666 ], [ 73.425, 18.408333333333331 ], [ 73.433333333333323, 18.408333333333331 ], [ 73.433333333333323, 18.416666666666664 ], [ 73.425, 18.416666666666664 ], [ 73.425, 18.425 ], [ 73.416666666666657, 18.425 ], [ 73.416666666666657, 18.466666666666665 ], [ 73.425, 18.466666666666665 ], [ 73.425, 18.525 ], [ 73.4, 18.525 ], [ 73.4, 18.516666666666666 ], [ 73.391666666666666, 18.516666666666666 ], [ 73.391666666666666, 18.533333333333331 ], [ 73.383333333333326, 18.533333333333331 ], [ 73.383333333333326, 18.541666666666664 ], [ 73.375, 18.541666666666664 ], [ 73.375, 18.575 ], [ 73.358333333333334, 18.575 ], [ 73.358333333333334, 18.583333333333332 ], [ 73.35, 18.583333333333332 ], [ 73.35, 18.591666666666665 ], [ 73.358333333333334, 18.591666666666665 ], [ 73.358333333333334, 18.6 ], [ 73.36666666666666, 18.6 ], [ 73.36666666666666, 18.608333333333331 ], [ 73.375, 18.608333333333331 ], [ 73.375, 18.616666666666664 ], [ 73.383333333333326, 18.616666666666664 ], [ 73.383333333333326, 18.641666666666666 ], [ 73.391666666666666, 18.641666666666666 ], [ 73.391666666666666, 18.65 ], [ 73.4, 18.65 ], [ 73.4, 18.675 ], [ 73.391666666666666, 18.675 ], [ 73.391666666666666, 18.7 ], [ 73.4, 18.7 ], [ 73.4, 18.716666666666665 ], [ 73.408333333333331, 18.716666666666665 ], [ 73.408333333333331, 18.733333333333331 ], [ 73.416666666666657, 18.733333333333331 ], [ 73.416666666666657, 18.775 ], [ 73.408333333333331, 18.775 ], [ 73.408333333333331, 18.783333333333331 ], [ 73.416666666666657, 18.783333333333331 ], [ 73.416666666666657, 18.80833333333333 ], [ 73.425, 18.80833333333333 ], [ 73.425, 18.825 ], [ 73.433333333333323, 18.825 ], [ 73.433333333333323, 18.841666666666665 ], [ 73.441666666666663, 18.841666666666665 ], [ 73.45, 18.841666666666665 ], [ 73.45, 18.875 ], [ 73.458333333333329, 18.875 ], [ 73.458333333333329, 18.883333333333333 ], [ 73.466666666666654, 18.883333333333333 ], [ 73.466666666666654, 18.916666666666664 ], [ 73.475, 18.916666666666664 ], [ 73.475, 18.95 ], [ 73.533333333333331, 18.95 ], [ 73.541666666666657, 18.95 ], [ 73.541666666666657, 18.966666666666665 ], [ 73.533333333333331, 18.966666666666665 ], [ 73.533333333333331, 18.975 ], [ 73.55, 18.975 ], [ 73.558333333333323, 18.975 ], [ 73.558333333333323, 18.983333333333331 ], [ 73.566666666666663, 18.983333333333331 ], [ 73.566666666666663, 19.025 ], [ 73.558333333333323, 19.025 ], [ 73.558333333333323, 19.033333333333331 ], [ 73.55, 19.033333333333331 ], [ 73.55, 19.066666666666666 ], [ 73.558333333333323, 19.066666666666666 ], [ 73.558333333333323, 19.083333333333332 ], [ 73.55, 19.083333333333332 ], [ 73.55, 19.091666666666665 ], [ 73.541666666666657, 19.091666666666665 ], [ 73.541666666666657, 19.108333333333331 ], [ 73.55, 19.108333333333331 ], [ 73.55, 19.116666666666664 ], [ 73.558333333333323, 19.116666666666664 ], [ 73.558333333333323, 19.166666666666664 ], [ 73.566666666666663, 19.166666666666664 ], [ 73.575, 19.166666666666664 ], [ 73.575, 19.175 ], [ 73.583333333333329, 19.175 ], [ 73.583333333333329, 19.18333333333333 ], [ 73.625, 19.18333333333333 ], [ 73.633333333333326, 19.18333333333333 ], [ 73.633333333333326, 19.191666666666666 ], [ 73.641666666666666, 19.191666666666666 ], [ 73.641666666666666, 19.208333333333332 ], [ 73.65, 19.208333333333332 ], [ 73.658333333333331, 19.208333333333332 ], [ 73.658333333333331, 19.225 ], [ 73.666666666666657, 19.225 ], [ 73.666666666666657, 19.233333333333331 ], [ 73.683333333333323, 19.233333333333331 ], [ 73.691666666666663, 19.233333333333331 ], [ 73.691666666666663, 19.241666666666664 ], [ 73.7, 19.241666666666664 ], [ 73.7, 19.275 ], [ 73.691666666666663, 19.275 ], [ 73.691666666666663, 19.291666666666664 ], [ 73.7, 19.291666666666664 ], [ 73.7, 19.3 ], [ 73.716666666666654, 19.3 ], [ 73.725, 19.3 ], [ 73.725, 19.30833333333333 ], [ 73.733333333333334, 19.30833333333333 ], [ 73.74166666666666, 19.30833333333333 ], [ 73.74166666666666, 19.316666666666666 ], [ 73.758333333333326, 19.316666666666666 ], [ 73.766666666666666, 19.316666666666666 ], [ 73.766666666666666, 19.325 ], [ 73.791666666666657, 19.325 ], [ 73.8, 19.325 ], [ 73.8, 19.341666666666665 ], [ 73.808333333333323, 19.341666666666665 ], [ 73.808333333333323, 19.391666666666666 ], [ 73.833333333333329, 19.391666666666666 ], [ 73.833333333333329, 19.383333333333333 ], [ 73.858333333333334, 19.383333333333333 ], [ 73.858333333333334, 19.391666666666666 ], [ 73.891666666666666, 19.391666666666666 ], [ 73.9, 19.391666666666666 ], [ 73.9, 19.408333333333331 ] ] ] } },
{ "type": "Feature", "properties": { "LABEL": null, "GaugeID": "643", "_source_id": "643", "Id": 1.0, "gridcode": 0.0, "area": null, "OBJECTID": 1.0, "Shape_Leng": 2.6177343086199998, "Shape_Area": 0.20740843859800001, "SS": null, "is_duplicate_geometry": false }, "geometry": { "type": "Polygon", "coordinates": [ [ [ 73.875, 16.325 ], [ 73.853932698567803, 16.328930664062511 ], [ 73.842960611979152, 16.341210937500136 ], [ 73.85532124837232, 16.36396077473961 ], [ 73.852912394205703, 16.404378255208371 ], [ 73.886353556315214, 16.434256998698061 ], [ 73.896453857421989, 16.456262207031216 ], [ 73.895211791992267, 16.477091471354186 ], [ 73.855073038737089, 16.48948567708328 ], [ 73.843631998698015, 16.55078125 ], [ 73.854400634765682, 16.570597330729242 ], [ 73.875675455729265, 16.616951497395917 ], [ 73.855997721354129, 16.634533691406318 ], [ 73.878520711262979, 16.67598063151047 ], [ 73.853932698567803, 16.68726399739586 ], [ 73.846067301432413, 16.746069335937591 ], [ 73.83184814453125, 16.772233072916663 ], [ 73.796469116210972, 16.770125325520837 ], [ 73.773594156901083, 16.782556152343886 ], [ 73.746090698242085, 16.825801595052155 ], [ 73.772545369466229, 16.837943522135447 ], [ 73.769135538736975, 16.895153808593705 ], [ 73.809808349609511, 16.920597330729095 ], [ 73.828932698567826, 16.878930664062466 ], [ 73.862733968098894, 16.871069335937477 ], [ 73.87099711100268, 16.853063964843841 ], [ 73.910094197591206, 16.835119628906341 ], [ 73.969720458984398, 16.838675944010447 ], [ 73.998256429036587, 16.818741861979163 ], [ 74.041666666666742, 16.821329752604129 ], [ 74.072875976562614, 16.819470214843761 ], [ 74.145701090494754, 16.80391031901047 ], [ 74.15833333333336, 16.804663085937477 ], [ 74.18333333333328, 16.803173828125125 ], [ 74.204166666666595, 16.804414876302019 ], [ 74.233097330729208, 16.802689615885356 ], [ 74.276495361328102, 16.81431477864578 ], [ 74.303698730468852, 16.799532063802133 ], [ 74.331262207031386, 16.786881510416663 ], [ 74.354166666666629, 16.78824462890617 ], [ 74.375000000000114, 16.787003580729277 ], [ 74.41144612630211, 16.789176432291754 ], [ 74.420599365234409, 16.778930664062557 ], [ 74.454400634765705, 16.771069335937568 ], [ 74.478932698567746, 16.762263997395848 ], [ 74.549344889322867, 16.754016113281352 ], [ 74.577986653645837, 16.708984375000114 ], [ 74.588075764974064, 16.676310221354242 ], [ 74.585139973958462, 16.627071126302155 ], [ 74.541666666666629, 16.629663085937523 ], [ 74.525, 16.628670247395803 ], [ 74.504561360677087, 16.629886881510515 ], [ 74.470438639322992, 16.603446451823061 ], [ 74.450000000000102, 16.604663085937545 ], [ 74.419435628255314, 16.602840169270905 ], [ 74.351922607421898, 16.613110351562511 ], [ 74.3375, 16.612251790364724 ], [ 74.3125, 16.613741048177076 ], [ 74.272292073567769, 16.611344401041777 ], [ 74.254353841145814, 16.621093749999943 ], [ 74.201165771484511, 16.617923990885402 ], [ 74.16782836914058, 16.56550699869797 ], [ 74.137266031901106, 16.546069335937545 ], [ 74.129400634765716, 16.528930664062614 ], [ 74.096765136718773, 16.508174641927098 ], [ 74.086781819661496, 16.475850423177064 ], [ 74.067822265625068, 16.440958658854299 ], [ 74.022172037760527, 16.407828776041697 ], [ 74.012733968098928, 16.387263997395848 ], [ 74.00080159505211, 16.365307617187455 ], [ 73.887449137369913, 16.338932291666708 ], [ 73.875, 16.325 ] ] ] } },
{ "type": "Feature", "properties": { "LABEL": 1.0, "GaugeID": "645", "_source_id": "645", "Id": null, "gridcode": null, "area": null, "OBJECTID": null, "Shape_Leng": null, "Shape_Area": null, "SS": null, "is_duplicate_geometry": false }, "geometry": { "type": "Polygon", "coordinates": [ [ [ 73.65, 20.183333333333337 ], [ 73.675, 20.183333333333337 ], [ 73.675, 20.175 ], [ 73.683333333333337, 20.175 ], [ 73.683333333333337, 20.166666666666671 ], [ 73.716666666666669, 20.166666666666671 ], [ 73.716666666666669, 20.158333333333339 ], [ 73.733333333333334, 20.158333333333339 ], [ 73.733333333333334, 20.15 ], [ 73.741666666666674, 20.15 ], [ 73.741666666666674, 20.141666666666669 ], [ 73.75, 20.141666666666669 ], [ 73.75, 20.1 ], [ 73.75833333333334, 20.1 ], [ 73.75833333333334, 20.091666666666672 ], [ 73.766666666666666, 20.091666666666672 ], [ 73.766666666666666, 20.083333333333336 ], [ 73.841666666666669, 20.083333333333336 ], [ 73.841666666666669, 20.041666666666671 ], [ 73.833333333333329, 20.041666666666671 ], [ 73.833333333333329, 20.0 ], [ 73.825, 20.0 ], [ 73.825, 19.966666666666672 ], [ 73.816666666666663, 19.966666666666672 ], [ 73.808333333333337, 19.966666666666672 ], [ 73.808333333333337, 19.958333333333336 ], [ 73.8, 19.958333333333336 ], [ 73.75, 19.958333333333336 ], [ 73.75, 19.95 ], [ 73.741666666666674, 19.95 ], [ 73.741666666666674, 19.94166666666667 ], [ 73.733333333333334, 19.94166666666667 ], [ 73.658333333333331, 19.94166666666667 ], [ 73.658333333333331, 19.933333333333337 ], [ 73.65, 19.933333333333337 ], [ 73.625, 19.933333333333337 ], [ 73.625, 19.925 ], [ 73.558333333333337, 19.925 ], [ 73.558333333333337, 19.933333333333337 ], [ 73.541666666666671, 19.933333333333337 ], [ 73.541666666666671, 19.925 ], [ 73.533333333333331, 19.925 ], [ 73.533333333333331, 19.916666666666671 ], [ 73.525, 19.916666666666671 ], [ 73.50833333333334, 19.916666666666671 ], [ 73.50833333333334, 19.908333333333339 ], [ 73.5, 19.908333333333339 ], [ 73.5, 19.916666666666671 ], [ 73.483333333333334, 19.916666666666671 ], [ 73.483333333333334, 19.991666666666671 ], [ 73.491666666666674, 19.991666666666671 ], [ 73.491666666666674, 20.0 ], [ 73.5, 20.0 ], [ 73.5, 20.05 ], [ 73.516666666666666, 20.05 ], [ 73.525, 20.05 ], [ 73.525, 20.083333333333336 ], [ 73.533333333333331, 20.083333333333336 ], [ 73.533333333333331, 20.091666666666672 ], [ 73.541666666666671, 20.091666666666672 ], [ 73.541666666666671, 20.1 ], [ 73.6, 20.1 ], [ 73.608333333333334, 20.1 ], [ 73.608333333333334, 20.116666666666671 ], [ 73.616666666666674, 20.116666666666671 ], [ 73.625, 20.116666666666671 ], [ 73.625, 20.158333333333339 ], [ 73.63333333333334, 20.158333333333339 ], [ 73.641666666666666, 20.158333333333339 ], [ 73.641666666666666, 20.166666666666671 ], [ 73.65, 20.166666666666671 ], [ 73.65, 20.183333333333337 ] ] ] } },
{ "type": "Feature", "properties": { "LABEL": 1.0, "GaugeID": "646", "_source_id": "646", "Id": null, "gridcode": null, "area": null, "OBJECTID": null, "Shape_Leng": null, "Shape_Area": null, "SS": null, "is_duplicate_geometry": false }, "geometry": { "type": "Polygon", "coordinates": [ [ [ 73.35, 18.758333333333333 ], [ 73.358333333333334, 18.758333333333333 ], [ 73.358333333333334, 18.75 ], [ 73.36666666666666, 18.75 ], [ 73.36666666666666, 18.741666666666667 ], [ 73.383333333333326, 18.741666666666667 ], [ 73.383333333333326, 18.733333333333334 ], [ 73.391666666666666, 18.733333333333334 ], [ 73.391666666666666, 18.716666666666665 ], [ 73.4, 18.716666666666665 ], [ 73.4, 18.7 ], [ 73.391666666666666, 18.7 ], [ 73.391666666666666, 18.675 ], [ 73.4, 18.675 ], [ 73.4, 18.65 ], [ 73.391666666666666, 18.65 ], [ 73.391666666666666, 18.641666666666666 ], [ 73.383333333333326, 18.641666666666666 ], [ 73.383333333333326, 18.616666666666667 ], [ 73.375, 18.616666666666667 ], [ 73.375, 18.608333333333334 ], [ 73.36666666666666, 18.608333333333334 ], [ 73.36666666666666, 18.6 ], [ 73.358333333333334, 18.6 ], [ 73.358333333333334, 18.591666666666665 ], [ 73.35, 18.591666666666665 ], [ 73.35, 18.583333333333332 ], [ 73.341666666666669, 18.583333333333332 ], [ 73.341666666666669, 18.566666666666666 ], [ 73.333333333333329, 18.566666666666666 ], [ 73.333333333333329, 18.558333333333334 ], [ 73.325, 18.558333333333334 ], [ 73.325, 18.55 ], [ 73.316666666666663, 18.55 ], [ 73.316666666666663, 18.533333333333331 ], [ 73.308333333333337, 18.533333333333331 ], [ 73.3, 18.533333333333331 ], [ 73.3, 18.525 ], [ 73.291666666666671, 18.525 ], [ 73.291666666666671, 18.516666666666666 ], [ 73.283333333333331, 18.516666666666666 ], [ 73.283333333333331, 18.508333333333333 ], [ 73.275, 18.508333333333333 ], [ 73.266666666666666, 18.508333333333333 ], [ 73.266666666666666, 18.491666666666667 ], [ 73.258333333333326, 18.491666666666667 ], [ 73.225, 18.491666666666667 ], [ 73.225, 18.483333333333334 ], [ 73.216666666666669, 18.483333333333334 ], [ 73.216666666666669, 18.475 ], [ 73.166666666666671, 18.475 ], [ 73.166666666666671, 18.483333333333334 ], [ 73.158333333333331, 18.483333333333334 ], [ 73.158333333333331, 18.5 ], [ 73.166666666666671, 18.5 ], [ 73.175, 18.5 ], [ 73.175, 18.541666666666668 ], [ 73.166666666666671, 18.541666666666668 ], [ 73.166666666666671, 18.55 ], [ 73.175, 18.55 ], [ 73.175, 18.558333333333334 ], [ 73.183333333333337, 18.558333333333334 ], [ 73.183333333333337, 18.566666666666666 ], [ 73.191666666666663, 18.566666666666666 ], [ 73.191666666666663, 18.625 ], [ 73.2, 18.625 ], [ 73.2, 18.641666666666666 ], [ 73.208333333333329, 18.641666666666666 ], [ 73.208333333333329, 18.65 ], [ 73.216666666666669, 18.65 ], [ 73.225, 18.65 ], [ 73.225, 18.658333333333331 ], [ 73.24166666666666, 18.658333333333331 ], [ 73.25, 18.658333333333331 ], [ 73.25, 18.691666666666666 ], [ 73.258333333333326, 18.691666666666666 ], [ 73.266666666666666, 18.691666666666666 ], [ 73.266666666666666, 18.7 ], [ 73.275, 18.7 ], [ 73.275, 18.716666666666665 ], [ 73.283333333333331, 18.716666666666665 ], [ 73.283333333333331, 18.733333333333334 ], [ 73.291666666666671, 18.733333333333334 ], [ 73.3, 18.733333333333334 ], [ 73.3, 18.741666666666667 ], [ 73.308333333333337, 18.741666666666667 ], [ 73.308333333333337, 18.75 ], [ 73.316666666666663, 18.75 ], [ 73.316666666666663, 18.741666666666667 ], [ 73.333333333333329, 18.741666666666667 ], [ 73.333333333333329, 18.75 ], [ 73.341666666666669, 18.75 ], [ 73.35, 18.75 ], [ 73.35, 18.758333333333333 ] ] ] } },
{ "type": "Feature", "properties": { "LABEL": 1.0, "GaugeID": "648", "_source_id": "648", "Id": null, "gridcode": null, "area": null, "OBJECTID": null, "Shape_Leng": null, "Shape_Area": null, "SS": null, "is_duplicate_geometry": false }, "geometry": { "type": "Polygon", "coordinates": [ [ [ 73.108333333333334, 18.75 ], [ 73.166666666666671, 18.75 ], [ 73.166666666666671, 18.741666666666667 ], [ 73.208333333333329, 18.741666666666667 ], [ 73.208333333333329, 18.733333333333334 ], [ 73.225, 18.733333333333334 ], [ 73.225, 18.725 ], [ 73.25833333333334, 18.725 ], [ 73.25833333333334, 18.716666666666665 ], [ 73.275, 18.716666666666665 ], [ 73.275, 18.7 ], [ 73.266666666666666, 18.7 ], [ 73.266666666666666, 18.691666666666666 ], [ 73.25833333333334, 18.691666666666666 ], [ 73.25, 18.691666666666666 ], [ 73.25, 18.658333333333335 ], [ 73.241666666666674, 18.658333333333335 ], [ 73.225, 18.658333333333335 ], [ 73.225, 18.65 ], [ 73.216666666666669, 18.65 ], [ 73.208333333333329, 18.65 ], [ 73.208333333333329, 18.641666666666666 ], [ 73.2, 18.641666666666666 ], [ 73.2, 18.666666666666668 ], [ 73.191666666666663, 18.666666666666668 ], [ 73.191666666666663, 18.675 ], [ 73.183333333333337, 18.675 ], [ 73.183333333333337, 18.683333333333334 ], [ 73.141666666666666, 18.683333333333334 ], [ 73.141666666666666, 18.691666666666666 ], [ 73.125, 18.691666666666666 ], [ 73.125, 18.7 ], [ 73.1, 18.7 ], [ 73.1, 18.708333333333332 ], [ 73.091666666666669, 18.708333333333332 ], [ 73.091666666666669, 18.733333333333334 ], [ 73.1, 18.733333333333334 ], [ 73.1, 18.741666666666667 ], [ 73.108333333333334, 18.741666666666667 ], [ 73.108333333333334, 18.75 ] ] ] } },
{ "type": "Feature", "properties": { "LABEL": 1.0, "GaugeID": "654", "_source_id": "654", "Id": null, "gridcode": null, "area": null, "OBJECTID": null, "Shape_Leng": null, "Shape_Area": null, "SS": null, "is_duplicate_geometry": false }, "geometry": { "type": "Polygon", "coordinates": [ [ [ 73.630833333333342, 17.965833333333332 ], [ 73.640833333333347, 17.965833333333332 ], [ 73.640833333333347, 17.965 ], [ 73.64166666666668, 17.965 ], [ 73.64166666666668, 17.964166666666667 ], [ 73.643333333333345, 17.964166666666667 ], [ 73.643333333333345, 17.963333333333331 ], [ 73.6525, 17.963333333333331 ], [ 73.6525, 17.964166666666667 ], [ 73.6575, 17.964166666666667 ], [ 73.6575, 17.963333333333331 ], [ 73.659166666666678, 17.963333333333331 ], [ 73.659166666666678, 17.964166666666667 ], [ 73.66, 17.964166666666667 ], [ 73.66, 17.965 ], [ 73.660833333333343, 17.965 ], [ 73.660833333333343, 17.964166666666667 ], [ 73.661666666666676, 17.964166666666667 ], [ 73.661666666666676, 17.963333333333331 ], [ 73.663333333333341, 17.963333333333331 ], [ 73.663333333333341, 17.9625 ], [ 73.664166666666674, 17.9625 ], [ 73.664166666666674, 17.961666666666666 ], [ 73.665, 17.961666666666666 ], [ 73.665, 17.960833333333333 ], [ 73.665833333333339, 17.960833333333333 ], [ 73.665833333333339, 17.96 ], [ 73.666666666666671, 17.96 ], [ 73.666666666666671, 17.958333333333332 ], [ 73.668333333333337, 17.958333333333332 ], [ 73.668333333333337, 17.9575 ], [ 73.669166666666669, 17.9575 ], [ 73.669166666666669, 17.955 ], [ 73.67, 17.955 ], [ 73.67, 17.951666666666664 ], [ 73.669166666666669, 17.951666666666664 ], [ 73.669166666666669, 17.949166666666667 ], [ 73.67, 17.949166666666667 ], [ 73.67, 17.948333333333334 ], [ 73.670833333333348, 17.948333333333334 ], [ 73.670833333333348, 17.945833333333333 ], [ 73.67, 17.945833333333333 ], [ 73.67, 17.945 ], [ 73.669166666666669, 17.945 ], [ 73.669166666666669, 17.944166666666664 ], [ 73.668333333333337, 17.944166666666664 ], [ 73.668333333333337, 17.943333333333332 ], [ 73.6675, 17.943333333333332 ], [ 73.6675, 17.9425 ], [ 73.666666666666671, 17.9425 ], [ 73.666666666666671, 17.941666666666666 ], [ 73.665833333333339, 17.941666666666666 ], [ 73.665833333333339, 17.940833333333334 ], [ 73.665, 17.940833333333334 ], [ 73.663333333333341, 17.940833333333334 ], [ 73.663333333333341, 17.94 ], [ 73.6625, 17.94 ], [ 73.660833333333343, 17.94 ], [ 73.660833333333343, 17.939166666666665 ], [ 73.66, 17.939166666666665 ], [ 73.66, 17.938333333333333 ], [ 73.659166666666678, 17.938333333333333 ], [ 73.659166666666678, 17.9375 ], [ 73.658333333333346, 17.9375 ], [ 73.6575, 17.9375 ], [ 73.6575, 17.935833333333331 ], [ 73.65666666666668, 17.935833333333331 ], [ 73.65666666666668, 17.9325 ], [ 73.655833333333348, 17.9325 ], [ 73.655833333333348, 17.93 ], [ 73.655, 17.93 ], [ 73.655, 17.929166666666667 ], [ 73.655833333333348, 17.929166666666667 ], [ 73.655833333333348, 17.926666666666666 ], [ 73.658333333333346, 17.926666666666666 ], [ 73.658333333333346, 17.925833333333333 ], [ 73.659166666666678, 17.925833333333333 ], [ 73.659166666666678, 17.925 ], [ 73.660833333333343, 17.925 ], [ 73.660833333333343, 17.924166666666665 ], [ 73.6625, 17.924166666666665 ], [ 73.6625, 17.923333333333332 ], [ 73.663333333333341, 17.923333333333332 ], [ 73.663333333333341, 17.9225 ], [ 73.665, 17.9225 ], [ 73.665, 17.921666666666667 ], [ 73.665833333333339, 17.921666666666667 ], [ 73.665833333333339, 17.920833333333331 ], [ 73.668333333333337, 17.920833333333331 ], [ 73.668333333333337, 17.921666666666667 ], [ 73.674166666666679, 17.921666666666667 ], [ 73.674166666666679, 17.920833333333331 ], [ 73.675, 17.920833333333331 ], [ 73.675, 17.919166666666666 ], [ 73.675833333333344, 17.919166666666666 ], [ 73.675833333333344, 17.9175 ], [ 73.676666666666677, 17.9175 ], [ 73.676666666666677, 17.916666666666664 ], [ 73.6775, 17.916666666666664 ], [ 73.6775, 17.915833333333332 ], [ 73.678333333333342, 17.915833333333332 ], [ 73.678333333333342, 17.915 ], [ 73.680833333333339, 17.915 ], [ 73.680833333333339, 17.914166666666667 ], [ 73.681666666666672, 17.914166666666667 ], [ 73.681666666666672, 17.913333333333334 ], [ 73.6825, 17.913333333333334 ], [ 73.6825, 17.9125 ], [ 73.68416666666667, 17.9125 ], [ 73.68416666666667, 17.910833333333333 ], [ 73.685, 17.910833333333333 ], [ 73.685, 17.91 ], [ 73.688333333333347, 17.91 ], [ 73.688333333333347, 17.909166666666664 ], [ 73.69, 17.909166666666664 ], [ 73.69, 17.908333333333331 ], [ 73.691666666666677, 17.908333333333331 ], [ 73.691666666666677, 17.9075 ], [ 73.693333333333342, 17.9075 ], [ 73.693333333333342, 17.906666666666666 ], [ 73.694166666666675, 17.906666666666666 ], [ 73.694166666666675, 17.905 ], [ 73.695, 17.905 ], [ 73.695, 17.903333333333332 ], [ 73.69583333333334, 17.903333333333332 ], [ 73.69583333333334, 17.901666666666667 ], [ 73.696666666666673, 17.901666666666667 ], [ 73.696666666666673, 17.9 ], [ 73.698333333333338, 17.9 ], [ 73.698333333333338, 17.899166666666666 ], [ 73.69916666666667, 17.899166666666666 ], [ 73.69916666666667, 17.898333333333333 ], [ 73.7, 17.898333333333333 ], [ 73.7, 17.8975 ], [ 73.706666666666678, 17.8975 ], [ 73.706666666666678, 17.896666666666665 ], [ 73.709166666666675, 17.896666666666665 ], [ 73.709166666666675, 17.895833333333332 ], [ 73.711666666666673, 17.895833333333332 ], [ 73.711666666666673, 17.895 ], [ 73.710833333333341, 17.895 ], [ 73.710833333333341, 17.8925 ], [ 73.711666666666673, 17.8925 ], [ 73.711666666666673, 17.891666666666666 ], [ 73.7125, 17.891666666666666 ], [ 73.7125, 17.889166666666664 ], [ 73.713333333333338, 17.889166666666664 ], [ 73.713333333333338, 17.8875 ], [ 73.715, 17.8875 ], [ 73.715, 17.886666666666667 ], [ 73.7175, 17.886666666666667 ], [ 73.7175, 17.885833333333334 ], [ 73.718333333333348, 17.885833333333334 ], [ 73.718333333333348, 17.885 ], [ 73.71916666666668, 17.885 ], [ 73.71916666666668, 17.884166666666665 ], [ 73.720833333333346, 17.884166666666665 ], [ 73.720833333333346, 17.883333333333333 ], [ 73.721666666666678, 17.883333333333333 ], [ 73.721666666666678, 17.880833333333332 ], [ 73.723333333333343, 17.880833333333332 ], [ 73.723333333333343, 17.88 ], [ 73.725833333333341, 17.88 ], [ 73.725833333333341, 17.879166666666666 ], [ 73.726666666666674, 17.879166666666666 ], [ 73.726666666666674, 17.878333333333334 ], [ 73.7275, 17.878333333333334 ], [ 73.7275, 17.875833333333333 ], [ 73.726666666666674, 17.875833333333333 ], [ 73.726666666666674, 17.875 ], [ 73.7275, 17.875 ], [ 73.7275, 17.8725 ], [ 73.726666666666674, 17.8725 ], [ 73.726666666666674, 17.871666666666666 ], [ 73.7275, 17.871666666666666 ], [ 73.7275, 17.870833333333334 ], [ 73.728333333333339, 17.870833333333334 ], [ 73.728333333333339, 17.868333333333332 ], [ 73.729166666666671, 17.868333333333332 ], [ 73.729166666666671, 17.866666666666667 ], [ 73.73, 17.866666666666667 ], [ 73.73, 17.864166666666666 ], [ 73.729166666666671, 17.864166666666666 ], [ 73.729166666666671, 17.863333333333333 ], [ 73.728333333333339, 17.863333333333333 ], [ 73.728333333333339, 17.8625 ], [ 73.7275, 17.8625 ], [ 73.7275, 17.861666666666665 ], [ 73.728333333333339, 17.861666666666665 ], [ 73.728333333333339, 17.859166666666667 ], [ 73.729166666666671, 17.859166666666667 ], [ 73.729166666666671, 17.8575 ], [ 73.73, 17.8575 ], [ 73.73, 17.854166666666664 ], [ 73.730833333333337, 17.854166666666664 ], [ 73.730833333333337, 17.851666666666667 ], [ 73.731666666666669, 17.851666666666667 ], [ 73.731666666666669, 17.850833333333334 ], [ 73.7325, 17.850833333333334 ], [ 73.7325, 17.85 ], [ 73.733333333333348, 17.85 ], [ 73.733333333333348, 17.848333333333333 ], [ 73.734166666666681, 17.848333333333333 ], [ 73.734166666666681, 17.8475 ], [ 73.735, 17.8475 ], [ 73.735, 17.846666666666664 ], [ 73.735833333333346, 17.846666666666664 ], [ 73.735833333333346, 17.844166666666666 ], [ 73.736666666666679, 17.844166666666666 ], [ 73.736666666666679, 17.843333333333334 ], [ 73.7375, 17.843333333333334 ], [ 73.7375, 17.8425 ], [ 73.738333333333344, 17.8425 ], [ 73.738333333333344, 17.841666666666665 ], [ 73.739166666666677, 17.841666666666665 ], [ 73.739166666666677, 17.840833333333332 ], [ 73.74, 17.840833333333332 ], [ 73.74, 17.84 ], [ 73.741666666666674, 17.84 ], [ 73.741666666666674, 17.839166666666667 ], [ 73.744166666666672, 17.839166666666667 ], [ 73.744166666666672, 17.838333333333331 ], [ 73.745, 17.838333333333331 ], [ 73.745, 17.8375 ], [ 73.745833333333337, 17.8375 ], [ 73.745833333333337, 17.836666666666666 ], [ 73.7475, 17.836666666666666 ], [ 73.7475, 17.835833333333333 ], [ 73.748333333333335, 17.835833333333333 ], [ 73.748333333333335, 17.8325 ], [ 73.749166666666682, 17.8325 ], [ 73.749166666666682, 17.830833333333331 ], [ 73.75, 17.830833333333331 ], [ 73.75, 17.83 ], [ 73.750833333333347, 17.83 ], [ 73.750833333333347, 17.828333333333333 ], [ 73.751666666666679, 17.828333333333333 ], [ 73.751666666666679, 17.8275 ], [ 73.7525, 17.8275 ], [ 73.7525, 17.825833333333332 ], [ 73.753333333333345, 17.825833333333332 ], [ 73.753333333333345, 17.824166666666667 ], [ 73.754166666666677, 17.824166666666667 ], [ 73.754166666666677, 17.823333333333334 ], [ 73.755, 17.823333333333334 ], [ 73.755, 17.8225 ], [ 73.755833333333342, 17.8225 ], [ 73.755833333333342, 17.821666666666665 ], [ 73.755, 17.821666666666665 ], [ 73.755, 17.818333333333332 ], [ 73.754166666666677, 17.818333333333332 ], [ 73.754166666666677, 17.816666666666666 ], [ 73.755, 17.816666666666666 ], [ 73.755, 17.815833333333334 ], [ 73.755833333333342, 17.815833333333334 ], [ 73.755833333333342, 17.814166666666665 ], [ 73.756666666666675, 17.814166666666665 ], [ 73.756666666666675, 17.811666666666667 ], [ 73.7575, 17.811666666666667 ], [ 73.7575, 17.81 ], [ 73.75833333333334, 17.81 ], [ 73.75833333333334, 17.808333333333334 ], [ 73.759166666666673, 17.808333333333334 ], [ 73.759166666666673, 17.8075 ], [ 73.76, 17.8075 ], [ 73.76, 17.805 ], [ 73.760833333333338, 17.805 ], [ 73.760833333333338, 17.8025 ], [ 73.76166666666667, 17.8025 ], [ 73.76166666666667, 17.801666666666666 ], [ 73.7625, 17.801666666666666 ], [ 73.7625, 17.8 ], [ 73.764166666666668, 17.8 ], [ 73.764166666666668, 17.799166666666665 ], [ 73.76666666666668, 17.799166666666665 ], [ 73.76666666666668, 17.798333333333332 ], [ 73.7675, 17.798333333333332 ], [ 73.7675, 17.7975 ], [ 73.768333333333345, 17.7975 ], [ 73.768333333333345, 17.796666666666667 ], [ 73.77, 17.796666666666667 ], [ 73.77, 17.795 ], [ 73.771666666666675, 17.795 ], [ 73.771666666666675, 17.794166666666666 ], [ 73.773333333333341, 17.794166666666666 ], [ 73.773333333333341, 17.793333333333333 ], [ 73.775833333333338, 17.793333333333333 ], [ 73.775833333333338, 17.7925 ], [ 73.7775, 17.7925 ], [ 73.7775, 17.791666666666664 ], [ 73.778333333333336, 17.791666666666664 ], [ 73.778333333333336, 17.790833333333332 ], [ 73.78, 17.790833333333332 ], [ 73.78, 17.79 ], [ 73.780833333333348, 17.79 ], [ 73.780833333333348, 17.7875 ], [ 73.78166666666668, 17.7875 ], [ 73.78166666666668, 17.780833333333334 ], [ 73.7825, 17.780833333333334 ], [ 73.7825, 17.778333333333332 ], [ 73.78166666666668, 17.778333333333332 ], [ 73.78166666666668, 17.774166666666666 ], [ 73.780833333333348, 17.774166666666666 ], [ 73.780833333333348, 17.770833333333332 ], [ 73.78, 17.770833333333332 ], [ 73.78, 17.7675 ], [ 73.780833333333348, 17.7675 ], [ 73.780833333333348, 17.765 ], [ 73.78166666666668, 17.765 ], [ 73.78166666666668, 17.764166666666664 ], [ 73.7825, 17.764166666666664 ], [ 73.7825, 17.763333333333332 ], [ 73.783333333333346, 17.763333333333332 ], [ 73.783333333333346, 17.761666666666667 ], [ 73.784166666666678, 17.761666666666667 ], [ 73.784166666666678, 17.760833333333334 ], [ 73.785, 17.760833333333334 ], [ 73.785, 17.759166666666665 ], [ 73.785833333333343, 17.759166666666665 ], [ 73.785833333333343, 17.758333333333333 ], [ 73.786666666666676, 17.758333333333333 ], [ 73.786666666666676, 17.7575 ], [ 73.788333333333341, 17.7575 ], [ 73.788333333333341, 17.756666666666664 ], [ 73.789166666666674, 17.756666666666664 ], [ 73.789166666666674, 17.755833333333332 ], [ 73.790833333333339, 17.755833333333332 ], [ 73.790833333333339, 17.755 ], [ 73.791666666666671, 17.755 ], [ 73.791666666666671, 17.745 ], [ 73.7925, 17.745 ], [ 73.7925, 17.743333333333332 ], [ 73.793333333333337, 17.743333333333332 ], [ 73.793333333333337, 17.736666666666665 ], [ 73.794166666666669, 17.736666666666665 ], [ 73.794166666666669, 17.734166666666667 ], [ 73.795833333333348, 17.734166666666667 ], [ 73.795833333333348, 17.7325 ], [ 73.795, 17.7325 ], [ 73.795, 17.731666666666666 ], [ 73.795833333333348, 17.731666666666666 ], [ 73.795833333333348, 17.730833333333333 ], [ 73.795, 17.730833333333333 ], [ 73.795, 17.7275 ], [ 73.794166666666669, 17.7275 ], [ 73.794166666666669, 17.726666666666667 ], [ 73.793333333333337, 17.726666666666667 ], [ 73.793333333333337, 17.7225 ], [ 73.794166666666669, 17.7225 ], [ 73.794166666666669, 17.721666666666664 ], [ 73.795, 17.721666666666664 ], [ 73.795, 17.720833333333331 ], [ 73.795833333333348, 17.720833333333331 ], [ 73.795833333333348, 17.72 ], [ 73.796666666666681, 17.72 ], [ 73.796666666666681, 17.719166666666666 ], [ 73.7975, 17.719166666666666 ], [ 73.7975, 17.715833333333332 ], [ 73.798333333333346, 17.715833333333332 ], [ 73.798333333333346, 17.714166666666667 ], [ 73.799166666666679, 17.714166666666667 ], [ 73.799166666666679, 17.713333333333331 ], [ 73.8, 17.713333333333331 ], [ 73.8, 17.711666666666666 ], [ 73.800833333333344, 17.711666666666666 ], [ 73.800833333333344, 17.710833333333333 ], [ 73.801666666666677, 17.710833333333333 ], [ 73.801666666666677, 17.71 ], [ 73.803333333333342, 17.71 ], [ 73.803333333333342, 17.705 ], [ 73.8025, 17.705 ], [ 73.8025, 17.700833333333332 ], [ 73.801666666666677, 17.700833333333332 ], [ 73.801666666666677, 17.696666666666665 ], [ 73.800833333333344, 17.696666666666665 ], [ 73.800833333333344, 17.691666666666666 ], [ 73.8, 17.691666666666666 ], [ 73.8, 17.685833333333331 ], [ 73.799166666666679, 17.685833333333331 ], [ 73.799166666666679, 17.684166666666666 ], [ 73.8, 17.684166666666666 ], [ 73.8, 17.6825 ], [ 73.800833333333344, 17.6825 ], [ 73.800833333333344, 17.680833333333332 ], [ 73.801666666666677, 17.680833333333332 ], [ 73.801666666666677, 17.68 ], [ 73.8025, 17.68 ], [ 73.8025, 17.678333333333331 ], [ 73.803333333333342, 17.678333333333331 ], [ 73.803333333333342, 17.676666666666666 ], [ 73.8025, 17.676666666666666 ], [ 73.8025, 17.675833333333333 ], [ 73.801666666666677, 17.675833333333333 ], [ 73.801666666666677, 17.675 ], [ 73.8025, 17.675 ], [ 73.8025, 17.673333333333332 ], [ 73.803333333333342, 17.673333333333332 ], [ 73.803333333333342, 17.670833333333331 ], [ 73.804166666666674, 17.670833333333331 ], [ 73.804166666666674, 17.67 ], [ 73.805, 17.67 ], [ 73.805, 17.669166666666666 ], [ 73.806666666666672, 17.669166666666666 ], [ 73.806666666666672, 17.668333333333333 ], [ 73.8075, 17.668333333333333 ], [ 73.8075, 17.6675 ], [ 73.808333333333337, 17.6675 ], [ 73.808333333333337, 17.665 ], [ 73.80916666666667, 17.665 ], [ 73.80916666666667, 17.664166666666667 ], [ 73.810833333333335, 17.664166666666667 ], [ 73.810833333333335, 17.663333333333334 ], [ 73.811666666666682, 17.663333333333334 ], [ 73.811666666666682, 17.660833333333333 ], [ 73.8125, 17.660833333333333 ], [ 73.8125, 17.659166666666664 ], [ 73.813333333333347, 17.659166666666664 ], [ 73.813333333333347, 17.656666666666666 ], [ 73.814166666666679, 17.656666666666666 ], [ 73.814166666666679, 17.654166666666665 ], [ 73.815, 17.654166666666665 ], [ 73.815, 17.6525 ], [ 73.815833333333345, 17.6525 ], [ 73.815833333333345, 17.648333333333333 ], [ 73.815, 17.648333333333333 ], [ 73.815, 17.645833333333332 ], [ 73.814166666666679, 17.645833333333332 ], [ 73.814166666666679, 17.646666666666665 ], [ 73.81, 17.646666666666665 ], [ 73.81, 17.645833333333332 ], [ 73.80916666666667, 17.645833333333332 ], [ 73.808333333333337, 17.645833333333332 ], [ 73.808333333333337, 17.643333333333331 ], [ 73.80916666666667, 17.643333333333331 ], [ 73.80916666666667, 17.639166666666664 ], [ 73.808333333333337, 17.639166666666664 ], [ 73.808333333333337, 17.6375 ], [ 73.80916666666667, 17.6375 ], [ 73.80916666666667, 17.635833333333334 ], [ 73.81, 17.635833333333334 ], [ 73.81, 17.633333333333333 ], [ 73.810833333333335, 17.633333333333333 ], [ 73.810833333333335, 17.631666666666664 ], [ 73.811666666666682, 17.631666666666664 ], [ 73.811666666666682, 17.630833333333332 ], [ 73.8125, 17.630833333333332 ], [ 73.8125, 17.629166666666666 ], [ 73.813333333333347, 17.629166666666666 ], [ 73.813333333333347, 17.628333333333334 ], [ 73.815, 17.628333333333334 ], [ 73.815, 17.626666666666665 ], [ 73.814166666666679, 17.626666666666665 ], [ 73.813333333333347, 17.626666666666665 ], [ 73.813333333333347, 17.625833333333333 ], [ 73.8125, 17.625833333333333 ], [ 73.8125, 17.625 ], [ 73.811666666666682, 17.625 ], [ 73.811666666666682, 17.624166666666667 ], [ 73.810833333333335, 17.624166666666667 ], [ 73.810833333333335, 17.623333333333331 ], [ 73.81, 17.623333333333331 ], [ 73.81, 17.615 ], [ 73.810833333333335, 17.615 ], [ 73.810833333333335, 17.609166666666667 ], [ 73.81, 17.609166666666667 ], [ 73.81, 17.606666666666666 ], [ 73.810833333333335, 17.606666666666666 ], [ 73.810833333333335, 17.603333333333332 ], [ 73.811666666666682, 17.603333333333332 ], [ 73.811666666666682, 17.6025 ], [ 73.8125, 17.6025 ], [ 73.8125, 17.601666666666667 ], [ 73.813333333333347, 17.601666666666667 ], [ 73.813333333333347, 17.600833333333334 ], [ 73.8125, 17.600833333333334 ], [ 73.8125, 17.598333333333333 ], [ 73.813333333333347, 17.598333333333333 ], [ 73.813333333333347, 17.5975 ], [ 73.814166666666679, 17.5975 ], [ 73.814166666666679, 17.596666666666664 ], [ 73.815, 17.596666666666664 ], [ 73.815, 17.595 ], [ 73.815833333333345, 17.595 ], [ 73.815833333333345, 17.594166666666666 ], [ 73.816666666666677, 17.594166666666666 ], [ 73.816666666666677, 17.591666666666665 ], [ 73.8175, 17.591666666666665 ], [ 73.8175, 17.588333333333331 ], [ 73.816666666666677, 17.588333333333331 ], [ 73.816666666666677, 17.5875 ], [ 73.815833333333345, 17.5875 ], [ 73.815833333333345, 17.585833333333333 ], [ 73.816666666666677, 17.585833333333333 ], [ 73.816666666666677, 17.584166666666665 ], [ 73.818333333333342, 17.584166666666665 ], [ 73.818333333333342, 17.583333333333332 ], [ 73.82, 17.583333333333332 ], [ 73.82, 17.5825 ], [ 73.82083333333334, 17.5825 ], [ 73.82083333333334, 17.581666666666667 ], [ 73.821666666666673, 17.581666666666667 ], [ 73.821666666666673, 17.580833333333331 ], [ 73.823333333333338, 17.580833333333331 ], [ 73.823333333333338, 17.58 ], [ 73.82416666666667, 17.58 ], [ 73.82416666666667, 17.5775 ], [ 73.823333333333338, 17.5775 ], [ 73.8225, 17.5775 ], [ 73.8225, 17.573333333333334 ], [ 73.823333333333338, 17.573333333333334 ], [ 73.823333333333338, 17.5725 ], [ 73.82416666666667, 17.5725 ], [ 73.82416666666667, 17.570833333333333 ], [ 73.825, 17.570833333333333 ], [ 73.825, 17.57 ], [ 73.825833333333335, 17.57 ], [ 73.825833333333335, 17.569166666666664 ], [ 73.8275, 17.569166666666664 ], [ 73.8275, 17.568333333333332 ], [ 73.826666666666668, 17.568333333333332 ], [ 73.826666666666668, 17.5675 ], [ 73.8275, 17.5675 ], [ 73.8275, 17.565 ], [ 73.828333333333347, 17.565 ], [ 73.828333333333347, 17.564166666666665 ], [ 73.82916666666668, 17.564166666666665 ], [ 73.82916666666668, 17.561666666666667 ], [ 73.83, 17.561666666666667 ], [ 73.83, 17.560833333333331 ], [ 73.830833333333345, 17.560833333333331 ], [ 73.830833333333345, 17.56 ], [ 73.831666666666678, 17.56 ], [ 73.831666666666678, 17.559166666666666 ], [ 73.830833333333345, 17.559166666666666 ], [ 73.830833333333345, 17.5575 ], [ 73.831666666666678, 17.5575 ], [ 73.831666666666678, 17.556666666666665 ], [ 73.8325, 17.556666666666665 ], [ 73.8325, 17.5525 ], [ 73.835, 17.5525 ], [ 73.835, 17.551666666666666 ], [ 73.835833333333341, 17.551666666666666 ], [ 73.835833333333341, 17.55 ], [ 73.835, 17.55 ], [ 73.835, 17.546666666666667 ], [ 73.834166666666675, 17.546666666666667 ], [ 73.834166666666675, 17.545 ], [ 73.835, 17.545 ], [ 73.835, 17.544166666666666 ], [ 73.835833333333341, 17.544166666666666 ], [ 73.835833333333341, 17.543333333333333 ], [ 73.8375, 17.543333333333333 ], [ 73.8375, 17.5425 ], [ 73.840833333333336, 17.5425 ], [ 73.840833333333336, 17.54 ], [ 73.84, 17.54 ], [ 73.84, 17.539166666666667 ], [ 73.840833333333336, 17.539166666666667 ], [ 73.840833333333336, 17.536666666666665 ], [ 73.841666666666669, 17.536666666666665 ], [ 73.841666666666669, 17.535833333333333 ], [ 73.8425, 17.535833333333333 ], [ 73.8425, 17.535 ], [ 73.843333333333348, 17.535 ], [ 73.843333333333348, 17.533333333333331 ], [ 73.845, 17.533333333333331 ], [ 73.845, 17.5325 ], [ 73.845833333333346, 17.5325 ], [ 73.845833333333346, 17.531666666666666 ], [ 73.848333333333343, 17.531666666666666 ], [ 73.848333333333343, 17.529166666666665 ], [ 73.849166666666676, 17.529166666666665 ], [ 73.849166666666676, 17.5275 ], [ 73.851666666666674, 17.5275 ], [ 73.851666666666674, 17.525833333333331 ], [ 73.850833333333341, 17.525833333333331 ], [ 73.850833333333341, 17.5225 ], [ 73.851666666666674, 17.5225 ], [ 73.851666666666674, 17.520833333333332 ], [ 73.854166666666671, 17.520833333333332 ], [ 73.854166666666671, 17.519166666666667 ], [ 73.855833333333337, 17.519166666666667 ], [ 73.855833333333337, 17.518333333333331 ], [ 73.856666666666669, 17.518333333333331 ], [ 73.856666666666669, 17.519166666666667 ], [ 73.8575, 17.519166666666667 ], [ 73.8575, 17.518333333333331 ], [ 73.86, 17.518333333333331 ], [ 73.86, 17.519166666666667 ], [ 73.861666666666679, 17.519166666666667 ], [ 73.861666666666679, 17.5175 ], [ 73.8625, 17.5175 ], [ 73.8625, 17.516666666666666 ], [ 73.864166666666677, 17.516666666666666 ], [ 73.864166666666677, 17.515833333333333 ], [ 73.865, 17.515833333333333 ], [ 73.865, 17.515 ], [ 73.866666666666674, 17.515 ], [ 73.866666666666674, 17.514166666666664 ], [ 73.8675, 17.514166666666664 ], [ 73.8675, 17.511666666666667 ], [ 73.868333333333339, 17.511666666666667 ], [ 73.868333333333339, 17.510833333333334 ], [ 73.8675, 17.510833333333334 ], [ 73.8675, 17.51 ], [ 73.868333333333339, 17.51 ], [ 73.868333333333339, 17.509166666666665 ], [ 73.869166666666672, 17.509166666666665 ], [ 73.869166666666672, 17.5075 ], [ 73.87, 17.5075 ], [ 73.87, 17.506666666666664 ], [ 73.873333333333335, 17.506666666666664 ], [ 73.873333333333335, 17.505833333333332 ], [ 73.874166666666682, 17.505833333333332 ], [ 73.874166666666682, 17.504166666666666 ], [ 73.875, 17.504166666666666 ], [ 73.875, 17.5025 ], [ 73.8775, 17.5025 ], [ 73.8775, 17.5 ], [ 73.878333333333345, 17.5 ], [ 73.878333333333345, 17.499166666666667 ], [ 73.880833333333342, 17.499166666666667 ], [ 73.880833333333342, 17.498333333333331 ], [ 73.88333333333334, 17.498333333333331 ], [ 73.88333333333334, 17.4975 ], [ 73.884166666666673, 17.4975 ], [ 73.884166666666673, 17.495 ], [ 73.885, 17.495 ], [ 73.885, 17.494166666666665 ], [ 73.885833333333338, 17.494166666666665 ], [ 73.885833333333338, 17.493333333333332 ], [ 73.88666666666667, 17.493333333333332 ], [ 73.88666666666667, 17.4925 ], [ 73.8875, 17.4925 ], [ 73.8875, 17.49 ], [ 73.888333333333335, 17.49 ], [ 73.888333333333335, 17.488333333333333 ], [ 73.89, 17.488333333333333 ], [ 73.89, 17.4875 ], [ 73.890833333333347, 17.4875 ], [ 73.890833333333347, 17.486666666666665 ], [ 73.89166666666668, 17.486666666666665 ], [ 73.89166666666668, 17.485 ], [ 73.8925, 17.485 ], [ 73.8925, 17.483333333333331 ], [ 73.893333333333345, 17.483333333333331 ], [ 73.893333333333345, 17.481666666666666 ], [ 73.895833333333343, 17.481666666666666 ], [ 73.895833333333343, 17.48 ], [ 73.896666666666675, 17.48 ], [ 73.896666666666675, 17.478333333333332 ], [ 73.895833333333343, 17.478333333333332 ], [ 73.895833333333343, 17.474166666666665 ], [ 73.896666666666675, 17.474166666666665 ], [ 73.896666666666675, 17.4725 ], [ 73.8975, 17.4725 ], [ 73.8975, 17.471666666666664 ], [ 73.9, 17.471666666666664 ], [ 73.9, 17.47 ], [ 73.901666666666671, 17.47 ], [ 73.901666666666671, 17.4675 ], [ 73.9025, 17.4675 ], [ 73.9025, 17.466666666666665 ], [ 73.903333333333336, 17.466666666666665 ], [ 73.903333333333336, 17.465833333333332 ], [ 73.905, 17.465833333333332 ], [ 73.905, 17.465 ], [ 73.905833333333348, 17.465 ], [ 73.905833333333348, 17.4625 ], [ 73.9075, 17.4625 ], [ 73.9075, 17.461666666666666 ], [ 73.909166666666678, 17.461666666666666 ], [ 73.909166666666678, 17.460833333333333 ], [ 73.91, 17.460833333333333 ], [ 73.91, 17.459166666666665 ], [ 73.914166666666674, 17.459166666666665 ], [ 73.914166666666674, 17.458333333333332 ], [ 73.915, 17.458333333333332 ], [ 73.915, 17.456666666666667 ], [ 73.916666666666671, 17.456666666666667 ], [ 73.916666666666671, 17.455833333333331 ], [ 73.919166666666669, 17.455833333333331 ], [ 73.919166666666669, 17.455 ], [ 73.920833333333348, 17.455 ], [ 73.920833333333348, 17.454166666666666 ], [ 73.924166666666679, 17.454166666666666 ], [ 73.924166666666679, 17.453333333333333 ], [ 73.925, 17.453333333333333 ], [ 73.925, 17.451666666666664 ], [ 73.925833333333344, 17.451666666666664 ], [ 73.925833333333344, 17.45 ], [ 73.9275, 17.45 ], [ 73.9275, 17.4475 ], [ 73.926666666666677, 17.4475 ], [ 73.926666666666677, 17.446666666666665 ], [ 73.9275, 17.446666666666665 ], [ 73.9275, 17.444166666666664 ], [ 73.926666666666677, 17.444166666666664 ], [ 73.926666666666677, 17.443333333333332 ], [ 73.93, 17.443333333333332 ], [ 73.93, 17.440833333333334 ], [ 73.929166666666674, 17.440833333333334 ], [ 73.929166666666674, 17.438333333333333 ], [ 73.93, 17.438333333333333 ], [ 73.93, 17.4375 ], [ 73.930833333333339, 17.4375 ], [ 73.930833333333339, 17.436666666666667 ], [ 73.931666666666672, 17.436666666666667 ], [ 73.931666666666672, 17.433333333333334 ], [ 73.9325, 17.433333333333334 ], [ 73.9325, 17.4325 ], [ 73.931666666666672, 17.4325 ], [ 73.931666666666672, 17.43 ], [ 73.930833333333339, 17.43 ], [ 73.930833333333339, 17.429166666666667 ], [ 73.93, 17.429166666666667 ], [ 73.93, 17.426666666666666 ], [ 73.930833333333339, 17.426666666666666 ], [ 73.930833333333339, 17.423333333333332 ], [ 73.931666666666672, 17.423333333333332 ], [ 73.931666666666672, 17.424166666666665 ], [ 73.9325, 17.424166666666665 ], [ 73.9325, 17.423333333333332 ], [ 73.933333333333337, 17.423333333333332 ], [ 73.933333333333337, 17.4225 ], [ 73.93416666666667, 17.4225 ], [ 73.93416666666667, 17.420833333333331 ], [ 73.935, 17.420833333333331 ], [ 73.935, 17.42 ], [ 73.935833333333335, 17.42 ], [ 73.935833333333335, 17.419166666666666 ], [ 73.936666666666682, 17.419166666666666 ], [ 73.936666666666682, 17.418333333333333 ], [ 73.938333333333347, 17.418333333333333 ], [ 73.938333333333347, 17.4175 ], [ 73.939166666666679, 17.4175 ], [ 73.939166666666679, 17.416666666666664 ], [ 73.94, 17.416666666666664 ], [ 73.94, 17.415833333333332 ], [ 73.940833333333345, 17.415833333333332 ], [ 73.940833333333345, 17.411666666666665 ], [ 73.94, 17.411666666666665 ], [ 73.94, 17.410833333333333 ], [ 73.939166666666679, 17.410833333333333 ], [ 73.939166666666679, 17.41 ], [ 73.94, 17.41 ], [ 73.94, 17.408333333333331 ], [ 73.939166666666679, 17.408333333333331 ], [ 73.939166666666679, 17.4075 ], [ 73.938333333333347, 17.4075 ], [ 73.938333333333347, 17.406666666666666 ], [ 73.9375, 17.406666666666666 ], [ 73.9375, 17.405 ], [ 73.939166666666679, 17.405 ], [ 73.939166666666679, 17.404166666666665 ], [ 73.940833333333345, 17.404166666666665 ], [ 73.940833333333345, 17.403333333333332 ], [ 73.941666666666677, 17.403333333333332 ], [ 73.941666666666677, 17.401666666666667 ], [ 73.9425, 17.401666666666667 ], [ 73.9425, 17.400833333333331 ], [ 73.943333333333342, 17.400833333333331 ], [ 73.943333333333342, 17.4 ], [ 73.944166666666675, 17.4 ], [ 73.944166666666675, 17.398333333333333 ], [ 73.945, 17.398333333333333 ], [ 73.945, 17.396666666666665 ], [ 73.94583333333334, 17.396666666666665 ], [ 73.94583333333334, 17.394166666666667 ], [ 73.946666666666673, 17.394166666666667 ], [ 73.946666666666673, 17.3925 ], [ 73.9475, 17.3925 ], [ 73.9475, 17.388333333333332 ], [ 73.94916666666667, 17.388333333333332 ], [ 73.94916666666667, 17.3875 ], [ 73.950833333333335, 17.3875 ], [ 73.950833333333335, 17.386666666666667 ], [ 73.951666666666668, 17.386666666666667 ], [ 73.951666666666668, 17.385833333333331 ], [ 73.95416666666668, 17.385833333333331 ], [ 73.95416666666668, 17.385 ], [ 73.955, 17.385 ], [ 73.955, 17.384166666666665 ], [ 73.956666666666678, 17.384166666666665 ], [ 73.956666666666678, 17.383333333333333 ], [ 73.9575, 17.383333333333333 ], [ 73.9575, 17.3825 ], [ 73.959166666666675, 17.3825 ], [ 73.959166666666675, 17.381666666666664 ], [ 73.96, 17.381666666666664 ], [ 73.96, 17.380833333333332 ], [ 73.963333333333338, 17.380833333333332 ], [ 73.963333333333338, 17.38 ], [ 73.966666666666669, 17.38 ], [ 73.966666666666669, 17.379166666666666 ], [ 73.9675, 17.379166666666666 ], [ 73.9675, 17.38 ], [ 73.973333333333343, 17.38 ], [ 73.974166666666676, 17.38 ], [ 73.974166666666676, 17.380833333333332 ], [ 73.9775, 17.380833333333332 ], [ 73.9775, 17.38 ], [ 73.978333333333339, 17.38 ], [ 73.978333333333339, 17.380833333333332 ], [ 73.98, 17.380833333333332 ], [ 73.98, 17.38 ], [ 73.980833333333337, 17.38 ], [ 73.980833333333337, 17.379166666666666 ], [ 73.981666666666669, 17.379166666666666 ], [ 73.981666666666669, 17.378333333333334 ], [ 73.9825, 17.378333333333334 ], [ 73.9825, 17.3775 ], [ 73.983333333333348, 17.3775 ], [ 73.983333333333348, 17.376666666666665 ], [ 73.985, 17.376666666666665 ], [ 73.985, 17.375833333333333 ], [ 73.986666666666679, 17.375833333333333 ], [ 73.986666666666679, 17.375 ], [ 73.9975, 17.375 ], [ 73.9975, 17.374166666666667 ], [ 73.999166666666682, 17.374166666666667 ], [ 73.999166666666682, 17.375 ], [ 74.0, 17.375 ], [ 74.000833333333347, 17.375 ], [ 74.000833333333347, 17.375833333333333 ], [ 74.001666666666679, 17.375833333333333 ], [ 74.0025, 17.375833333333333 ], [ 74.0025, 17.376666666666665 ], [ 74.00833333333334, 17.376666666666665 ], [ 74.009166666666673, 17.376666666666665 ], [ 74.009166666666673, 17.3775 ], [ 74.01166666666667, 17.3775 ], [ 74.01166666666667, 17.376666666666665 ], [ 74.0125, 17.376666666666665 ], [ 74.0125, 17.375833333333333 ], [ 74.013333333333335, 17.375833333333333 ], [ 74.013333333333335, 17.374166666666667 ], [ 74.014166666666668, 17.374166666666667 ], [ 74.014166666666668, 17.373333333333331 ], [ 74.013333333333335, 17.373333333333331 ], [ 74.013333333333335, 17.3725 ], [ 74.0125, 17.3725 ], [ 74.0125, 17.370833333333334 ], [ 74.013333333333335, 17.370833333333334 ], [ 74.013333333333335, 17.37 ], [ 74.014166666666668, 17.37 ], [ 74.014166666666668, 17.368333333333332 ], [ 74.015, 17.368333333333332 ], [ 74.015, 17.3675 ], [ 74.015833333333347, 17.3675 ], [ 74.015833333333347, 17.366666666666667 ], [ 74.01666666666668, 17.366666666666667 ], [ 74.01666666666668, 17.365833333333331 ], [ 74.019166666666678, 17.365833333333331 ], [ 74.019166666666678, 17.365 ], [ 74.02, 17.365 ], [ 74.02, 17.365833333333331 ], [ 74.0225, 17.365833333333331 ], [ 74.0225, 17.365 ], [ 74.023333333333341, 17.365 ], [ 74.023333333333341, 17.365833333333331 ], [ 74.024166666666673, 17.365833333333331 ], [ 74.024166666666673, 17.365 ], [ 74.026666666666671, 17.365 ], [ 74.026666666666671, 17.364166666666666 ], [ 74.0275, 17.364166666666666 ], [ 74.0275, 17.363333333333333 ], [ 74.03, 17.363333333333333 ], [ 74.03, 17.3625 ], [ 74.030833333333348, 17.3625 ], [ 74.030833333333348, 17.361666666666665 ], [ 74.03166666666668, 17.361666666666665 ], [ 74.03166666666668, 17.360833333333332 ], [ 74.0325, 17.360833333333332 ], [ 74.0325, 17.36 ], [ 74.034166666666678, 17.36 ], [ 74.034166666666678, 17.358333333333331 ], [ 74.035, 17.358333333333331 ], [ 74.035, 17.3575 ], [ 74.035833333333343, 17.3575 ], [ 74.035833333333343, 17.356666666666666 ], [ 74.036666666666676, 17.356666666666666 ], [ 74.036666666666676, 17.355833333333333 ], [ 74.0375, 17.355833333333333 ], [ 74.0375, 17.355 ], [ 74.038333333333341, 17.355 ], [ 74.038333333333341, 17.354166666666664 ], [ 74.039166666666674, 17.354166666666664 ], [ 74.039166666666674, 17.353333333333332 ], [ 74.041666666666671, 17.353333333333332 ], [ 74.041666666666671, 17.3525 ], [ 74.0425, 17.3525 ], [ 74.0425, 17.351666666666667 ], [ 74.045, 17.351666666666667 ], [ 74.045, 17.3525 ], [ 74.045833333333348, 17.3525 ], [ 74.046666666666681, 17.3525 ], [ 74.046666666666681, 17.353333333333332 ], [ 74.050833333333344, 17.353333333333332 ], [ 74.051666666666677, 17.353333333333332 ], [ 74.051666666666677, 17.354166666666664 ], [ 74.0525, 17.354166666666664 ], [ 74.0525, 17.355 ], [ 74.053333333333342, 17.355 ], [ 74.053333333333342, 17.3575 ], [ 74.0525, 17.3575 ], [ 74.0525, 17.359166666666667 ], [ 74.053333333333342, 17.359166666666667 ], [ 74.053333333333342, 17.36 ], [ 74.054166666666674, 17.36 ], [ 74.054166666666674, 17.360833333333332 ], [ 74.055, 17.360833333333332 ], [ 74.055, 17.361666666666665 ], [ 74.055833333333339, 17.361666666666665 ], [ 74.055833333333339, 17.3625 ], [ 74.0575, 17.3625 ], [ 74.058333333333337, 17.3625 ], [ 74.058333333333337, 17.363333333333333 ], [ 74.060833333333335, 17.363333333333333 ], [ 74.060833333333335, 17.3625 ], [ 74.0625, 17.3625 ], [ 74.0625, 17.361666666666665 ], [ 74.063333333333347, 17.361666666666665 ], [ 74.063333333333347, 17.360833333333332 ], [ 74.064166666666679, 17.360833333333332 ], [ 74.064166666666679, 17.36 ], [ 74.065, 17.36 ], [ 74.065, 17.359166666666667 ], [ 74.064166666666679, 17.359166666666667 ], [ 74.064166666666679, 17.3575 ], [ 74.066666666666677, 17.3575 ], [ 74.066666666666677, 17.356666666666666 ], [ 74.07, 17.356666666666666 ], [ 74.07, 17.355833333333333 ], [ 74.07083333333334, 17.355833333333333 ], [ 74.07083333333334, 17.355 ], [ 74.073333333333338, 17.355 ], [ 74.073333333333338, 17.355833333333333 ], [ 74.07416666666667, 17.355833333333333 ], [ 74.07416666666667, 17.356666666666666 ], [ 74.075, 17.356666666666666 ], [ 74.075833333333335, 17.356666666666666 ], [ 74.075833333333335, 17.3575 ], [ 74.08, 17.3575 ], [ 74.08, 17.356666666666666 ], [ 74.081666666666678, 17.356666666666666 ], [ 74.081666666666678, 17.355833333333333 ], [ 74.083333333333343, 17.355833333333333 ], [ 74.083333333333343, 17.355 ], [ 74.085833333333341, 17.355 ], [ 74.085833333333341, 17.353333333333332 ], [ 74.086666666666673, 17.353333333333332 ], [ 74.086666666666673, 17.350833333333334 ], [ 74.0875, 17.350833333333334 ], [ 74.0875, 17.349166666666665 ], [ 74.088333333333338, 17.349166666666665 ], [ 74.088333333333338, 17.3475 ], [ 74.089166666666671, 17.3475 ], [ 74.089166666666671, 17.345 ], [ 74.09, 17.345 ], [ 74.09, 17.338333333333331 ], [ 74.090833333333336, 17.338333333333331 ], [ 74.090833333333336, 17.3375 ], [ 74.091666666666669, 17.3375 ], [ 74.091666666666669, 17.335833333333333 ], [ 74.0925, 17.335833333333333 ], [ 74.0925, 17.334166666666665 ], [ 74.093333333333348, 17.334166666666665 ], [ 74.093333333333348, 17.3325 ], [ 74.095, 17.3325 ], [ 74.095, 17.331666666666667 ], [ 74.0975, 17.331666666666667 ], [ 74.0975, 17.330833333333331 ], [ 74.104166666666671, 17.330833333333331 ], [ 74.104166666666671, 17.33 ], [ 74.105833333333337, 17.33 ], [ 74.105833333333337, 17.329166666666666 ], [ 74.109166666666681, 17.329166666666666 ], [ 74.109166666666681, 17.33 ], [ 74.1125, 17.33 ], [ 74.1125, 17.329166666666666 ], [ 74.115, 17.329166666666666 ], [ 74.115, 17.328333333333333 ], [ 74.115833333333342, 17.328333333333333 ], [ 74.115833333333342, 17.3275 ], [ 74.116666666666674, 17.3275 ], [ 74.116666666666674, 17.326666666666664 ], [ 74.119166666666672, 17.326666666666664 ], [ 74.119166666666672, 17.325833333333332 ], [ 74.120833333333337, 17.325833333333332 ], [ 74.120833333333337, 17.325 ], [ 74.12166666666667, 17.325 ], [ 74.12166666666667, 17.324166666666667 ], [ 74.1225, 17.324166666666667 ], [ 74.1225, 17.323333333333331 ], [ 74.125833333333347, 17.323333333333331 ], [ 74.125833333333347, 17.320833333333333 ], [ 74.126666666666679, 17.320833333333333 ], [ 74.126666666666679, 17.319166666666664 ], [ 74.1275, 17.319166666666664 ], [ 74.1275, 17.3175 ], [ 74.128333333333345, 17.3175 ], [ 74.128333333333345, 17.315833333333334 ], [ 74.129166666666677, 17.315833333333334 ], [ 74.129166666666677, 17.315 ], [ 74.13, 17.315 ], [ 74.13, 17.314166666666665 ], [ 74.130833333333342, 17.314166666666665 ], [ 74.130833333333342, 17.311666666666667 ], [ 74.131666666666675, 17.311666666666667 ], [ 74.131666666666675, 17.310833333333331 ], [ 74.1325, 17.310833333333331 ], [ 74.1325, 17.31 ], [ 74.13333333333334, 17.31 ], [ 74.13333333333334, 17.309166666666666 ], [ 74.134166666666673, 17.309166666666666 ], [ 74.134166666666673, 17.308333333333334 ], [ 74.13333333333334, 17.308333333333334 ], [ 74.13333333333334, 17.301666666666666 ], [ 74.1325, 17.301666666666666 ], [ 74.1325, 17.3 ], [ 74.131666666666675, 17.3 ], [ 74.131666666666675, 17.296666666666667 ], [ 74.1325, 17.296666666666667 ], [ 74.1325, 17.295833333333331 ], [ 74.13333333333334, 17.295833333333331 ], [ 74.13333333333334, 17.294166666666666 ], [ 74.134166666666673, 17.294166666666666 ], [ 74.134166666666673, 17.293333333333333 ], [ 74.135, 17.293333333333333 ], [ 74.135, 17.2925 ], [ 74.135833333333338, 17.2925 ], [ 74.135833333333338, 17.290833333333332 ], [ 74.13666666666667, 17.290833333333332 ], [ 74.13666666666667, 17.29 ], [ 74.1375, 17.29 ], [ 74.1375, 17.289166666666667 ], [ 74.14166666666668, 17.289166666666667 ], [ 74.14166666666668, 17.288333333333334 ], [ 74.145, 17.288333333333334 ], [ 74.145, 17.286666666666665 ], [ 74.145833333333343, 17.286666666666665 ], [ 74.145833333333343, 17.283333333333331 ], [ 74.146666666666675, 17.283333333333331 ], [ 74.146666666666675, 17.2825 ], [ 74.145833333333343, 17.2825 ], [ 74.145833333333343, 17.279166666666665 ], [ 74.148333333333341, 17.279166666666665 ], [ 74.148333333333341, 17.278333333333332 ], [ 74.149166666666673, 17.278333333333332 ], [ 74.149166666666673, 17.2775 ], [ 74.15, 17.2775 ], [ 74.15, 17.276666666666667 ], [ 74.150833333333338, 17.276666666666667 ], [ 74.150833333333338, 17.275833333333331 ], [ 74.151666666666671, 17.275833333333331 ], [ 74.151666666666671, 17.273333333333333 ], [ 74.1525, 17.273333333333333 ], [ 74.1525, 17.274166666666666 ], [ 74.154166666666669, 17.274166666666666 ], [ 74.154166666666669, 17.2725 ], [ 74.155, 17.2725 ], [ 74.155, 17.271666666666665 ], [ 74.155833333333348, 17.271666666666665 ], [ 74.155833333333348, 17.27 ], [ 74.15666666666668, 17.27 ], [ 74.15666666666668, 17.270833333333332 ], [ 74.158333333333346, 17.270833333333332 ], [ 74.159166666666678, 17.270833333333332 ], [ 74.159166666666678, 17.271666666666665 ], [ 74.16, 17.271666666666665 ], [ 74.160833333333343, 17.271666666666665 ], [ 74.160833333333343, 17.2725 ], [ 74.161666666666676, 17.2725 ], [ 74.161666666666676, 17.273333333333333 ], [ 74.1625, 17.273333333333333 ], [ 74.1625, 17.2725 ], [ 74.163333333333341, 17.2725 ], [ 74.163333333333341, 17.271666666666665 ], [ 74.164166666666674, 17.271666666666665 ], [ 74.164166666666674, 17.27 ], [ 74.165, 17.27 ], [ 74.165, 17.269166666666667 ], [ 74.165833333333339, 17.269166666666667 ], [ 74.165833333333339, 17.266666666666666 ], [ 74.165, 17.266666666666666 ], [ 74.164166666666674, 17.266666666666666 ], [ 74.164166666666674, 17.265833333333333 ], [ 74.163333333333341, 17.265833333333333 ], [ 74.163333333333341, 17.264166666666664 ], [ 74.1625, 17.264166666666664 ], [ 74.1625, 17.263333333333332 ], [ 74.163333333333341, 17.263333333333332 ], [ 74.163333333333341, 17.260833333333331 ], [ 74.164166666666674, 17.260833333333331 ], [ 74.164166666666674, 17.26 ], [ 74.165, 17.26 ], [ 74.165, 17.259166666666665 ], [ 74.165833333333339, 17.259166666666665 ], [ 74.165833333333339, 17.2575 ], [ 74.166666666666671, 17.2575 ], [ 74.166666666666671, 17.255833333333332 ], [ 74.165833333333339, 17.255833333333332 ], [ 74.165833333333339, 17.255 ], [ 74.165, 17.255 ], [ 74.164166666666674, 17.255 ], [ 74.164166666666674, 17.254166666666666 ], [ 74.163333333333341, 17.254166666666666 ], [ 74.160833333333343, 17.254166666666666 ], [ 74.160833333333343, 17.253333333333334 ], [ 74.16, 17.253333333333334 ], [ 74.159166666666678, 17.253333333333334 ], [ 74.159166666666678, 17.2525 ], [ 74.158333333333346, 17.2525 ], [ 74.158333333333346, 17.251666666666665 ], [ 74.1575, 17.251666666666665 ], [ 74.1575, 17.250833333333333 ], [ 74.15666666666668, 17.250833333333333 ], [ 74.15666666666668, 17.25 ], [ 74.155833333333348, 17.25 ], [ 74.154166666666669, 17.25 ], [ 74.154166666666669, 17.249166666666667 ], [ 74.153333333333336, 17.249166666666667 ], [ 74.153333333333336, 17.248333333333331 ], [ 74.1525, 17.248333333333331 ], [ 74.1525, 17.2475 ], [ 74.151666666666671, 17.2475 ], [ 74.150833333333338, 17.2475 ], [ 74.150833333333338, 17.246666666666666 ], [ 74.15, 17.246666666666666 ], [ 74.15, 17.245833333333334 ], [ 74.149166666666673, 17.245833333333334 ], [ 74.149166666666673, 17.245 ], [ 74.148333333333341, 17.245 ], [ 74.1475, 17.245 ], [ 74.1475, 17.244166666666665 ], [ 74.146666666666675, 17.244166666666665 ], [ 74.146666666666675, 17.2425 ], [ 74.145833333333343, 17.2425 ], [ 74.145833333333343, 17.240833333333331 ], [ 74.145, 17.240833333333331 ], [ 74.145, 17.235833333333332 ], [ 74.144166666666678, 17.235833333333332 ], [ 74.144166666666678, 17.233333333333331 ], [ 74.143333333333345, 17.233333333333331 ], [ 74.143333333333345, 17.2325 ], [ 74.1425, 17.2325 ], [ 74.1425, 17.231666666666666 ], [ 74.14166666666668, 17.231666666666666 ], [ 74.14166666666668, 17.230833333333333 ], [ 74.140833333333347, 17.230833333333333 ], [ 74.14, 17.230833333333333 ], [ 74.14, 17.23 ], [ 74.139166666666668, 17.23 ], [ 74.139166666666668, 17.229166666666664 ], [ 74.138333333333335, 17.229166666666664 ], [ 74.135833333333338, 17.229166666666664 ], [ 74.135833333333338, 17.228333333333332 ], [ 74.135, 17.228333333333332 ], [ 74.135, 17.2275 ], [ 74.134166666666673, 17.2275 ], [ 74.134166666666673, 17.226666666666667 ], [ 74.13333333333334, 17.226666666666667 ], [ 74.13333333333334, 17.225833333333334 ], [ 74.1325, 17.225833333333334 ], [ 74.1325, 17.225 ], [ 74.131666666666675, 17.225 ], [ 74.131666666666675, 17.223333333333333 ], [ 74.130833333333342, 17.223333333333333 ], [ 74.130833333333342, 17.2225 ], [ 74.13, 17.2225 ], [ 74.13, 17.221666666666664 ], [ 74.129166666666677, 17.221666666666664 ], [ 74.128333333333345, 17.221666666666664 ], [ 74.128333333333345, 17.22 ], [ 74.1275, 17.22 ], [ 74.1275, 17.219166666666666 ], [ 74.126666666666679, 17.219166666666666 ], [ 74.126666666666679, 17.218333333333334 ], [ 74.125833333333347, 17.218333333333334 ], [ 74.125833333333347, 17.2175 ], [ 74.125, 17.2175 ], [ 74.125, 17.216666666666665 ], [ 74.124166666666682, 17.216666666666665 ], [ 74.124166666666682, 17.215833333333332 ], [ 74.123333333333335, 17.215833333333332 ], [ 74.123333333333335, 17.215 ], [ 74.12166666666667, 17.215 ], [ 74.12166666666667, 17.215833333333332 ], [ 74.12, 17.215833333333332 ], [ 74.12, 17.215 ], [ 74.118333333333339, 17.215 ], [ 74.118333333333339, 17.215833333333332 ], [ 74.114166666666677, 17.215833333333332 ], [ 74.114166666666677, 17.216666666666665 ], [ 74.110833333333346, 17.216666666666665 ], [ 74.110833333333346, 17.2175 ], [ 74.109166666666681, 17.2175 ], [ 74.109166666666681, 17.218333333333334 ], [ 74.1075, 17.218333333333334 ], [ 74.1075, 17.2175 ], [ 74.098333333333343, 17.2175 ], [ 74.098333333333343, 17.218333333333334 ], [ 74.09416666666668, 17.218333333333334 ], [ 74.09416666666668, 17.219166666666666 ], [ 74.093333333333348, 17.219166666666666 ], [ 74.093333333333348, 17.22 ], [ 74.0925, 17.22 ], [ 74.0925, 17.220833333333331 ], [ 74.090833333333336, 17.220833333333331 ], [ 74.090833333333336, 17.22 ], [ 74.09, 17.22 ], [ 74.086666666666673, 17.22 ], [ 74.086666666666673, 17.219166666666666 ], [ 74.085833333333341, 17.219166666666666 ], [ 74.085, 17.219166666666666 ], [ 74.085, 17.218333333333334 ], [ 74.081666666666678, 17.218333333333334 ], [ 74.081666666666678, 17.219166666666666 ], [ 74.078333333333347, 17.219166666666666 ], [ 74.078333333333347, 17.218333333333334 ], [ 74.0775, 17.218333333333334 ], [ 74.0775, 17.216666666666665 ], [ 74.076666666666668, 17.216666666666665 ], [ 74.075833333333335, 17.216666666666665 ], [ 74.075833333333335, 17.215833333333332 ], [ 74.075, 17.215833333333332 ], [ 74.07416666666667, 17.215833333333332 ], [ 74.07416666666667, 17.215 ], [ 74.073333333333338, 17.215 ], [ 74.0725, 17.215 ], [ 74.0725, 17.214166666666667 ], [ 74.071666666666673, 17.214166666666667 ], [ 74.07083333333334, 17.214166666666667 ], [ 74.07083333333334, 17.213333333333331 ], [ 74.07, 17.213333333333331 ], [ 74.07, 17.2125 ], [ 74.0675, 17.2125 ], [ 74.0675, 17.213333333333331 ], [ 74.065, 17.213333333333331 ], [ 74.065, 17.2125 ], [ 74.064166666666679, 17.2125 ], [ 74.0625, 17.2125 ], [ 74.0625, 17.211666666666666 ], [ 74.061666666666682, 17.211666666666666 ], [ 74.060833333333335, 17.211666666666666 ], [ 74.060833333333335, 17.210833333333333 ], [ 74.06, 17.210833333333333 ], [ 74.06, 17.21 ], [ 74.054166666666674, 17.21 ], [ 74.054166666666674, 17.210833333333333 ], [ 74.053333333333342, 17.210833333333333 ], [ 74.053333333333342, 17.21 ], [ 74.0525, 17.21 ], [ 74.0525, 17.209166666666665 ], [ 74.051666666666677, 17.209166666666665 ], [ 74.051666666666677, 17.208333333333332 ], [ 74.050833333333344, 17.208333333333332 ], [ 74.050833333333344, 17.2075 ], [ 74.05, 17.2075 ], [ 74.05, 17.206666666666667 ], [ 74.049166666666679, 17.206666666666667 ], [ 74.049166666666679, 17.205833333333331 ], [ 74.048333333333346, 17.205833333333331 ], [ 74.048333333333346, 17.205 ], [ 74.0475, 17.205 ], [ 74.0475, 17.2 ], [ 74.048333333333346, 17.2 ], [ 74.048333333333346, 17.199166666666667 ], [ 74.049166666666679, 17.199166666666667 ], [ 74.049166666666679, 17.1975 ], [ 74.048333333333346, 17.1975 ], [ 74.048333333333346, 17.196666666666665 ], [ 74.0475, 17.196666666666665 ], [ 74.0475, 17.195833333333333 ], [ 74.046666666666681, 17.195833333333333 ], [ 74.046666666666681, 17.193333333333332 ], [ 74.045833333333348, 17.193333333333332 ], [ 74.045833333333348, 17.190833333333334 ], [ 74.046666666666681, 17.190833333333334 ], [ 74.046666666666681, 17.189166666666665 ], [ 74.045833333333348, 17.189166666666665 ], [ 74.045833333333348, 17.1875 ], [ 74.045, 17.1875 ], [ 74.044166666666669, 17.1875 ], [ 74.044166666666669, 17.186666666666667 ], [ 74.043333333333337, 17.186666666666667 ], [ 74.043333333333337, 17.185 ], [ 74.0425, 17.185 ], [ 74.041666666666671, 17.185 ], [ 74.041666666666671, 17.184166666666666 ], [ 74.04, 17.184166666666666 ], [ 74.04, 17.185 ], [ 74.0375, 17.185 ], [ 74.0375, 17.185833333333331 ], [ 74.034166666666678, 17.185833333333331 ], [ 74.034166666666678, 17.185 ], [ 74.033333333333346, 17.185 ], [ 74.0325, 17.185 ], [ 74.0325, 17.184166666666666 ], [ 74.028333333333336, 17.184166666666666 ], [ 74.028333333333336, 17.185 ], [ 74.026666666666671, 17.185 ], [ 74.026666666666671, 17.185833333333331 ], [ 74.0225, 17.185833333333331 ], [ 74.0225, 17.185 ], [ 74.021666666666675, 17.185 ], [ 74.014166666666668, 17.185 ], [ 74.014166666666668, 17.184166666666666 ], [ 74.013333333333335, 17.184166666666666 ], [ 74.0125, 17.184166666666666 ], [ 74.0125, 17.183333333333334 ], [ 74.01166666666667, 17.183333333333334 ], [ 74.009166666666673, 17.183333333333334 ], [ 74.009166666666673, 17.181666666666665 ], [ 74.00833333333334, 17.181666666666665 ], [ 74.00833333333334, 17.179166666666667 ], [ 74.0075, 17.179166666666667 ], [ 74.0075, 17.178333333333331 ], [ 74.006666666666675, 17.178333333333331 ], [ 74.006666666666675, 17.1775 ], [ 74.005833333333342, 17.1775 ], [ 74.005, 17.1775 ], [ 74.005, 17.175833333333333 ], [ 74.004166666666677, 17.175833333333333 ], [ 74.004166666666677, 17.175 ], [ 74.003333333333345, 17.175 ], [ 74.000833333333347, 17.175 ], [ 74.000833333333347, 17.174166666666665 ], [ 74.0, 17.174166666666665 ], [ 73.998333333333335, 17.174166666666665 ], [ 73.998333333333335, 17.1725 ], [ 73.9975, 17.1725 ], [ 73.995833333333337, 17.1725 ], [ 73.995833333333337, 17.171666666666667 ], [ 73.995, 17.171666666666667 ], [ 73.995, 17.170833333333331 ], [ 73.994166666666672, 17.170833333333331 ], [ 73.994166666666672, 17.17 ], [ 73.993333333333339, 17.17 ], [ 73.991666666666674, 17.17 ], [ 73.991666666666674, 17.169166666666666 ], [ 73.990833333333342, 17.169166666666666 ], [ 73.990833333333342, 17.17 ], [ 73.99, 17.17 ], [ 73.99, 17.169166666666666 ], [ 73.989166666666677, 17.169166666666666 ], [ 73.989166666666677, 17.168333333333333 ], [ 73.988333333333344, 17.168333333333333 ], [ 73.988333333333344, 17.1675 ], [ 73.9875, 17.1675 ], [ 73.9875, 17.166666666666664 ], [ 73.986666666666679, 17.166666666666664 ], [ 73.985833333333346, 17.166666666666664 ], [ 73.985833333333346, 17.1625 ], [ 73.985, 17.1625 ], [ 73.985, 17.161666666666665 ], [ 73.984166666666681, 17.161666666666665 ], [ 73.984166666666681, 17.160833333333333 ], [ 73.983333333333348, 17.160833333333333 ], [ 73.983333333333348, 17.159166666666664 ], [ 73.9825, 17.159166666666664 ], [ 73.9825, 17.158333333333331 ], [ 73.984166666666681, 17.158333333333331 ], [ 73.984166666666681, 17.155833333333334 ], [ 73.983333333333348, 17.155833333333334 ], [ 73.983333333333348, 17.155 ], [ 73.9825, 17.155 ], [ 73.9825, 17.154166666666665 ], [ 73.983333333333348, 17.154166666666665 ], [ 73.983333333333348, 17.153333333333332 ], [ 73.985, 17.153333333333332 ], [ 73.985, 17.1525 ], [ 73.985833333333346, 17.1525 ], [ 73.985833333333346, 17.150833333333331 ], [ 73.986666666666679, 17.150833333333331 ], [ 73.986666666666679, 17.1475 ], [ 73.985833333333346, 17.1475 ], [ 73.985833333333346, 17.146666666666665 ], [ 73.986666666666679, 17.146666666666665 ], [ 73.986666666666679, 17.145 ], [ 73.9875, 17.145 ], [ 73.9875, 17.144166666666667 ], [ 73.988333333333344, 17.144166666666667 ], [ 73.988333333333344, 17.143333333333331 ], [ 73.989166666666677, 17.143333333333331 ], [ 73.989166666666677, 17.139166666666664 ], [ 73.988333333333344, 17.139166666666664 ], [ 73.988333333333344, 17.1375 ], [ 73.9875, 17.1375 ], [ 73.986666666666679, 17.1375 ], [ 73.986666666666679, 17.136666666666667 ], [ 73.985833333333346, 17.136666666666667 ], [ 73.985833333333346, 17.135 ], [ 73.985, 17.135 ], [ 73.985, 17.134166666666665 ], [ 73.984166666666681, 17.134166666666665 ], [ 73.984166666666681, 17.133333333333333 ], [ 73.983333333333348, 17.133333333333333 ], [ 73.9825, 17.133333333333333 ], [ 73.9825, 17.1325 ], [ 73.981666666666669, 17.1325 ], [ 73.980833333333337, 17.1325 ], [ 73.980833333333337, 17.131666666666664 ], [ 73.98, 17.131666666666664 ], [ 73.98, 17.130833333333332 ], [ 73.979166666666671, 17.130833333333332 ], [ 73.9775, 17.130833333333332 ], [ 73.9775, 17.129166666666666 ], [ 73.976666666666674, 17.129166666666666 ], [ 73.976666666666674, 17.128333333333334 ], [ 73.975833333333341, 17.128333333333334 ], [ 73.975833333333341, 17.126666666666665 ], [ 73.975, 17.126666666666665 ], [ 73.975, 17.125833333333333 ], [ 73.974166666666676, 17.125833333333333 ], [ 73.974166666666676, 17.126666666666665 ], [ 73.9725, 17.126666666666665 ], [ 73.9725, 17.1275 ], [ 73.970833333333346, 17.1275 ], [ 73.970833333333346, 17.128333333333334 ], [ 73.968333333333348, 17.128333333333334 ], [ 73.968333333333348, 17.13 ], [ 73.9625, 17.13 ], [ 73.9625, 17.130833333333332 ], [ 73.961666666666673, 17.130833333333332 ], [ 73.961666666666673, 17.131666666666664 ], [ 73.958333333333343, 17.131666666666664 ], [ 73.958333333333343, 17.133333333333333 ], [ 73.9575, 17.133333333333333 ], [ 73.9575, 17.134166666666665 ], [ 73.956666666666678, 17.134166666666665 ], [ 73.956666666666678, 17.135 ], [ 73.955833333333345, 17.135 ], [ 73.955833333333345, 17.136666666666667 ], [ 73.955, 17.136666666666667 ], [ 73.955, 17.1375 ], [ 73.95416666666668, 17.1375 ], [ 73.95416666666668, 17.136666666666667 ], [ 73.953333333333347, 17.136666666666667 ], [ 73.953333333333347, 17.135833333333331 ], [ 73.9525, 17.135833333333331 ], [ 73.950833333333335, 17.135833333333331 ], [ 73.950833333333335, 17.135 ], [ 73.95, 17.135 ], [ 73.948333333333338, 17.135 ], [ 73.948333333333338, 17.134166666666665 ], [ 73.946666666666673, 17.134166666666665 ], [ 73.946666666666673, 17.135 ], [ 73.94583333333334, 17.135 ], [ 73.94583333333334, 17.135833333333331 ], [ 73.945, 17.135833333333331 ], [ 73.945, 17.136666666666667 ], [ 73.944166666666675, 17.136666666666667 ], [ 73.944166666666675, 17.135833333333331 ], [ 73.943333333333342, 17.135833333333331 ], [ 73.943333333333342, 17.135 ], [ 73.9425, 17.135 ], [ 73.9425, 17.134166666666665 ], [ 73.941666666666677, 17.134166666666665 ], [ 73.940833333333345, 17.134166666666665 ], [ 73.940833333333345, 17.133333333333333 ], [ 73.94, 17.133333333333333 ], [ 73.94, 17.1325 ], [ 73.939166666666679, 17.1325 ], [ 73.939166666666679, 17.131666666666664 ], [ 73.938333333333347, 17.131666666666664 ], [ 73.938333333333347, 17.130833333333332 ], [ 73.9375, 17.130833333333332 ], [ 73.9375, 17.131666666666664 ], [ 73.936666666666682, 17.131666666666664 ], [ 73.936666666666682, 17.1325 ], [ 73.935833333333335, 17.1325 ], [ 73.935833333333335, 17.133333333333333 ], [ 73.935, 17.133333333333333 ], [ 73.935, 17.134166666666665 ], [ 73.933333333333337, 17.134166666666665 ], [ 73.933333333333337, 17.136666666666667 ], [ 73.931666666666672, 17.136666666666667 ], [ 73.931666666666672, 17.1375 ], [ 73.930833333333339, 17.1375 ], [ 73.930833333333339, 17.138333333333332 ], [ 73.926666666666677, 17.138333333333332 ], [ 73.926666666666677, 17.139166666666664 ], [ 73.925833333333344, 17.139166666666664 ], [ 73.925833333333344, 17.14 ], [ 73.925, 17.14 ], [ 73.925, 17.140833333333333 ], [ 73.924166666666679, 17.140833333333333 ], [ 73.924166666666679, 17.141666666666666 ], [ 73.9225, 17.141666666666666 ], [ 73.9225, 17.1425 ], [ 73.920833333333348, 17.1425 ], [ 73.920833333333348, 17.143333333333331 ], [ 73.92, 17.143333333333331 ], [ 73.92, 17.144166666666667 ], [ 73.919166666666669, 17.144166666666667 ], [ 73.919166666666669, 17.145 ], [ 73.918333333333337, 17.145 ], [ 73.918333333333337, 17.146666666666665 ], [ 73.916666666666671, 17.146666666666665 ], [ 73.916666666666671, 17.1475 ], [ 73.914166666666674, 17.1475 ], [ 73.914166666666674, 17.148333333333333 ], [ 73.9125, 17.148333333333333 ], [ 73.9125, 17.149166666666666 ], [ 73.909166666666678, 17.149166666666666 ], [ 73.909166666666678, 17.15 ], [ 73.908333333333346, 17.15 ], [ 73.908333333333346, 17.150833333333331 ], [ 73.9075, 17.150833333333331 ], [ 73.9075, 17.151666666666667 ], [ 73.90666666666668, 17.151666666666667 ], [ 73.90666666666668, 17.1525 ], [ 73.905833333333348, 17.1525 ], [ 73.905833333333348, 17.153333333333332 ], [ 73.905, 17.153333333333332 ], [ 73.905, 17.154166666666665 ], [ 73.904166666666669, 17.154166666666665 ], [ 73.904166666666669, 17.155 ], [ 73.903333333333336, 17.155 ], [ 73.903333333333336, 17.155833333333334 ], [ 73.9025, 17.155833333333334 ], [ 73.9025, 17.156666666666666 ], [ 73.901666666666671, 17.156666666666666 ], [ 73.901666666666671, 17.1575 ], [ 73.900833333333338, 17.1575 ], [ 73.900833333333338, 17.158333333333331 ], [ 73.9, 17.158333333333331 ], [ 73.9, 17.159166666666664 ], [ 73.898333333333341, 17.159166666666664 ], [ 73.898333333333341, 17.158333333333331 ], [ 73.8975, 17.158333333333331 ], [ 73.8975, 17.1575 ], [ 73.896666666666675, 17.1575 ], [ 73.896666666666675, 17.156666666666666 ], [ 73.895833333333343, 17.156666666666666 ], [ 73.894166666666678, 17.156666666666666 ], [ 73.894166666666678, 17.155833333333334 ], [ 73.893333333333345, 17.155833333333334 ], [ 73.889166666666668, 17.155833333333334 ], [ 73.889166666666668, 17.155 ], [ 73.884166666666673, 17.155 ], [ 73.884166666666673, 17.155833333333334 ], [ 73.88333333333334, 17.155833333333334 ], [ 73.88333333333334, 17.156666666666666 ], [ 73.8825, 17.156666666666666 ], [ 73.8825, 17.1575 ], [ 73.881666666666675, 17.1575 ], [ 73.881666666666675, 17.16 ], [ 73.880833333333342, 17.16 ], [ 73.880833333333342, 17.161666666666665 ], [ 73.881666666666675, 17.161666666666665 ], [ 73.881666666666675, 17.1625 ], [ 73.8825, 17.1625 ], [ 73.8825, 17.170833333333331 ], [ 73.881666666666675, 17.170833333333331 ], [ 73.881666666666675, 17.1725 ], [ 73.880833333333342, 17.1725 ], [ 73.880833333333342, 17.174166666666665 ], [ 73.88, 17.174166666666665 ], [ 73.88, 17.175 ], [ 73.879166666666677, 17.175 ], [ 73.879166666666677, 17.175833333333333 ], [ 73.878333333333345, 17.175833333333333 ], [ 73.878333333333345, 17.176666666666666 ], [ 73.876666666666679, 17.176666666666666 ], [ 73.876666666666679, 17.1775 ], [ 73.875833333333347, 17.1775 ], [ 73.875833333333347, 17.178333333333331 ], [ 73.874166666666682, 17.178333333333331 ], [ 73.874166666666682, 17.179166666666667 ], [ 73.873333333333335, 17.179166666666667 ], [ 73.873333333333335, 17.180833333333332 ], [ 73.8725, 17.180833333333332 ], [ 73.8725, 17.181666666666665 ], [ 73.87166666666667, 17.181666666666665 ], [ 73.87166666666667, 17.1825 ], [ 73.870833333333337, 17.1825 ], [ 73.870833333333337, 17.183333333333334 ], [ 73.87, 17.183333333333334 ], [ 73.87, 17.184166666666666 ], [ 73.869166666666672, 17.184166666666666 ], [ 73.869166666666672, 17.185 ], [ 73.868333333333339, 17.185 ], [ 73.868333333333339, 17.185833333333331 ], [ 73.8675, 17.185833333333331 ], [ 73.8675, 17.188333333333333 ], [ 73.868333333333339, 17.188333333333333 ], [ 73.868333333333339, 17.189166666666665 ], [ 73.869166666666672, 17.189166666666665 ], [ 73.869166666666672, 17.19 ], [ 73.87, 17.19 ], [ 73.87, 17.190833333333334 ], [ 73.869166666666672, 17.190833333333334 ], [ 73.869166666666672, 17.191666666666666 ], [ 73.868333333333339, 17.191666666666666 ], [ 73.868333333333339, 17.1925 ], [ 73.866666666666674, 17.1925 ], [ 73.866666666666674, 17.193333333333332 ], [ 73.8625, 17.193333333333332 ], [ 73.8625, 17.194166666666664 ], [ 73.858333333333348, 17.194166666666664 ], [ 73.858333333333348, 17.195 ], [ 73.855833333333337, 17.195 ], [ 73.855833333333337, 17.195833333333333 ], [ 73.854166666666671, 17.195833333333333 ], [ 73.854166666666671, 17.196666666666665 ], [ 73.8525, 17.196666666666665 ], [ 73.8525, 17.1975 ], [ 73.850833333333341, 17.1975 ], [ 73.850833333333341, 17.198333333333331 ], [ 73.849166666666676, 17.198333333333331 ], [ 73.849166666666676, 17.199166666666667 ], [ 73.848333333333343, 17.199166666666667 ], [ 73.848333333333343, 17.201666666666664 ], [ 73.8475, 17.201666666666664 ], [ 73.8475, 17.204166666666666 ], [ 73.846666666666678, 17.204166666666666 ], [ 73.846666666666678, 17.206666666666667 ], [ 73.845833333333346, 17.206666666666667 ], [ 73.845833333333346, 17.209166666666665 ], [ 73.845, 17.209166666666665 ], [ 73.845, 17.21 ], [ 73.84416666666668, 17.21 ], [ 73.84416666666668, 17.2125 ], [ 73.843333333333348, 17.2125 ], [ 73.843333333333348, 17.214166666666667 ], [ 73.8425, 17.214166666666667 ], [ 73.8425, 17.215 ], [ 73.841666666666669, 17.215 ], [ 73.841666666666669, 17.216666666666665 ], [ 73.840833333333336, 17.216666666666665 ], [ 73.840833333333336, 17.2175 ], [ 73.84, 17.2175 ], [ 73.84, 17.218333333333334 ], [ 73.839166666666671, 17.218333333333334 ], [ 73.839166666666671, 17.22 ], [ 73.838333333333338, 17.22 ], [ 73.838333333333338, 17.220833333333331 ], [ 73.8375, 17.220833333333331 ], [ 73.8375, 17.221666666666664 ], [ 73.836666666666673, 17.221666666666664 ], [ 73.836666666666673, 17.223333333333333 ], [ 73.835833333333341, 17.223333333333333 ], [ 73.835833333333341, 17.224166666666665 ], [ 73.835, 17.224166666666665 ], [ 73.835, 17.225833333333334 ], [ 73.833333333333343, 17.225833333333334 ], [ 73.833333333333343, 17.226666666666667 ], [ 73.8325, 17.226666666666667 ], [ 73.8325, 17.2275 ], [ 73.831666666666678, 17.2275 ], [ 73.831666666666678, 17.228333333333332 ], [ 73.82416666666667, 17.228333333333332 ], [ 73.82416666666667, 17.229166666666664 ], [ 73.823333333333338, 17.229166666666664 ], [ 73.823333333333338, 17.23 ], [ 73.8225, 17.23 ], [ 73.8225, 17.230833333333333 ], [ 73.82, 17.230833333333333 ], [ 73.82, 17.231666666666666 ], [ 73.819166666666675, 17.231666666666666 ], [ 73.819166666666675, 17.2325 ], [ 73.8175, 17.2325 ], [ 73.8175, 17.233333333333331 ], [ 73.816666666666677, 17.233333333333331 ], [ 73.816666666666677, 17.2325 ], [ 73.815, 17.2325 ], [ 73.815, 17.233333333333331 ], [ 73.813333333333347, 17.233333333333331 ], [ 73.813333333333347, 17.234166666666667 ], [ 73.811666666666682, 17.234166666666667 ], [ 73.811666666666682, 17.233333333333331 ], [ 73.810833333333335, 17.233333333333331 ], [ 73.81, 17.233333333333331 ], [ 73.81, 17.2325 ], [ 73.80916666666667, 17.2325 ], [ 73.80916666666667, 17.231666666666666 ], [ 73.808333333333337, 17.231666666666666 ], [ 73.808333333333337, 17.2325 ], [ 73.8075, 17.2325 ], [ 73.8075, 17.234166666666667 ], [ 73.805, 17.234166666666667 ], [ 73.805, 17.235833333333332 ], [ 73.804166666666674, 17.235833333333332 ], [ 73.804166666666674, 17.2375 ], [ 73.801666666666677, 17.2375 ], [ 73.801666666666677, 17.24 ], [ 73.800833333333344, 17.24 ], [ 73.800833333333344, 17.244166666666665 ], [ 73.798333333333346, 17.244166666666665 ], [ 73.798333333333346, 17.245833333333334 ], [ 73.7975, 17.245833333333334 ], [ 73.7975, 17.244166666666665 ], [ 73.796666666666681, 17.244166666666665 ], [ 73.796666666666681, 17.243333333333332 ], [ 73.794166666666669, 17.243333333333332 ], [ 73.794166666666669, 17.244166666666665 ], [ 73.79, 17.244166666666665 ], [ 73.79, 17.245 ], [ 73.7875, 17.245 ], [ 73.7875, 17.244166666666665 ], [ 73.785833333333343, 17.244166666666665 ], [ 73.785833333333343, 17.245 ], [ 73.780833333333348, 17.245 ], [ 73.780833333333348, 17.245833333333334 ], [ 73.78, 17.245833333333334 ], [ 73.78, 17.246666666666666 ], [ 73.7775, 17.246666666666666 ], [ 73.7775, 17.2475 ], [ 73.775833333333338, 17.2475 ], [ 73.775833333333338, 17.248333333333331 ], [ 73.775, 17.248333333333331 ], [ 73.775, 17.25 ], [ 73.7725, 17.25 ], [ 73.7725, 17.249166666666667 ], [ 73.768333333333345, 17.249166666666667 ], [ 73.768333333333345, 17.25 ], [ 73.765833333333347, 17.25 ], [ 73.765833333333347, 17.251666666666665 ], [ 73.765, 17.251666666666665 ], [ 73.765, 17.2525 ], [ 73.763333333333335, 17.2525 ], [ 73.763333333333335, 17.253333333333334 ], [ 73.7625, 17.253333333333334 ], [ 73.7625, 17.254166666666666 ], [ 73.76166666666667, 17.254166666666666 ], [ 73.76166666666667, 17.256666666666664 ], [ 73.760833333333338, 17.256666666666664 ], [ 73.760833333333338, 17.2575 ], [ 73.75833333333334, 17.2575 ], [ 73.75833333333334, 17.258333333333333 ], [ 73.7575, 17.258333333333333 ], [ 73.7575, 17.259166666666665 ], [ 73.756666666666675, 17.259166666666665 ], [ 73.756666666666675, 17.261666666666667 ], [ 73.755833333333342, 17.261666666666667 ], [ 73.755833333333342, 17.265 ], [ 73.755, 17.265 ], [ 73.755, 17.265833333333333 ], [ 73.755833333333342, 17.265833333333333 ], [ 73.755833333333342, 17.266666666666666 ], [ 73.755, 17.266666666666666 ], [ 73.755, 17.268333333333331 ], [ 73.754166666666677, 17.268333333333331 ], [ 73.754166666666677, 17.269166666666667 ], [ 73.753333333333345, 17.269166666666667 ], [ 73.753333333333345, 17.27 ], [ 73.7525, 17.27 ], [ 73.7525, 17.270833333333332 ], [ 73.750833333333347, 17.270833333333332 ], [ 73.750833333333347, 17.271666666666665 ], [ 73.75, 17.271666666666665 ], [ 73.75, 17.2725 ], [ 73.749166666666682, 17.2725 ], [ 73.749166666666682, 17.274166666666666 ], [ 73.748333333333335, 17.274166666666666 ], [ 73.748333333333335, 17.275 ], [ 73.74666666666667, 17.275 ], [ 73.74666666666667, 17.276666666666667 ], [ 73.745833333333337, 17.276666666666667 ], [ 73.745833333333337, 17.2775 ], [ 73.745, 17.2775 ], [ 73.745, 17.280833333333334 ], [ 73.745833333333337, 17.280833333333334 ], [ 73.745833333333337, 17.281666666666666 ], [ 73.74666666666667, 17.281666666666666 ], [ 73.74666666666667, 17.284166666666664 ], [ 73.7475, 17.284166666666664 ], [ 73.7475, 17.286666666666665 ], [ 73.748333333333335, 17.286666666666665 ], [ 73.748333333333335, 17.288333333333334 ], [ 73.7475, 17.288333333333334 ], [ 73.7475, 17.289166666666667 ], [ 73.74666666666667, 17.289166666666667 ], [ 73.74666666666667, 17.29 ], [ 73.745833333333337, 17.29 ], [ 73.745833333333337, 17.290833333333332 ], [ 73.743333333333339, 17.290833333333332 ], [ 73.743333333333339, 17.291666666666664 ], [ 73.7425, 17.291666666666664 ], [ 73.7425, 17.2925 ], [ 73.741666666666674, 17.2925 ], [ 73.741666666666674, 17.293333333333333 ], [ 73.740833333333342, 17.293333333333333 ], [ 73.740833333333342, 17.294166666666666 ], [ 73.74, 17.294166666666666 ], [ 73.74, 17.295 ], [ 73.739166666666677, 17.295 ], [ 73.739166666666677, 17.296666666666667 ], [ 73.738333333333344, 17.296666666666667 ], [ 73.738333333333344, 17.2975 ], [ 73.7375, 17.2975 ], [ 73.7375, 17.299166666666665 ], [ 73.735833333333346, 17.299166666666665 ], [ 73.735833333333346, 17.3 ], [ 73.735, 17.3 ], [ 73.735, 17.300833333333333 ], [ 73.734166666666681, 17.300833333333333 ], [ 73.734166666666681, 17.301666666666666 ], [ 73.7325, 17.301666666666666 ], [ 73.7325, 17.3025 ], [ 73.731666666666669, 17.3025 ], [ 73.731666666666669, 17.303333333333331 ], [ 73.729166666666671, 17.303333333333331 ], [ 73.729166666666671, 17.304166666666667 ], [ 73.7275, 17.304166666666667 ], [ 73.7275, 17.305833333333332 ], [ 73.726666666666674, 17.305833333333332 ], [ 73.726666666666674, 17.3075 ], [ 73.725833333333341, 17.3075 ], [ 73.725833333333341, 17.308333333333334 ], [ 73.725, 17.308333333333334 ], [ 73.725, 17.31 ], [ 73.725833333333341, 17.31 ], [ 73.725833333333341, 17.310833333333331 ], [ 73.724166666666676, 17.310833333333331 ], [ 73.724166666666676, 17.311666666666667 ], [ 73.720833333333346, 17.311666666666667 ], [ 73.720833333333346, 17.3125 ], [ 73.71916666666668, 17.3125 ], [ 73.71916666666668, 17.314166666666665 ], [ 73.718333333333348, 17.314166666666665 ], [ 73.718333333333348, 17.315 ], [ 73.715833333333336, 17.315 ], [ 73.715833333333336, 17.313333333333333 ], [ 73.715, 17.313333333333333 ], [ 73.715, 17.311666666666667 ], [ 73.714166666666671, 17.311666666666667 ], [ 73.713333333333338, 17.311666666666667 ], [ 73.713333333333338, 17.310833333333331 ], [ 73.7125, 17.310833333333331 ], [ 73.709166666666675, 17.310833333333331 ], [ 73.709166666666675, 17.31 ], [ 73.708333333333343, 17.31 ], [ 73.708333333333343, 17.309166666666666 ], [ 73.7075, 17.309166666666666 ], [ 73.7075, 17.308333333333334 ], [ 73.706666666666678, 17.308333333333334 ], [ 73.706666666666678, 17.3075 ], [ 73.705833333333345, 17.3075 ], [ 73.705833333333345, 17.306666666666665 ], [ 73.705, 17.306666666666665 ], [ 73.705, 17.305833333333332 ], [ 73.70416666666668, 17.305833333333332 ], [ 73.70416666666668, 17.306666666666665 ], [ 73.701666666666668, 17.306666666666665 ], [ 73.701666666666668, 17.3075 ], [ 73.700833333333335, 17.3075 ], [ 73.700833333333335, 17.308333333333334 ], [ 73.69916666666667, 17.308333333333334 ], [ 73.69916666666667, 17.3075 ], [ 73.694166666666675, 17.3075 ], [ 73.694166666666675, 17.309166666666666 ], [ 73.693333333333342, 17.309166666666666 ], [ 73.693333333333342, 17.31 ], [ 73.6925, 17.31 ], [ 73.6925, 17.310833333333331 ], [ 73.691666666666677, 17.310833333333331 ], [ 73.691666666666677, 17.311666666666667 ], [ 73.690833333333345, 17.311666666666667 ], [ 73.690833333333345, 17.3125 ], [ 73.69, 17.3125 ], [ 73.69, 17.313333333333333 ], [ 73.688333333333347, 17.313333333333333 ], [ 73.688333333333347, 17.314166666666665 ], [ 73.686666666666682, 17.314166666666665 ], [ 73.686666666666682, 17.316666666666666 ], [ 73.685833333333335, 17.316666666666666 ], [ 73.685833333333335, 17.32 ], [ 73.685, 17.32 ], [ 73.685, 17.321666666666665 ], [ 73.68416666666667, 17.321666666666665 ], [ 73.68416666666667, 17.3225 ], [ 73.683333333333337, 17.3225 ], [ 73.683333333333337, 17.323333333333331 ], [ 73.681666666666672, 17.323333333333331 ], [ 73.681666666666672, 17.324166666666667 ], [ 73.680833333333339, 17.324166666666667 ], [ 73.680833333333339, 17.325 ], [ 73.68, 17.325 ], [ 73.68, 17.325833333333332 ], [ 73.680833333333339, 17.325833333333332 ], [ 73.680833333333339, 17.3275 ], [ 73.68, 17.3275 ], [ 73.68, 17.331666666666667 ], [ 73.680833333333339, 17.331666666666667 ], [ 73.680833333333339, 17.334166666666665 ], [ 73.681666666666672, 17.334166666666665 ], [ 73.681666666666672, 17.335 ], [ 73.6825, 17.335 ], [ 73.683333333333337, 17.335 ], [ 73.683333333333337, 17.335833333333333 ], [ 73.68416666666667, 17.335833333333333 ], [ 73.68416666666667, 17.336666666666666 ], [ 73.685, 17.336666666666666 ], [ 73.685, 17.3375 ], [ 73.685833333333335, 17.3375 ], [ 73.685833333333335, 17.338333333333331 ], [ 73.686666666666682, 17.338333333333331 ], [ 73.686666666666682, 17.34 ], [ 73.6875, 17.34 ], [ 73.6875, 17.341666666666665 ], [ 73.688333333333347, 17.341666666666665 ], [ 73.688333333333347, 17.343333333333334 ], [ 73.6875, 17.343333333333334 ], [ 73.6875, 17.344166666666666 ], [ 73.686666666666682, 17.344166666666666 ], [ 73.686666666666682, 17.345 ], [ 73.685833333333335, 17.345 ], [ 73.685833333333335, 17.346666666666664 ], [ 73.685, 17.346666666666664 ], [ 73.685, 17.3475 ], [ 73.68416666666667, 17.3475 ], [ 73.68416666666667, 17.3525 ], [ 73.683333333333337, 17.3525 ], [ 73.683333333333337, 17.355833333333333 ], [ 73.6825, 17.355833333333333 ], [ 73.6825, 17.356666666666666 ], [ 73.680833333333339, 17.356666666666666 ], [ 73.680833333333339, 17.361666666666665 ], [ 73.68, 17.361666666666665 ], [ 73.68, 17.364166666666666 ], [ 73.679166666666674, 17.364166666666666 ], [ 73.679166666666674, 17.365 ], [ 73.678333333333342, 17.365 ], [ 73.678333333333342, 17.366666666666667 ], [ 73.6775, 17.366666666666667 ], [ 73.6775, 17.3675 ], [ 73.678333333333342, 17.3675 ], [ 73.678333333333342, 17.368333333333332 ], [ 73.6775, 17.368333333333332 ], [ 73.6775, 17.369166666666665 ], [ 73.675, 17.369166666666665 ], [ 73.675, 17.37 ], [ 73.674166666666679, 17.37 ], [ 73.674166666666679, 17.370833333333334 ], [ 73.673333333333346, 17.370833333333334 ], [ 73.673333333333346, 17.371666666666666 ], [ 73.6725, 17.371666666666666 ], [ 73.6725, 17.3725 ], [ 73.670833333333348, 17.3725 ], [ 73.670833333333348, 17.373333333333331 ], [ 73.67, 17.373333333333331 ], [ 73.67, 17.375 ], [ 73.669166666666669, 17.375 ], [ 73.669166666666669, 17.375833333333333 ], [ 73.668333333333337, 17.375833333333333 ], [ 73.668333333333337, 17.376666666666665 ], [ 73.6675, 17.376666666666665 ], [ 73.6675, 17.3775 ], [ 73.666666666666671, 17.3775 ], [ 73.666666666666671, 17.378333333333334 ], [ 73.665833333333339, 17.378333333333334 ], [ 73.665833333333339, 17.379166666666666 ], [ 73.665, 17.379166666666666 ], [ 73.665, 17.38 ], [ 73.664166666666674, 17.38 ], [ 73.664166666666674, 17.380833333333332 ], [ 73.663333333333341, 17.380833333333332 ], [ 73.663333333333341, 17.381666666666664 ], [ 73.6625, 17.381666666666664 ], [ 73.6625, 17.3825 ], [ 73.661666666666676, 17.3825 ], [ 73.661666666666676, 17.383333333333333 ], [ 73.660833333333343, 17.383333333333333 ], [ 73.660833333333343, 17.3825 ], [ 73.66, 17.3825 ], [ 73.66, 17.384166666666665 ], [ 73.659166666666678, 17.384166666666665 ], [ 73.659166666666678, 17.386666666666667 ], [ 73.66, 17.386666666666667 ], [ 73.66, 17.3875 ], [ 73.660833333333343, 17.3875 ], [ 73.660833333333343, 17.388333333333332 ], [ 73.661666666666676, 17.388333333333332 ], [ 73.661666666666676, 17.389166666666664 ], [ 73.6625, 17.389166666666664 ], [ 73.6625, 17.39 ], [ 73.663333333333341, 17.39 ], [ 73.663333333333341, 17.390833333333333 ], [ 73.665, 17.390833333333333 ], [ 73.665833333333339, 17.390833333333333 ], [ 73.665833333333339, 17.391666666666666 ], [ 73.666666666666671, 17.391666666666666 ], [ 73.6675, 17.391666666666666 ], [ 73.6675, 17.3925 ], [ 73.668333333333337, 17.3925 ], [ 73.669166666666669, 17.3925 ], [ 73.669166666666669, 17.394166666666667 ], [ 73.67, 17.394166666666667 ], [ 73.67, 17.396666666666665 ], [ 73.670833333333348, 17.396666666666665 ], [ 73.670833333333348, 17.398333333333333 ], [ 73.671666666666681, 17.398333333333333 ], [ 73.671666666666681, 17.399166666666666 ], [ 73.6725, 17.399166666666666 ], [ 73.6725, 17.400833333333331 ], [ 73.673333333333346, 17.400833333333331 ], [ 73.673333333333346, 17.4025 ], [ 73.674166666666679, 17.4025 ], [ 73.674166666666679, 17.403333333333332 ], [ 73.675, 17.403333333333332 ], [ 73.675, 17.404166666666665 ], [ 73.675833333333344, 17.404166666666665 ], [ 73.675833333333344, 17.405 ], [ 73.676666666666677, 17.405 ], [ 73.6775, 17.405 ], [ 73.6775, 17.405833333333334 ], [ 73.678333333333342, 17.405833333333334 ], [ 73.678333333333342, 17.406666666666666 ], [ 73.679166666666674, 17.406666666666666 ], [ 73.679166666666674, 17.4075 ], [ 73.68, 17.4075 ], [ 73.68, 17.408333333333331 ], [ 73.685833333333335, 17.408333333333331 ], [ 73.685833333333335, 17.406666666666666 ], [ 73.686666666666682, 17.406666666666666 ], [ 73.686666666666682, 17.405833333333334 ], [ 73.6875, 17.405833333333334 ], [ 73.6875, 17.405 ], [ 73.688333333333347, 17.405 ], [ 73.688333333333347, 17.404166666666665 ], [ 73.689166666666679, 17.404166666666665 ], [ 73.689166666666679, 17.403333333333332 ], [ 73.694166666666675, 17.403333333333332 ], [ 73.694166666666675, 17.404166666666665 ], [ 73.696666666666673, 17.404166666666665 ], [ 73.6975, 17.404166666666665 ], [ 73.6975, 17.405 ], [ 73.698333333333338, 17.405 ], [ 73.69916666666667, 17.405 ], [ 73.69916666666667, 17.405833333333334 ], [ 73.7, 17.405833333333334 ], [ 73.7, 17.406666666666666 ], [ 73.700833333333335, 17.406666666666666 ], [ 73.700833333333335, 17.4075 ], [ 73.7, 17.4075 ], [ 73.7, 17.408333333333331 ], [ 73.700833333333335, 17.408333333333331 ], [ 73.700833333333335, 17.41 ], [ 73.701666666666668, 17.41 ], [ 73.701666666666668, 17.4125 ], [ 73.7025, 17.4125 ], [ 73.7025, 17.414166666666667 ], [ 73.703333333333347, 17.414166666666667 ], [ 73.703333333333347, 17.415 ], [ 73.70416666666668, 17.415 ], [ 73.70416666666668, 17.416666666666664 ], [ 73.705, 17.416666666666664 ], [ 73.705, 17.4175 ], [ 73.705833333333345, 17.4175 ], [ 73.705833333333345, 17.418333333333333 ], [ 73.706666666666678, 17.418333333333333 ], [ 73.706666666666678, 17.419166666666666 ], [ 73.7075, 17.419166666666666 ], [ 73.708333333333343, 17.419166666666666 ], [ 73.708333333333343, 17.42 ], [ 73.709166666666675, 17.42 ], [ 73.709166666666675, 17.421666666666667 ], [ 73.71, 17.421666666666667 ], [ 73.71, 17.423333333333332 ], [ 73.711666666666673, 17.423333333333332 ], [ 73.7125, 17.423333333333332 ], [ 73.7125, 17.424166666666665 ], [ 73.713333333333338, 17.424166666666665 ], [ 73.713333333333338, 17.425833333333333 ], [ 73.714166666666671, 17.425833333333333 ], [ 73.714166666666671, 17.426666666666666 ], [ 73.715, 17.426666666666666 ], [ 73.715, 17.4275 ], [ 73.714166666666671, 17.4275 ], [ 73.714166666666671, 17.428333333333331 ], [ 73.713333333333338, 17.428333333333331 ], [ 73.713333333333338, 17.429166666666667 ], [ 73.7125, 17.429166666666667 ], [ 73.7125, 17.43 ], [ 73.711666666666673, 17.43 ], [ 73.711666666666673, 17.430833333333332 ], [ 73.710833333333341, 17.430833333333332 ], [ 73.710833333333341, 17.431666666666665 ], [ 73.71, 17.431666666666665 ], [ 73.71, 17.4325 ], [ 73.709166666666675, 17.4325 ], [ 73.709166666666675, 17.433333333333334 ], [ 73.708333333333343, 17.433333333333334 ], [ 73.708333333333343, 17.435 ], [ 73.7075, 17.435 ], [ 73.7075, 17.435833333333331 ], [ 73.706666666666678, 17.435833333333331 ], [ 73.706666666666678, 17.436666666666667 ], [ 73.705, 17.436666666666667 ], [ 73.705, 17.4375 ], [ 73.70416666666668, 17.4375 ], [ 73.70416666666668, 17.439166666666665 ], [ 73.705, 17.439166666666665 ], [ 73.705, 17.44 ], [ 73.705833333333345, 17.44 ], [ 73.705833333333345, 17.440833333333334 ], [ 73.706666666666678, 17.440833333333334 ], [ 73.706666666666678, 17.445833333333333 ], [ 73.705833333333345, 17.445833333333333 ], [ 73.705833333333345, 17.4475 ], [ 73.705, 17.4475 ], [ 73.705, 17.451666666666664 ], [ 73.70416666666668, 17.451666666666664 ], [ 73.70416666666668, 17.4525 ], [ 73.703333333333347, 17.4525 ], [ 73.703333333333347, 17.453333333333333 ], [ 73.701666666666668, 17.453333333333333 ], [ 73.701666666666668, 17.455 ], [ 73.7025, 17.455 ], [ 73.7025, 17.455833333333331 ], [ 73.703333333333347, 17.455833333333331 ], [ 73.703333333333347, 17.456666666666667 ], [ 73.70416666666668, 17.456666666666667 ], [ 73.70416666666668, 17.458333333333332 ], [ 73.705, 17.458333333333332 ], [ 73.705, 17.460833333333333 ], [ 73.70416666666668, 17.460833333333333 ], [ 73.70416666666668, 17.461666666666666 ], [ 73.705, 17.461666666666666 ], [ 73.705, 17.4625 ], [ 73.705833333333345, 17.4625 ], [ 73.705833333333345, 17.465 ], [ 73.706666666666678, 17.465 ], [ 73.706666666666678, 17.466666666666665 ], [ 73.705833333333345, 17.466666666666665 ], [ 73.705833333333345, 17.4675 ], [ 73.705, 17.4675 ], [ 73.705, 17.468333333333334 ], [ 73.70416666666668, 17.468333333333334 ], [ 73.70416666666668, 17.469166666666666 ], [ 73.703333333333347, 17.469166666666666 ], [ 73.703333333333347, 17.470833333333331 ], [ 73.7025, 17.470833333333331 ], [ 73.7025, 17.4725 ], [ 73.701666666666668, 17.4725 ], [ 73.701666666666668, 17.475 ], [ 73.700833333333335, 17.475 ], [ 73.700833333333335, 17.476666666666667 ], [ 73.698333333333338, 17.476666666666667 ], [ 73.698333333333338, 17.4775 ], [ 73.696666666666673, 17.4775 ], [ 73.696666666666673, 17.478333333333332 ], [ 73.69583333333334, 17.478333333333332 ], [ 73.69583333333334, 17.479166666666664 ], [ 73.695, 17.479166666666664 ], [ 73.695, 17.48 ], [ 73.69583333333334, 17.48 ], [ 73.69583333333334, 17.480833333333333 ], [ 73.696666666666673, 17.480833333333333 ], [ 73.696666666666673, 17.4825 ], [ 73.69583333333334, 17.4825 ], [ 73.69583333333334, 17.485833333333332 ], [ 73.695, 17.485833333333332 ], [ 73.695, 17.4875 ], [ 73.696666666666673, 17.4875 ], [ 73.6975, 17.4875 ], [ 73.6975, 17.488333333333333 ], [ 73.698333333333338, 17.488333333333333 ], [ 73.69916666666667, 17.488333333333333 ], [ 73.69916666666667, 17.489166666666666 ], [ 73.700833333333335, 17.489166666666666 ], [ 73.701666666666668, 17.489166666666666 ], [ 73.701666666666668, 17.49 ], [ 73.7025, 17.49 ], [ 73.7025, 17.490833333333331 ], [ 73.703333333333347, 17.490833333333331 ], [ 73.70416666666668, 17.490833333333331 ], [ 73.70416666666668, 17.491666666666667 ], [ 73.705, 17.491666666666667 ], [ 73.705, 17.4925 ], [ 73.705833333333345, 17.4925 ], [ 73.705833333333345, 17.493333333333332 ], [ 73.706666666666678, 17.493333333333332 ], [ 73.706666666666678, 17.494166666666665 ], [ 73.7075, 17.494166666666665 ], [ 73.7075, 17.496666666666666 ], [ 73.708333333333343, 17.496666666666666 ], [ 73.708333333333343, 17.499166666666667 ], [ 73.7075, 17.499166666666667 ], [ 73.7075, 17.5 ], [ 73.706666666666678, 17.5 ], [ 73.706666666666678, 17.500833333333333 ], [ 73.705833333333345, 17.500833333333333 ], [ 73.705833333333345, 17.501666666666665 ], [ 73.70416666666668, 17.501666666666665 ], [ 73.70416666666668, 17.503333333333334 ], [ 73.703333333333347, 17.503333333333334 ], [ 73.703333333333347, 17.504166666666666 ], [ 73.7025, 17.504166666666666 ], [ 73.7025, 17.505 ], [ 73.703333333333347, 17.505 ], [ 73.703333333333347, 17.505833333333332 ], [ 73.70416666666668, 17.505833333333332 ], [ 73.705, 17.505833333333332 ], [ 73.705, 17.5075 ], [ 73.705833333333345, 17.5075 ], [ 73.705833333333345, 17.508333333333333 ], [ 73.706666666666678, 17.508333333333333 ], [ 73.706666666666678, 17.509166666666665 ], [ 73.7075, 17.509166666666665 ], [ 73.7075, 17.510833333333334 ], [ 73.708333333333343, 17.510833333333334 ], [ 73.708333333333343, 17.511666666666667 ], [ 73.709166666666675, 17.511666666666667 ], [ 73.71, 17.511666666666667 ], [ 73.71, 17.5125 ], [ 73.710833333333341, 17.5125 ], [ 73.710833333333341, 17.513333333333332 ], [ 73.711666666666673, 17.513333333333332 ], [ 73.711666666666673, 17.515 ], [ 73.7125, 17.515 ], [ 73.7125, 17.515833333333333 ], [ 73.713333333333338, 17.515833333333333 ], [ 73.713333333333338, 17.516666666666666 ], [ 73.714166666666671, 17.516666666666666 ], [ 73.715, 17.516666666666666 ], [ 73.715, 17.5175 ], [ 73.715833333333336, 17.5175 ], [ 73.715833333333336, 17.518333333333331 ], [ 73.716666666666669, 17.518333333333331 ], [ 73.7175, 17.518333333333331 ], [ 73.7175, 17.519166666666667 ], [ 73.718333333333348, 17.519166666666667 ], [ 73.718333333333348, 17.52 ], [ 73.71916666666668, 17.52 ], [ 73.71916666666668, 17.520833333333332 ], [ 73.7225, 17.520833333333332 ], [ 73.723333333333343, 17.520833333333332 ], [ 73.723333333333343, 17.521666666666665 ], [ 73.724166666666676, 17.521666666666665 ], [ 73.725, 17.521666666666665 ], [ 73.725, 17.5225 ], [ 73.725833333333341, 17.5225 ], [ 73.725833333333341, 17.523333333333333 ], [ 73.726666666666674, 17.523333333333333 ], [ 73.7275, 17.523333333333333 ], [ 73.7275, 17.524166666666666 ], [ 73.728333333333339, 17.524166666666666 ], [ 73.728333333333339, 17.525 ], [ 73.729166666666671, 17.525 ], [ 73.73, 17.525 ], [ 73.73, 17.525833333333331 ], [ 73.730833333333337, 17.525833333333331 ], [ 73.730833333333337, 17.526666666666667 ], [ 73.731666666666669, 17.526666666666667 ], [ 73.731666666666669, 17.528333333333332 ], [ 73.7325, 17.528333333333332 ], [ 73.733333333333348, 17.528333333333332 ], [ 73.733333333333348, 17.529166666666665 ], [ 73.734166666666681, 17.529166666666665 ], [ 73.734166666666681, 17.53 ], [ 73.735, 17.53 ], [ 73.735833333333346, 17.53 ], [ 73.735833333333346, 17.530833333333334 ], [ 73.736666666666679, 17.530833333333334 ], [ 73.736666666666679, 17.531666666666666 ], [ 73.7375, 17.531666666666666 ], [ 73.7375, 17.5325 ], [ 73.738333333333344, 17.5325 ], [ 73.738333333333344, 17.533333333333331 ], [ 73.739166666666677, 17.533333333333331 ], [ 73.739166666666677, 17.5325 ], [ 73.74, 17.5325 ], [ 73.74, 17.534166666666664 ], [ 73.739166666666677, 17.534166666666664 ], [ 73.739166666666677, 17.536666666666665 ], [ 73.74, 17.536666666666665 ], [ 73.74, 17.538333333333334 ], [ 73.740833333333342, 17.538333333333334 ], [ 73.740833333333342, 17.539166666666667 ], [ 73.741666666666674, 17.539166666666667 ], [ 73.741666666666674, 17.543333333333333 ], [ 73.740833333333342, 17.543333333333333 ], [ 73.740833333333342, 17.546666666666667 ], [ 73.741666666666674, 17.546666666666667 ], [ 73.741666666666674, 17.5475 ], [ 73.7425, 17.5475 ], [ 73.7425, 17.549166666666665 ], [ 73.743333333333339, 17.549166666666665 ], [ 73.744166666666672, 17.549166666666665 ], [ 73.744166666666672, 17.550833333333333 ], [ 73.745, 17.550833333333333 ], [ 73.745, 17.5525 ], [ 73.745833333333337, 17.5525 ], [ 73.745833333333337, 17.555 ], [ 73.74666666666667, 17.555 ], [ 73.74666666666667, 17.555833333333332 ], [ 73.745833333333337, 17.555833333333332 ], [ 73.745833333333337, 17.556666666666665 ], [ 73.745, 17.556666666666665 ], [ 73.745, 17.5575 ], [ 73.744166666666672, 17.5575 ], [ 73.744166666666672, 17.558333333333334 ], [ 73.7425, 17.558333333333334 ], [ 73.7425, 17.559166666666666 ], [ 73.741666666666674, 17.559166666666666 ], [ 73.741666666666674, 17.56 ], [ 73.740833333333342, 17.56 ], [ 73.740833333333342, 17.560833333333331 ], [ 73.74, 17.560833333333331 ], [ 73.74, 17.561666666666667 ], [ 73.739166666666677, 17.561666666666667 ], [ 73.739166666666677, 17.5625 ], [ 73.7375, 17.5625 ], [ 73.7375, 17.563333333333333 ], [ 73.734166666666681, 17.563333333333333 ], [ 73.734166666666681, 17.564166666666665 ], [ 73.730833333333337, 17.564166666666665 ], [ 73.730833333333337, 17.565 ], [ 73.73, 17.565 ], [ 73.73, 17.566666666666666 ], [ 73.729166666666671, 17.566666666666666 ], [ 73.729166666666671, 17.5675 ], [ 73.7275, 17.5675 ], [ 73.7275, 17.568333333333332 ], [ 73.725833333333341, 17.568333333333332 ], [ 73.725833333333341, 17.569166666666664 ], [ 73.724166666666676, 17.569166666666664 ], [ 73.724166666666676, 17.57 ], [ 73.7225, 17.57 ], [ 73.7225, 17.570833333333333 ], [ 73.720833333333346, 17.570833333333333 ], [ 73.720833333333346, 17.571666666666665 ], [ 73.71916666666668, 17.571666666666665 ], [ 73.71916666666668, 17.5725 ], [ 73.718333333333348, 17.5725 ], [ 73.718333333333348, 17.573333333333334 ], [ 73.716666666666669, 17.573333333333334 ], [ 73.716666666666669, 17.574166666666667 ], [ 73.715833333333336, 17.574166666666667 ], [ 73.715833333333336, 17.579166666666666 ], [ 73.716666666666669, 17.579166666666666 ], [ 73.716666666666669, 17.58 ], [ 73.7175, 17.58 ], [ 73.7175, 17.581666666666667 ], [ 73.718333333333348, 17.581666666666667 ], [ 73.718333333333348, 17.5825 ], [ 73.71916666666668, 17.5825 ], [ 73.71916666666668, 17.583333333333332 ], [ 73.72, 17.583333333333332 ], [ 73.72, 17.584166666666665 ], [ 73.720833333333346, 17.584166666666665 ], [ 73.720833333333346, 17.585833333333333 ], [ 73.721666666666678, 17.585833333333333 ], [ 73.721666666666678, 17.586666666666666 ], [ 73.7225, 17.586666666666666 ], [ 73.723333333333343, 17.586666666666666 ], [ 73.723333333333343, 17.5875 ], [ 73.724166666666676, 17.5875 ], [ 73.724166666666676, 17.588333333333331 ], [ 73.725, 17.588333333333331 ], [ 73.725, 17.589166666666667 ], [ 73.725833333333341, 17.589166666666667 ], [ 73.726666666666674, 17.589166666666667 ], [ 73.726666666666674, 17.591666666666665 ], [ 73.725833333333341, 17.591666666666665 ], [ 73.725833333333341, 17.594166666666666 ], [ 73.725, 17.594166666666666 ], [ 73.725, 17.595 ], [ 73.724166666666676, 17.595 ], [ 73.724166666666676, 17.599166666666665 ], [ 73.723333333333343, 17.599166666666665 ], [ 73.723333333333343, 17.600833333333334 ], [ 73.7225, 17.600833333333334 ], [ 73.7225, 17.601666666666667 ], [ 73.721666666666678, 17.601666666666667 ], [ 73.721666666666678, 17.6025 ], [ 73.72, 17.6025 ], [ 73.72, 17.603333333333332 ], [ 73.71916666666668, 17.603333333333332 ], [ 73.71916666666668, 17.604166666666664 ], [ 73.718333333333348, 17.604166666666664 ], [ 73.718333333333348, 17.605 ], [ 73.716666666666669, 17.605 ], [ 73.716666666666669, 17.605833333333333 ], [ 73.715833333333336, 17.605833333333333 ], [ 73.715833333333336, 17.6075 ], [ 73.715, 17.6075 ], [ 73.715, 17.608333333333331 ], [ 73.714166666666671, 17.608333333333331 ], [ 73.714166666666671, 17.609166666666667 ], [ 73.715, 17.609166666666667 ], [ 73.715, 17.61 ], [ 73.715833333333336, 17.61 ], [ 73.715833333333336, 17.610833333333332 ], [ 73.716666666666669, 17.610833333333332 ], [ 73.716666666666669, 17.611666666666665 ], [ 73.7175, 17.611666666666665 ], [ 73.7175, 17.613333333333333 ], [ 73.718333333333348, 17.613333333333333 ], [ 73.718333333333348, 17.614166666666666 ], [ 73.71916666666668, 17.614166666666666 ], [ 73.71916666666668, 17.615833333333331 ], [ 73.72, 17.615833333333331 ], [ 73.72, 17.616666666666667 ], [ 73.720833333333346, 17.616666666666667 ], [ 73.721666666666678, 17.616666666666667 ], [ 73.721666666666678, 17.618333333333332 ], [ 73.720833333333346, 17.618333333333332 ], [ 73.720833333333346, 17.619166666666665 ], [ 73.72, 17.619166666666665 ], [ 73.72, 17.620833333333334 ], [ 73.71916666666668, 17.620833333333334 ], [ 73.71916666666668, 17.621666666666666 ], [ 73.718333333333348, 17.621666666666666 ], [ 73.718333333333348, 17.6225 ], [ 73.7175, 17.6225 ], [ 73.7175, 17.623333333333331 ], [ 73.716666666666669, 17.623333333333331 ], [ 73.716666666666669, 17.625 ], [ 73.7125, 17.625 ], [ 73.7125, 17.625833333333333 ], [ 73.711666666666673, 17.625833333333333 ], [ 73.711666666666673, 17.626666666666665 ], [ 73.708333333333343, 17.626666666666665 ], [ 73.708333333333343, 17.6275 ], [ 73.70416666666668, 17.6275 ], [ 73.70416666666668, 17.626666666666665 ], [ 73.7025, 17.626666666666665 ], [ 73.7025, 17.6275 ], [ 73.69583333333334, 17.6275 ], [ 73.69583333333334, 17.626666666666665 ], [ 73.693333333333342, 17.626666666666665 ], [ 73.693333333333342, 17.6275 ], [ 73.691666666666677, 17.6275 ], [ 73.691666666666677, 17.629166666666666 ], [ 73.690833333333345, 17.629166666666666 ], [ 73.690833333333345, 17.630833333333332 ], [ 73.691666666666677, 17.630833333333332 ], [ 73.691666666666677, 17.631666666666664 ], [ 73.6925, 17.631666666666664 ], [ 73.6925, 17.633333333333333 ], [ 73.693333333333342, 17.633333333333333 ], [ 73.693333333333342, 17.635 ], [ 73.694166666666675, 17.635 ], [ 73.694166666666675, 17.636666666666667 ], [ 73.695, 17.636666666666667 ], [ 73.69583333333334, 17.636666666666667 ], [ 73.69583333333334, 17.6375 ], [ 73.696666666666673, 17.6375 ], [ 73.696666666666673, 17.638333333333332 ], [ 73.6975, 17.638333333333332 ], [ 73.6975, 17.64 ], [ 73.698333333333338, 17.64 ], [ 73.698333333333338, 17.641666666666666 ], [ 73.69916666666667, 17.641666666666666 ], [ 73.69916666666667, 17.643333333333331 ], [ 73.7, 17.643333333333331 ], [ 73.7, 17.644166666666667 ], [ 73.700833333333335, 17.644166666666667 ], [ 73.700833333333335, 17.6475 ], [ 73.7, 17.6475 ], [ 73.7, 17.649166666666666 ], [ 73.69916666666667, 17.649166666666666 ], [ 73.69916666666667, 17.65 ], [ 73.698333333333338, 17.65 ], [ 73.698333333333338, 17.650833333333331 ], [ 73.6975, 17.650833333333331 ], [ 73.6975, 17.651666666666667 ], [ 73.698333333333338, 17.651666666666667 ], [ 73.69916666666667, 17.651666666666667 ], [ 73.69916666666667, 17.6525 ], [ 73.7, 17.6525 ], [ 73.7, 17.653333333333332 ], [ 73.700833333333335, 17.653333333333332 ], [ 73.700833333333335, 17.655 ], [ 73.7, 17.655 ], [ 73.7, 17.6575 ], [ 73.700833333333335, 17.6575 ], [ 73.700833333333335, 17.66 ], [ 73.7, 17.66 ], [ 73.7, 17.661666666666665 ], [ 73.69916666666667, 17.661666666666665 ], [ 73.69916666666667, 17.6625 ], [ 73.696666666666673, 17.6625 ], [ 73.696666666666673, 17.665833333333332 ], [ 73.69583333333334, 17.665833333333332 ], [ 73.69583333333334, 17.6675 ], [ 73.694166666666675, 17.6675 ], [ 73.694166666666675, 17.668333333333333 ], [ 73.6925, 17.668333333333333 ], [ 73.6925, 17.673333333333332 ], [ 73.691666666666677, 17.673333333333332 ], [ 73.691666666666677, 17.674166666666665 ], [ 73.69, 17.674166666666665 ], [ 73.69, 17.675 ], [ 73.689166666666679, 17.675 ], [ 73.689166666666679, 17.675833333333333 ], [ 73.686666666666682, 17.675833333333333 ], [ 73.686666666666682, 17.676666666666666 ], [ 73.685, 17.676666666666666 ], [ 73.685, 17.6775 ], [ 73.681666666666672, 17.6775 ], [ 73.681666666666672, 17.681666666666665 ], [ 73.683333333333337, 17.681666666666665 ], [ 73.68416666666667, 17.681666666666665 ], [ 73.68416666666667, 17.6825 ], [ 73.685, 17.6825 ], [ 73.685, 17.683333333333334 ], [ 73.685833333333335, 17.683333333333334 ], [ 73.685833333333335, 17.684166666666666 ], [ 73.686666666666682, 17.684166666666666 ], [ 73.686666666666682, 17.685833333333331 ], [ 73.6875, 17.685833333333331 ], [ 73.6875, 17.686666666666667 ], [ 73.686666666666682, 17.686666666666667 ], [ 73.686666666666682, 17.6875 ], [ 73.685833333333335, 17.6875 ], [ 73.685833333333335, 17.688333333333333 ], [ 73.685, 17.688333333333333 ], [ 73.685, 17.689166666666665 ], [ 73.681666666666672, 17.689166666666665 ], [ 73.681666666666672, 17.69 ], [ 73.680833333333339, 17.69 ], [ 73.680833333333339, 17.690833333333334 ], [ 73.675833333333344, 17.690833333333334 ], [ 73.675833333333344, 17.69 ], [ 73.673333333333346, 17.69 ], [ 73.673333333333346, 17.690833333333334 ], [ 73.6725, 17.690833333333334 ], [ 73.6725, 17.691666666666666 ], [ 73.671666666666681, 17.691666666666666 ], [ 73.671666666666681, 17.6925 ], [ 73.67, 17.6925 ], [ 73.67, 17.693333333333332 ], [ 73.666666666666671, 17.693333333333332 ], [ 73.666666666666671, 17.694166666666664 ], [ 73.665833333333339, 17.694166666666664 ], [ 73.665833333333339, 17.695 ], [ 73.664166666666674, 17.695 ], [ 73.664166666666674, 17.695833333333333 ], [ 73.663333333333341, 17.695833333333333 ], [ 73.663333333333341, 17.6975 ], [ 73.661666666666676, 17.6975 ], [ 73.661666666666676, 17.696666666666665 ], [ 73.6575, 17.696666666666665 ], [ 73.6575, 17.6975 ], [ 73.65666666666668, 17.6975 ], [ 73.65666666666668, 17.699166666666667 ], [ 73.655833333333348, 17.699166666666667 ], [ 73.655833333333348, 17.7 ], [ 73.655, 17.7 ], [ 73.655, 17.7025 ], [ 73.654166666666669, 17.7025 ], [ 73.654166666666669, 17.705833333333331 ], [ 73.6525, 17.705833333333331 ], [ 73.6525, 17.706666666666667 ], [ 73.651666666666671, 17.706666666666667 ], [ 73.651666666666671, 17.708333333333332 ], [ 73.649166666666673, 17.708333333333332 ], [ 73.649166666666673, 17.7075 ], [ 73.648333333333341, 17.7075 ], [ 73.648333333333341, 17.706666666666667 ], [ 73.6475, 17.706666666666667 ], [ 73.646666666666675, 17.706666666666667 ], [ 73.646666666666675, 17.705833333333331 ], [ 73.645833333333343, 17.705833333333331 ], [ 73.645833333333343, 17.705 ], [ 73.645, 17.705 ], [ 73.643333333333345, 17.705 ], [ 73.643333333333345, 17.704166666666666 ], [ 73.6425, 17.704166666666666 ], [ 73.6425, 17.703333333333333 ], [ 73.64166666666668, 17.703333333333333 ], [ 73.64166666666668, 17.7025 ], [ 73.640833333333347, 17.7025 ], [ 73.640833333333347, 17.701666666666664 ], [ 73.64, 17.701666666666664 ], [ 73.639166666666668, 17.701666666666664 ], [ 73.639166666666668, 17.700833333333332 ], [ 73.638333333333335, 17.700833333333332 ], [ 73.63666666666667, 17.700833333333332 ], [ 73.63666666666667, 17.7 ], [ 73.635, 17.7 ], [ 73.635, 17.700833333333332 ], [ 73.63333333333334, 17.700833333333332 ], [ 73.63333333333334, 17.7025 ], [ 73.631666666666675, 17.7025 ], [ 73.631666666666675, 17.703333333333333 ], [ 73.630833333333342, 17.703333333333333 ], [ 73.630833333333342, 17.704166666666666 ], [ 73.63, 17.704166666666666 ], [ 73.63, 17.705833333333331 ], [ 73.628333333333345, 17.705833333333331 ], [ 73.628333333333345, 17.706666666666667 ], [ 73.6275, 17.706666666666667 ], [ 73.6275, 17.7075 ], [ 73.625833333333347, 17.7075 ], [ 73.625833333333347, 17.708333333333332 ], [ 73.625, 17.708333333333332 ], [ 73.625, 17.709166666666665 ], [ 73.624166666666682, 17.709166666666665 ], [ 73.624166666666682, 17.71 ], [ 73.6225, 17.71 ], [ 73.6225, 17.710833333333333 ], [ 73.62, 17.710833333333333 ], [ 73.62, 17.711666666666666 ], [ 73.618333333333339, 17.711666666666666 ], [ 73.618333333333339, 17.7125 ], [ 73.6175, 17.7125 ], [ 73.6175, 17.713333333333331 ], [ 73.611666666666679, 17.713333333333331 ], [ 73.611666666666679, 17.7125 ], [ 73.610833333333346, 17.7125 ], [ 73.610833333333346, 17.711666666666666 ], [ 73.61, 17.711666666666666 ], [ 73.61, 17.710833333333333 ], [ 73.609166666666681, 17.710833333333333 ], [ 73.609166666666681, 17.71 ], [ 73.608333333333348, 17.71 ], [ 73.608333333333348, 17.709166666666665 ], [ 73.6075, 17.709166666666665 ], [ 73.606666666666669, 17.709166666666665 ], [ 73.606666666666669, 17.708333333333332 ], [ 73.605833333333337, 17.708333333333332 ], [ 73.605833333333337, 17.706666666666667 ], [ 73.605, 17.706666666666667 ], [ 73.605, 17.705 ], [ 73.604166666666671, 17.705 ], [ 73.603333333333339, 17.705 ], [ 73.603333333333339, 17.704166666666666 ], [ 73.6025, 17.704166666666666 ], [ 73.6, 17.704166666666666 ], [ 73.6, 17.703333333333333 ], [ 73.599166666666676, 17.703333333333333 ], [ 73.596666666666678, 17.703333333333333 ], [ 73.596666666666678, 17.7025 ], [ 73.595833333333346, 17.7025 ], [ 73.59416666666668, 17.7025 ], [ 73.59416666666668, 17.701666666666664 ], [ 73.593333333333348, 17.701666666666664 ], [ 73.593333333333348, 17.7025 ], [ 73.59, 17.7025 ], [ 73.59, 17.703333333333333 ], [ 73.588333333333338, 17.703333333333333 ], [ 73.588333333333338, 17.705833333333331 ], [ 73.5875, 17.705833333333331 ], [ 73.5875, 17.706666666666667 ], [ 73.586666666666673, 17.706666666666667 ], [ 73.586666666666673, 17.7075 ], [ 73.585, 17.7075 ], [ 73.585, 17.709166666666665 ], [ 73.584166666666675, 17.709166666666665 ], [ 73.584166666666675, 17.71 ], [ 73.585, 17.71 ], [ 73.585, 17.710833333333333 ], [ 73.584166666666675, 17.710833333333333 ], [ 73.584166666666675, 17.7125 ], [ 73.583333333333343, 17.7125 ], [ 73.583333333333343, 17.715 ], [ 73.5825, 17.715 ], [ 73.5825, 17.716666666666665 ], [ 73.581666666666678, 17.716666666666665 ], [ 73.581666666666678, 17.7175 ], [ 73.580833333333345, 17.7175 ], [ 73.580833333333345, 17.718333333333334 ], [ 73.58, 17.718333333333334 ], [ 73.58, 17.719166666666666 ], [ 73.57916666666668, 17.719166666666666 ], [ 73.57916666666668, 17.72 ], [ 73.578333333333347, 17.72 ], [ 73.578333333333347, 17.720833333333331 ], [ 73.576666666666668, 17.720833333333331 ], [ 73.576666666666668, 17.721666666666664 ], [ 73.575833333333335, 17.721666666666664 ], [ 73.575833333333335, 17.723333333333333 ], [ 73.575, 17.723333333333333 ], [ 73.575, 17.724166666666665 ], [ 73.57416666666667, 17.724166666666665 ], [ 73.57416666666667, 17.725 ], [ 73.573333333333338, 17.725 ], [ 73.573333333333338, 17.725833333333334 ], [ 73.57416666666667, 17.725833333333334 ], [ 73.57416666666667, 17.726666666666667 ], [ 73.575, 17.726666666666667 ], [ 73.575, 17.728333333333332 ], [ 73.57416666666667, 17.728333333333332 ], [ 73.57416666666667, 17.73 ], [ 73.575, 17.73 ], [ 73.575, 17.731666666666666 ], [ 73.57416666666667, 17.731666666666666 ], [ 73.57416666666667, 17.7325 ], [ 73.573333333333338, 17.7325 ], [ 73.573333333333338, 17.734166666666667 ], [ 73.5725, 17.734166666666667 ], [ 73.5725, 17.735 ], [ 73.573333333333338, 17.735 ], [ 73.573333333333338, 17.736666666666665 ], [ 73.57416666666667, 17.736666666666665 ], [ 73.57416666666667, 17.738333333333333 ], [ 73.575, 17.738333333333333 ], [ 73.575, 17.74 ], [ 73.575833333333335, 17.74 ], [ 73.576666666666668, 17.74 ], [ 73.576666666666668, 17.740833333333331 ], [ 73.5775, 17.740833333333331 ], [ 73.5775, 17.741666666666667 ], [ 73.578333333333347, 17.741666666666667 ], [ 73.578333333333347, 17.743333333333332 ], [ 73.57916666666668, 17.743333333333332 ], [ 73.57916666666668, 17.745 ], [ 73.58, 17.745 ], [ 73.58, 17.749166666666667 ], [ 73.580833333333345, 17.749166666666667 ], [ 73.580833333333345, 17.75 ], [ 73.581666666666678, 17.75 ], [ 73.581666666666678, 17.753333333333334 ], [ 73.5825, 17.753333333333334 ], [ 73.5825, 17.754166666666666 ], [ 73.583333333333343, 17.754166666666666 ], [ 73.583333333333343, 17.755 ], [ 73.584166666666675, 17.755 ], [ 73.584166666666675, 17.755833333333332 ], [ 73.585, 17.755833333333332 ], [ 73.585, 17.7575 ], [ 73.585833333333341, 17.7575 ], [ 73.585833333333341, 17.758333333333333 ], [ 73.586666666666673, 17.758333333333333 ], [ 73.586666666666673, 17.759166666666665 ], [ 73.5875, 17.759166666666665 ], [ 73.5875, 17.76 ], [ 73.588333333333338, 17.76 ], [ 73.588333333333338, 17.760833333333334 ], [ 73.589166666666671, 17.760833333333334 ], [ 73.59, 17.760833333333334 ], [ 73.59, 17.765 ], [ 73.589166666666671, 17.765 ], [ 73.589166666666671, 17.769166666666667 ], [ 73.59, 17.769166666666667 ], [ 73.59, 17.770833333333332 ], [ 73.590833333333336, 17.770833333333332 ], [ 73.590833333333336, 17.773333333333333 ], [ 73.591666666666669, 17.773333333333333 ], [ 73.591666666666669, 17.775833333333331 ], [ 73.5925, 17.775833333333331 ], [ 73.5925, 17.776666666666667 ], [ 73.59416666666668, 17.776666666666667 ], [ 73.595, 17.776666666666667 ], [ 73.595, 17.7775 ], [ 73.599166666666676, 17.7775 ], [ 73.599166666666676, 17.776666666666667 ], [ 73.6, 17.776666666666667 ], [ 73.6, 17.7775 ], [ 73.601666666666674, 17.7775 ], [ 73.601666666666674, 17.776666666666667 ], [ 73.6025, 17.776666666666667 ], [ 73.6025, 17.775833333333331 ], [ 73.605833333333337, 17.775833333333331 ], [ 73.605833333333337, 17.776666666666667 ], [ 73.606666666666669, 17.776666666666667 ], [ 73.606666666666669, 17.781666666666666 ], [ 73.608333333333348, 17.781666666666666 ], [ 73.609166666666681, 17.781666666666666 ], [ 73.609166666666681, 17.7825 ], [ 73.610833333333346, 17.7825 ], [ 73.611666666666679, 17.7825 ], [ 73.611666666666679, 17.783333333333331 ], [ 73.619166666666672, 17.783333333333331 ], [ 73.619166666666672, 17.7825 ], [ 73.6225, 17.7825 ], [ 73.6225, 17.783333333333331 ], [ 73.623333333333335, 17.783333333333331 ], [ 73.623333333333335, 17.784166666666664 ], [ 73.624166666666682, 17.784166666666664 ], [ 73.625, 17.784166666666664 ], [ 73.625, 17.785 ], [ 73.625833333333347, 17.785 ], [ 73.625833333333347, 17.785833333333333 ], [ 73.626666666666679, 17.785833333333333 ], [ 73.626666666666679, 17.786666666666665 ], [ 73.6275, 17.786666666666665 ], [ 73.6275, 17.7875 ], [ 73.628333333333345, 17.7875 ], [ 73.628333333333345, 17.788333333333334 ], [ 73.629166666666677, 17.788333333333334 ], [ 73.629166666666677, 17.789166666666667 ], [ 73.63, 17.789166666666667 ], [ 73.63, 17.79 ], [ 73.630833333333342, 17.79 ], [ 73.630833333333342, 17.790833333333332 ], [ 73.631666666666675, 17.790833333333332 ], [ 73.631666666666675, 17.791666666666664 ], [ 73.630833333333342, 17.791666666666664 ], [ 73.630833333333342, 17.7925 ], [ 73.63, 17.7925 ], [ 73.63, 17.793333333333333 ], [ 73.629166666666677, 17.793333333333333 ], [ 73.629166666666677, 17.794166666666666 ], [ 73.6275, 17.794166666666666 ], [ 73.6275, 17.795833333333331 ], [ 73.626666666666679, 17.795833333333331 ], [ 73.626666666666679, 17.796666666666667 ], [ 73.625, 17.796666666666667 ], [ 73.625, 17.7975 ], [ 73.624166666666682, 17.7975 ], [ 73.624166666666682, 17.798333333333332 ], [ 73.623333333333335, 17.798333333333332 ], [ 73.623333333333335, 17.799166666666665 ], [ 73.6225, 17.799166666666665 ], [ 73.6225, 17.8 ], [ 73.62166666666667, 17.8 ], [ 73.62166666666667, 17.801666666666666 ], [ 73.620833333333337, 17.801666666666666 ], [ 73.620833333333337, 17.809166666666666 ], [ 73.62, 17.809166666666666 ], [ 73.62, 17.808333333333334 ], [ 73.619166666666672, 17.808333333333334 ], [ 73.619166666666672, 17.8075 ], [ 73.6175, 17.8075 ], [ 73.6175, 17.808333333333334 ], [ 73.615833333333342, 17.808333333333334 ], [ 73.615833333333342, 17.809166666666666 ], [ 73.615, 17.809166666666666 ], [ 73.615, 17.81 ], [ 73.614166666666677, 17.81 ], [ 73.614166666666677, 17.810833333333331 ], [ 73.610833333333346, 17.810833333333331 ], [ 73.610833333333346, 17.811666666666667 ], [ 73.61, 17.811666666666667 ], [ 73.61, 17.813333333333333 ], [ 73.609166666666681, 17.813333333333333 ], [ 73.609166666666681, 17.814166666666665 ], [ 73.608333333333348, 17.814166666666665 ], [ 73.608333333333348, 17.815 ], [ 73.603333333333339, 17.815 ], [ 73.603333333333339, 17.815833333333334 ], [ 73.601666666666674, 17.815833333333334 ], [ 73.601666666666674, 17.816666666666666 ], [ 73.600833333333341, 17.816666666666666 ], [ 73.600833333333341, 17.8175 ], [ 73.6, 17.8175 ], [ 73.6, 17.818333333333332 ], [ 73.599166666666676, 17.818333333333332 ], [ 73.599166666666676, 17.819166666666664 ], [ 73.5975, 17.819166666666664 ], [ 73.5975, 17.82 ], [ 73.596666666666678, 17.82 ], [ 73.596666666666678, 17.820833333333333 ], [ 73.595, 17.820833333333333 ], [ 73.595, 17.821666666666665 ], [ 73.59416666666668, 17.821666666666665 ], [ 73.59416666666668, 17.8225 ], [ 73.5925, 17.8225 ], [ 73.5925, 17.823333333333334 ], [ 73.591666666666669, 17.823333333333334 ], [ 73.591666666666669, 17.824166666666667 ], [ 73.590833333333336, 17.824166666666667 ], [ 73.590833333333336, 17.825 ], [ 73.59, 17.825 ], [ 73.59, 17.826666666666664 ], [ 73.588333333333338, 17.826666666666664 ], [ 73.588333333333338, 17.8275 ], [ 73.5875, 17.8275 ], [ 73.5875, 17.829166666666666 ], [ 73.586666666666673, 17.829166666666666 ], [ 73.586666666666673, 17.830833333333331 ], [ 73.585833333333341, 17.830833333333331 ], [ 73.585833333333341, 17.834166666666665 ], [ 73.585, 17.834166666666665 ], [ 73.585, 17.838333333333331 ], [ 73.585833333333341, 17.838333333333331 ], [ 73.585833333333341, 17.840833333333332 ], [ 73.586666666666673, 17.840833333333332 ], [ 73.5875, 17.840833333333332 ], [ 73.5875, 17.841666666666665 ], [ 73.588333333333338, 17.841666666666665 ], [ 73.589166666666671, 17.841666666666665 ], [ 73.589166666666671, 17.8425 ], [ 73.59, 17.8425 ], [ 73.59, 17.843333333333334 ], [ 73.590833333333336, 17.843333333333334 ], [ 73.590833333333336, 17.844166666666666 ], [ 73.591666666666669, 17.844166666666666 ], [ 73.591666666666669, 17.845 ], [ 73.5925, 17.845 ], [ 73.5925, 17.845833333333331 ], [ 73.593333333333348, 17.845833333333331 ], [ 73.59416666666668, 17.845833333333331 ], [ 73.59416666666668, 17.846666666666664 ], [ 73.595, 17.846666666666664 ], [ 73.595833333333346, 17.846666666666664 ], [ 73.595833333333346, 17.8475 ], [ 73.596666666666678, 17.8475 ], [ 73.596666666666678, 17.849166666666665 ], [ 73.5975, 17.849166666666665 ], [ 73.5975, 17.85 ], [ 73.596666666666678, 17.85 ], [ 73.596666666666678, 17.850833333333334 ], [ 73.593333333333348, 17.850833333333334 ], [ 73.593333333333348, 17.851666666666667 ], [ 73.591666666666669, 17.851666666666667 ], [ 73.591666666666669, 17.8525 ], [ 73.59, 17.8525 ], [ 73.59, 17.853333333333332 ], [ 73.586666666666673, 17.853333333333332 ], [ 73.586666666666673, 17.855 ], [ 73.585833333333341, 17.855 ], [ 73.585833333333341, 17.855833333333333 ], [ 73.585, 17.855833333333333 ], [ 73.585, 17.8575 ], [ 73.584166666666675, 17.8575 ], [ 73.584166666666675, 17.858333333333331 ], [ 73.583333333333343, 17.858333333333331 ], [ 73.583333333333343, 17.859166666666667 ], [ 73.5825, 17.859166666666667 ], [ 73.5825, 17.86 ], [ 73.581666666666678, 17.86 ], [ 73.581666666666678, 17.860833333333332 ], [ 73.580833333333345, 17.860833333333332 ], [ 73.580833333333345, 17.861666666666665 ], [ 73.578333333333347, 17.861666666666665 ], [ 73.578333333333347, 17.8625 ], [ 73.5775, 17.8625 ], [ 73.5775, 17.864166666666666 ], [ 73.575833333333335, 17.864166666666666 ], [ 73.575833333333335, 17.868333333333332 ], [ 73.576666666666668, 17.868333333333332 ], [ 73.576666666666668, 17.869166666666665 ], [ 73.5775, 17.869166666666665 ], [ 73.5775, 17.87 ], [ 73.578333333333347, 17.87 ], [ 73.578333333333347, 17.8725 ], [ 73.57916666666668, 17.8725 ], [ 73.57916666666668, 17.873333333333331 ], [ 73.58, 17.873333333333331 ], [ 73.58, 17.875 ], [ 73.57916666666668, 17.875 ], [ 73.57916666666668, 17.875833333333333 ], [ 73.578333333333347, 17.875833333333333 ], [ 73.578333333333347, 17.876666666666665 ], [ 73.575, 17.876666666666665 ], [ 73.575, 17.8775 ], [ 73.57416666666667, 17.8775 ], [ 73.57416666666667, 17.878333333333334 ], [ 73.573333333333338, 17.878333333333334 ], [ 73.573333333333338, 17.879166666666666 ], [ 73.569166666666675, 17.879166666666666 ], [ 73.569166666666675, 17.880833333333332 ], [ 73.568333333333342, 17.880833333333332 ], [ 73.568333333333342, 17.881666666666664 ], [ 73.5675, 17.881666666666664 ], [ 73.5675, 17.8825 ], [ 73.566666666666677, 17.8825 ], [ 73.566666666666677, 17.883333333333333 ], [ 73.565833333333345, 17.883333333333333 ], [ 73.565833333333345, 17.884166666666665 ], [ 73.565, 17.884166666666665 ], [ 73.565, 17.885 ], [ 73.564166666666679, 17.885 ], [ 73.564166666666679, 17.886666666666667 ], [ 73.563333333333347, 17.886666666666667 ], [ 73.563333333333347, 17.888333333333332 ], [ 73.5625, 17.888333333333332 ], [ 73.5625, 17.894166666666667 ], [ 73.56, 17.894166666666667 ], [ 73.56, 17.895 ], [ 73.5575, 17.895 ], [ 73.5575, 17.900833333333331 ], [ 73.556666666666672, 17.900833333333331 ], [ 73.556666666666672, 17.901666666666667 ], [ 73.555833333333339, 17.901666666666667 ], [ 73.555833333333339, 17.9025 ], [ 73.555, 17.9025 ], [ 73.555, 17.903333333333332 ], [ 73.554166666666674, 17.903333333333332 ], [ 73.554166666666674, 17.905 ], [ 73.553333333333342, 17.905 ], [ 73.553333333333342, 17.9075 ], [ 73.554166666666674, 17.9075 ], [ 73.554166666666674, 17.908333333333331 ], [ 73.555, 17.908333333333331 ], [ 73.555, 17.909166666666664 ], [ 73.555833333333339, 17.909166666666664 ], [ 73.555833333333339, 17.91 ], [ 73.556666666666672, 17.91 ], [ 73.5575, 17.91 ], [ 73.5575, 17.910833333333333 ], [ 73.558333333333337, 17.910833333333333 ], [ 73.558333333333337, 17.911666666666665 ], [ 73.55916666666667, 17.911666666666665 ], [ 73.55916666666667, 17.9125 ], [ 73.56, 17.9125 ], [ 73.560833333333335, 17.9125 ], [ 73.560833333333335, 17.913333333333334 ], [ 73.561666666666682, 17.913333333333334 ], [ 73.561666666666682, 17.914166666666667 ], [ 73.5625, 17.914166666666667 ], [ 73.5625, 17.915 ], [ 73.563333333333347, 17.915 ], [ 73.563333333333347, 17.915833333333332 ], [ 73.564166666666679, 17.915833333333332 ], [ 73.564166666666679, 17.919166666666666 ], [ 73.565, 17.919166666666666 ], [ 73.565, 17.920833333333331 ], [ 73.565833333333345, 17.920833333333331 ], [ 73.565833333333345, 17.921666666666667 ], [ 73.566666666666677, 17.921666666666667 ], [ 73.5675, 17.921666666666667 ], [ 73.5675, 17.9225 ], [ 73.568333333333342, 17.9225 ], [ 73.568333333333342, 17.923333333333332 ], [ 73.569166666666675, 17.923333333333332 ], [ 73.569166666666675, 17.925 ], [ 73.57, 17.925 ], [ 73.57083333333334, 17.925 ], [ 73.57083333333334, 17.925833333333333 ], [ 73.571666666666673, 17.925833333333333 ], [ 73.571666666666673, 17.926666666666666 ], [ 73.5725, 17.926666666666666 ], [ 73.5725, 17.9275 ], [ 73.573333333333338, 17.9275 ], [ 73.573333333333338, 17.928333333333331 ], [ 73.57416666666667, 17.928333333333331 ], [ 73.57416666666667, 17.929166666666667 ], [ 73.575, 17.929166666666667 ], [ 73.575, 17.93 ], [ 73.575833333333335, 17.93 ], [ 73.575833333333335, 17.930833333333332 ], [ 73.576666666666668, 17.930833333333332 ], [ 73.576666666666668, 17.931666666666665 ], [ 73.5775, 17.931666666666665 ], [ 73.5775, 17.936666666666667 ], [ 73.576666666666668, 17.936666666666667 ], [ 73.576666666666668, 17.94 ], [ 73.575833333333335, 17.94 ], [ 73.575833333333335, 17.9425 ], [ 73.576666666666668, 17.9425 ], [ 73.576666666666668, 17.943333333333332 ], [ 73.5775, 17.943333333333332 ], [ 73.578333333333347, 17.943333333333332 ], [ 73.578333333333347, 17.944166666666664 ], [ 73.57916666666668, 17.944166666666664 ], [ 73.57916666666668, 17.945 ], [ 73.584166666666675, 17.945 ], [ 73.584166666666675, 17.944166666666664 ], [ 73.585, 17.944166666666664 ], [ 73.585, 17.943333333333332 ], [ 73.585833333333341, 17.943333333333332 ], [ 73.585833333333341, 17.941666666666666 ], [ 73.586666666666673, 17.941666666666666 ], [ 73.586666666666673, 17.940833333333334 ], [ 73.5875, 17.940833333333334 ], [ 73.5875, 17.94 ], [ 73.588333333333338, 17.94 ], [ 73.588333333333338, 17.939166666666665 ], [ 73.589166666666671, 17.939166666666665 ], [ 73.589166666666671, 17.938333333333333 ], [ 73.595, 17.938333333333333 ], [ 73.595, 17.939166666666665 ], [ 73.599166666666676, 17.939166666666665 ], [ 73.6, 17.939166666666665 ], [ 73.6, 17.94 ], [ 73.600833333333341, 17.94 ], [ 73.600833333333341, 17.940833333333334 ], [ 73.601666666666674, 17.940833333333334 ], [ 73.601666666666674, 17.9425 ], [ 73.6025, 17.9425 ], [ 73.603333333333339, 17.9425 ], [ 73.603333333333339, 17.943333333333332 ], [ 73.605, 17.943333333333332 ], [ 73.605833333333337, 17.943333333333332 ], [ 73.605833333333337, 17.944166666666664 ], [ 73.606666666666669, 17.944166666666664 ], [ 73.606666666666669, 17.945 ], [ 73.6075, 17.945 ], [ 73.6075, 17.945833333333333 ], [ 73.608333333333348, 17.945833333333333 ], [ 73.608333333333348, 17.946666666666665 ], [ 73.61, 17.946666666666665 ], [ 73.610833333333346, 17.946666666666665 ], [ 73.610833333333346, 17.948333333333334 ], [ 73.611666666666679, 17.948333333333334 ], [ 73.611666666666679, 17.949166666666667 ], [ 73.6125, 17.949166666666667 ], [ 73.6125, 17.95 ], [ 73.613333333333344, 17.95 ], [ 73.613333333333344, 17.950833333333332 ], [ 73.614166666666677, 17.950833333333332 ], [ 73.614166666666677, 17.951666666666664 ], [ 73.615, 17.951666666666664 ], [ 73.615, 17.953333333333333 ], [ 73.615833333333342, 17.953333333333333 ], [ 73.615833333333342, 17.955 ], [ 73.616666666666674, 17.955 ], [ 73.616666666666674, 17.956666666666667 ], [ 73.6175, 17.956666666666667 ], [ 73.6175, 17.9575 ], [ 73.618333333333339, 17.9575 ], [ 73.619166666666672, 17.9575 ], [ 73.619166666666672, 17.958333333333332 ], [ 73.62, 17.958333333333332 ], [ 73.620833333333337, 17.958333333333332 ], [ 73.620833333333337, 17.959166666666665 ], [ 73.62166666666667, 17.959166666666665 ], [ 73.62166666666667, 17.96 ], [ 73.6225, 17.96 ], [ 73.623333333333335, 17.96 ], [ 73.623333333333335, 17.960833333333333 ], [ 73.624166666666682, 17.960833333333333 ], [ 73.624166666666682, 17.961666666666666 ], [ 73.625, 17.961666666666666 ], [ 73.625833333333347, 17.961666666666666 ], [ 73.625833333333347, 17.9625 ], [ 73.626666666666679, 17.9625 ], [ 73.626666666666679, 17.963333333333331 ], [ 73.6275, 17.963333333333331 ], [ 73.628333333333345, 17.963333333333331 ], [ 73.628333333333345, 17.964166666666667 ], [ 73.629166666666677, 17.964166666666667 ], [ 73.629166666666677, 17.965 ], [ 73.63, 17.965 ], [ 73.630833333333342, 17.965 ], [ 73.630833333333342, 17.965833333333332 ] ] ] } },
{ "type": "Feature", "properties": { "LABEL": null, "GaugeID": "656", "_source_id": "656", "Id": 1.0, "gridcode": 0.0, "area": 2984.46, "OBJECTID": null, "Shape_Leng": null, "Shape_Area": null, "SS": null, "is_duplicate_geometry": false }, "geometry": { "type": "Polygon", "coordinates": [ [ [ 74.541666666666671, 16.93333333333333 ], [ 74.512139892578119, 16.93719482421875 ], [ 74.513505045572913, 16.954166666666666 ], [ 74.510976155598954, 16.985632324218749 ], [ 74.537190755208329, 17.032617187500001 ], [ 74.525614420572921, 17.090429687499999 ], [ 74.495524088541671, 17.103857421874999 ], [ 74.428051757812497, 17.151696777343751 ], [ 74.369008382161454, 17.162467447916669 ], [ 74.288047281901044, 17.193188476562497 ], [ 74.286494954427084, 17.2125 ], [ 74.289609781901049, 17.251253255208333 ], [ 74.276161702473956, 17.275354003906251 ], [ 74.270497639973954, 17.345833333333331 ], [ 74.272528076171881, 17.371101888020831 ], [ 74.248042805989584, 17.392199707031253 ], [ 74.262516276041666, 17.455912272135414 ], [ 74.279475911458334, 17.470524088541666 ], [ 74.287190755208329, 17.521142578125001 ], [ 74.320524088541674, 17.542020670572917 ], [ 74.312809244791666, 17.562809244791666 ], [ 74.303812662760421, 17.57893473307292 ], [ 74.304520670572913, 17.587740071614583 ], [ 74.278812662760416, 17.628926595052086 ], [ 74.280505371093753, 17.65 ], [ 74.276153564453125, 17.704166666666666 ], [ 74.279949951171872, 17.751407877604166 ], [ 74.271142578124994, 17.771142578125001 ], [ 74.255395507812494, 17.78471272786458 ], [ 74.251989746093756, 17.827091471354166 ], [ 74.289735921223951, 17.853857421874999 ], [ 74.329475911458331, 17.829475911458331 ], [ 74.353857421875006, 17.812190755208334 ], [ 74.377368164062503, 17.80169677734375 ], [ 74.395524088541663, 17.753857421874997 ], [ 74.449855550130209, 17.719828287760414 ], [ 74.465706380208331, 17.667179361979166 ], [ 74.521142578124994, 17.646142578125001 ], [ 74.533998616536451, 17.617333984375001 ], [ 74.568572998046875, 17.601904296874999 ], [ 74.578857421875, 17.578857421875 ], [ 74.596142578124997, 17.571142578124999 ], [ 74.628649902343753, 17.514762369791669 ], [ 74.671649169921878, 17.50181477864583 ], [ 74.669997151692712, 17.481266276041666 ], [ 74.679512532552081, 17.437642415364586 ], [ 74.678497314453125, 17.425 ], [ 74.680171712239584, 17.404166666666669 ], [ 74.678814697265622, 17.38728434244792 ], [ 74.710028076171881, 17.31697184244792 ], [ 74.689447021484369, 17.299243164062503 ], [ 74.686517333984369, 17.262768554687497 ], [ 74.699517822265619, 17.25157063802083 ], [ 74.721142578124997, 17.212809244791664 ], [ 74.735439046223959, 17.16532796223958 ], [ 74.753857421874997, 17.132316080729169 ], [ 74.742726643880204, 17.067207845052081 ], [ 74.695524088541674, 17.046142578125 ], [ 74.671142578125, 17.028857421875003 ], [ 74.644978841145829, 17.017183430989583 ], [ 74.567323811848951, 16.963114420572914 ], [ 74.541666666666671, 16.93333333333333 ] ] ] } },
{ "type": "Feature", "properties": { "LABEL": 1.0, "GaugeID": "668", "_source_id": "668", "Id": null, "gridcode": null, "area": null, "OBJECTID": null, "Shape_Leng": null, "Shape_Area": null, "SS": null, "is_duplicate_geometry": false }, "geometry": { "type": "Polygon", "coordinates": [ [ [ 73.283333333333331, 19.158333333333331 ], [ 73.316666666666663, 19.158333333333331 ], [ 73.316666666666663, 19.15 ], [ 73.325, 19.15 ], [ 73.325, 19.141666666666666 ], [ 73.341666666666669, 19.141666666666666 ], [ 73.341666666666669, 19.15 ], [ 73.358333333333334, 19.15 ], [ 73.366666666666674, 19.15 ], [ 73.366666666666674, 19.158333333333331 ], [ 73.4, 19.158333333333331 ], [ 73.4, 19.15 ], [ 73.408333333333331, 19.15 ], [ 73.408333333333331, 19.141666666666666 ], [ 73.5, 19.141666666666666 ], [ 73.5, 19.15 ], [ 73.50833333333334, 19.15 ], [ 73.516666666666666, 19.15 ], [ 73.516666666666666, 19.158333333333331 ], [ 73.558333333333337, 19.158333333333331 ], [ 73.558333333333337, 19.116666666666664 ], [ 73.55, 19.116666666666664 ], [ 73.55, 19.108333333333331 ], [ 73.541666666666671, 19.108333333333331 ], [ 73.541666666666671, 19.091666666666665 ], [ 73.55, 19.091666666666665 ], [ 73.55, 19.083333333333332 ], [ 73.558333333333337, 19.083333333333332 ], [ 73.558333333333337, 19.066666666666666 ], [ 73.55, 19.066666666666666 ], [ 73.55, 19.033333333333331 ], [ 73.558333333333337, 19.033333333333331 ], [ 73.558333333333337, 19.025 ], [ 73.566666666666663, 19.025 ], [ 73.566666666666663, 18.983333333333331 ], [ 73.558333333333337, 18.983333333333331 ], [ 73.558333333333337, 18.975 ], [ 73.55, 18.975 ], [ 73.533333333333331, 18.975 ], [ 73.533333333333331, 18.966666666666665 ], [ 73.541666666666671, 18.966666666666665 ], [ 73.541666666666671, 18.95 ], [ 73.533333333333331, 18.95 ], [ 73.475, 18.95 ], [ 73.475, 18.916666666666664 ], [ 73.466666666666669, 18.916666666666664 ], [ 73.466666666666669, 18.883333333333333 ], [ 73.458333333333343, 18.883333333333333 ], [ 73.458333333333343, 18.875 ], [ 73.45, 18.875 ], [ 73.45, 18.841666666666665 ], [ 73.441666666666663, 18.841666666666665 ], [ 73.433333333333337, 18.841666666666665 ], [ 73.433333333333337, 18.825 ], [ 73.425, 18.825 ], [ 73.425, 18.80833333333333 ], [ 73.416666666666671, 18.80833333333333 ], [ 73.416666666666671, 18.783333333333331 ], [ 73.408333333333331, 18.783333333333331 ], [ 73.408333333333331, 18.775 ], [ 73.416666666666671, 18.775 ], [ 73.416666666666671, 18.733333333333331 ], [ 73.408333333333331, 18.733333333333331 ], [ 73.408333333333331, 18.716666666666665 ], [ 73.391666666666666, 18.716666666666665 ], [ 73.391666666666666, 18.733333333333331 ], [ 73.38333333333334, 18.733333333333331 ], [ 73.38333333333334, 18.741666666666664 ], [ 73.366666666666674, 18.741666666666664 ], [ 73.366666666666674, 18.75 ], [ 73.358333333333334, 18.75 ], [ 73.358333333333334, 18.8 ], [ 73.366666666666674, 18.8 ], [ 73.366666666666674, 18.833333333333332 ], [ 73.358333333333334, 18.833333333333332 ], [ 73.358333333333334, 18.85 ], [ 73.35, 18.85 ], [ 73.35, 18.858333333333331 ], [ 73.3, 18.858333333333331 ], [ 73.3, 18.883333333333333 ], [ 73.291666666666671, 18.883333333333333 ], [ 73.291666666666671, 18.891666666666666 ], [ 73.3, 18.891666666666666 ], [ 73.308333333333337, 18.891666666666666 ], [ 73.308333333333337, 18.908333333333331 ], [ 73.3, 18.908333333333331 ], [ 73.3, 18.975 ], [ 73.291666666666671, 18.975 ], [ 73.291666666666671, 18.983333333333331 ], [ 73.283333333333331, 18.983333333333331 ], [ 73.283333333333331, 19.016666666666666 ], [ 73.275, 19.016666666666666 ], [ 73.275, 19.05833333333333 ], [ 73.266666666666666, 19.05833333333333 ], [ 73.266666666666666, 19.066666666666666 ], [ 73.25833333333334, 19.066666666666666 ], [ 73.25833333333334, 19.05833333333333 ], [ 73.25, 19.05833333333333 ], [ 73.25, 19.066666666666666 ], [ 73.241666666666674, 19.066666666666666 ], [ 73.241666666666674, 19.075 ], [ 73.233333333333334, 19.075 ], [ 73.233333333333334, 19.083333333333332 ], [ 73.225, 19.083333333333332 ], [ 73.225, 19.091666666666665 ], [ 73.216666666666669, 19.091666666666665 ], [ 73.216666666666669, 19.1 ], [ 73.208333333333343, 19.1 ], [ 73.208333333333343, 19.116666666666664 ], [ 73.2, 19.116666666666664 ], [ 73.2, 19.133333333333333 ], [ 73.25, 19.133333333333333 ], [ 73.25833333333334, 19.133333333333333 ], [ 73.25833333333334, 19.141666666666666 ], [ 73.266666666666666, 19.141666666666666 ], [ 73.275, 19.141666666666666 ], [ 73.275, 19.15 ], [ 73.283333333333331, 19.15 ], [ 73.283333333333331, 19.158333333333331 ] ] ] } },
{ "type": "Feature", "properties": { "LABEL": 1.0, "GaugeID": "678", "_source_id": "678", "Id": null, "gridcode": null, "area": null, "OBJECTID": null, "Shape_Leng": null, "Shape_Area": null, "SS": null, "is_duplicate_geometry": false }, "geometry": { "type": "Polygon", "coordinates": [ [ [ 73.691666666666663, 18.05 ], [ 73.725, 18.05 ], [ 73.725, 18.041666666666664 ], [ 73.733333333333334, 18.041666666666664 ], [ 73.733333333333334, 18.033333333333331 ], [ 73.74166666666666, 18.033333333333331 ], [ 73.74166666666666, 18.025 ], [ 73.783333333333331, 18.025 ], [ 73.783333333333331, 18.016666666666662 ], [ 73.8, 18.016666666666662 ], [ 73.8, 18.025 ], [ 73.808333333333323, 18.025 ], [ 73.808333333333323, 18.033333333333331 ], [ 73.825, 18.033333333333331 ], [ 73.825, 18.025 ], [ 73.841666666666669, 18.025 ], [ 73.841666666666669, 18.033333333333331 ], [ 73.85, 18.033333333333331 ], [ 73.85, 18.025 ], [ 73.858333333333334, 18.025 ], [ 73.858333333333334, 18.033333333333331 ], [ 73.86666666666666, 18.033333333333331 ], [ 73.86666666666666, 18.041666666666664 ], [ 73.875, 18.041666666666664 ], [ 73.875, 18.033333333333331 ], [ 73.883333333333326, 18.033333333333331 ], [ 73.883333333333326, 18.025 ], [ 73.891666666666666, 18.025 ], [ 73.891666666666666, 18.033333333333331 ], [ 73.9, 18.033333333333331 ], [ 73.9, 18.025 ], [ 73.975, 18.025 ], [ 73.975, 18.016666666666662 ], [ 73.983333333333334, 18.016666666666662 ], [ 73.983333333333334, 18.008333333333329 ], [ 74.025, 18.008333333333329 ], [ 74.025, 18.0 ], [ 74.05, 18.0 ], [ 74.05, 17.991666666666664 ], [ 74.075, 17.991666666666664 ], [ 74.075, 17.983333333333331 ], [ 74.083333333333329, 17.983333333333331 ], [ 74.083333333333329, 17.958333333333332 ], [ 74.1, 17.958333333333332 ], [ 74.1, 17.925 ], [ 74.108333333333334, 17.925 ], [ 74.108333333333334, 17.916666666666664 ], [ 74.133333333333326, 17.916666666666664 ], [ 74.133333333333326, 17.9 ], [ 74.141666666666666, 17.9 ], [ 74.141666666666666, 17.883333333333329 ], [ 74.166666666666657, 17.883333333333329 ], [ 74.166666666666657, 17.891666666666662 ], [ 74.191666666666663, 17.891666666666662 ], [ 74.191666666666663, 17.875 ], [ 74.216666666666669, 17.875 ], [ 74.216666666666669, 17.883333333333329 ], [ 74.25, 17.883333333333329 ], [ 74.25, 17.875 ], [ 74.275, 17.875 ], [ 74.275, 17.85 ], [ 74.3, 17.85 ], [ 74.3, 17.841666666666665 ], [ 74.316666666666663, 17.841666666666665 ], [ 74.316666666666663, 17.833333333333332 ], [ 74.333333333333329, 17.833333333333332 ], [ 74.333333333333329, 17.825 ], [ 74.341666666666669, 17.825 ], [ 74.341666666666669, 17.816666666666663 ], [ 74.35, 17.816666666666663 ], [ 74.35, 17.80833333333333 ], [ 74.375, 17.80833333333333 ], [ 74.375, 17.8 ], [ 74.383333333333326, 17.8 ], [ 74.383333333333326, 17.775 ], [ 74.391666666666666, 17.775 ], [ 74.391666666666666, 17.75 ], [ 74.408333333333331, 17.75 ], [ 74.408333333333331, 17.741666666666664 ], [ 74.425, 17.741666666666664 ], [ 74.425, 17.733333333333331 ], [ 74.433333333333323, 17.733333333333331 ], [ 74.433333333333323, 17.725 ], [ 74.45, 17.725 ], [ 74.45, 17.708333333333332 ], [ 74.458333333333329, 17.708333333333332 ], [ 74.458333333333329, 17.675 ], [ 74.466666666666669, 17.675 ], [ 74.466666666666669, 17.666666666666664 ], [ 74.475, 17.666666666666664 ], [ 74.475, 17.658333333333331 ], [ 74.5, 17.658333333333331 ], [ 74.5, 17.65 ], [ 74.525, 17.65 ], [ 74.525, 17.625 ], [ 74.533333333333331, 17.625 ], [ 74.533333333333331, 17.616666666666664 ], [ 74.541666666666657, 17.616666666666664 ], [ 74.541666666666657, 17.608333333333331 ], [ 74.566666666666663, 17.608333333333331 ], [ 74.566666666666663, 17.6 ], [ 74.575, 17.6 ], [ 74.575, 17.575 ], [ 74.6, 17.575 ], [ 74.6, 17.55833333333333 ], [ 74.608333333333334, 17.55833333333333 ], [ 74.608333333333334, 17.541666666666664 ], [ 74.61666666666666, 17.541666666666664 ], [ 74.61666666666666, 17.525 ], [ 74.625, 17.525 ], [ 74.625, 17.516666666666662 ], [ 74.633333333333326, 17.516666666666662 ], [ 74.633333333333326, 17.508333333333329 ], [ 74.666666666666657, 17.508333333333329 ], [ 74.666666666666657, 17.5 ], [ 74.675, 17.5 ], [ 74.675, 17.491666666666664 ], [ 74.666666666666657, 17.491666666666664 ], [ 74.666666666666657, 17.475 ], [ 74.675, 17.475 ], [ 74.675, 17.441666666666663 ], [ 74.683333333333323, 17.441666666666663 ], [ 74.683333333333323, 17.43333333333333 ], [ 74.675, 17.43333333333333 ], [ 74.675, 17.416666666666664 ], [ 74.683333333333323, 17.416666666666664 ], [ 74.683333333333323, 17.391666666666662 ], [ 74.675, 17.391666666666662 ], [ 74.675, 17.383333333333329 ], [ 74.683333333333323, 17.383333333333329 ], [ 74.683333333333323, 17.366666666666664 ], [ 74.691666666666663, 17.366666666666664 ], [ 74.691666666666663, 17.35 ], [ 74.7, 17.35 ], [ 74.7, 17.333333333333332 ], [ 74.708333333333329, 17.333333333333332 ], [ 74.708333333333329, 17.30833333333333 ], [ 74.7, 17.30833333333333 ], [ 74.691666666666663, 17.30833333333333 ], [ 74.691666666666663, 17.275 ], [ 74.683333333333323, 17.275 ], [ 74.683333333333323, 17.258333333333329 ], [ 74.7, 17.258333333333329 ], [ 74.7, 17.241666666666664 ], [ 74.708333333333329, 17.241666666666664 ], [ 74.708333333333329, 17.225 ], [ 74.716666666666669, 17.225 ], [ 74.716666666666669, 17.216666666666665 ], [ 74.725, 17.216666666666665 ], [ 74.725, 17.18333333333333 ], [ 74.733333333333334, 17.18333333333333 ], [ 74.733333333333334, 17.158333333333331 ], [ 74.74166666666666, 17.158333333333331 ], [ 74.74166666666666, 17.15 ], [ 74.75, 17.15 ], [ 74.75, 17.083333333333332 ], [ 74.74166666666666, 17.083333333333332 ], [ 74.74166666666666, 17.05833333333333 ], [ 74.75, 17.05833333333333 ], [ 74.75, 17.033333333333331 ], [ 74.758333333333326, 17.033333333333331 ], [ 74.758333333333326, 17.025 ], [ 74.75, 17.025 ], [ 74.75, 17.008333333333329 ], [ 74.758333333333326, 17.008333333333329 ], [ 74.758333333333326, 16.975 ], [ 74.766666666666666, 16.975 ], [ 74.766666666666666, 16.941666666666663 ], [ 74.758333333333326, 16.941666666666663 ], [ 74.758333333333326, 16.93333333333333 ], [ 74.8, 16.93333333333333 ], [ 74.8, 16.925 ], [ 74.816666666666663, 16.925 ], [ 74.816666666666663, 16.908333333333331 ], [ 74.825, 16.908333333333331 ], [ 74.825, 16.891666666666666 ], [ 74.833333333333329, 16.891666666666666 ], [ 74.833333333333329, 16.866666666666664 ], [ 74.825, 16.866666666666664 ], [ 74.825, 16.841666666666665 ], [ 74.816666666666663, 16.841666666666665 ], [ 74.816666666666663, 16.833333333333332 ], [ 74.808333333333323, 16.833333333333332 ], [ 74.8, 16.833333333333332 ], [ 74.8, 16.825 ], [ 74.791666666666657, 16.825 ], [ 74.775, 16.825 ], [ 74.775, 16.80833333333333 ], [ 74.783333333333331, 16.80833333333333 ], [ 74.783333333333331, 16.8 ], [ 74.775, 16.8 ], [ 74.775, 16.791666666666664 ], [ 74.783333333333331, 16.791666666666664 ], [ 74.783333333333331, 16.783333333333331 ], [ 74.775, 16.783333333333331 ], [ 74.775, 16.775 ], [ 74.783333333333331, 16.775 ], [ 74.783333333333331, 16.766666666666666 ], [ 74.775, 16.766666666666666 ], [ 74.775, 16.75 ], [ 74.766666666666666, 16.75 ], [ 74.766666666666666, 16.741666666666664 ], [ 74.758333333333326, 16.741666666666664 ], [ 74.758333333333326, 16.716666666666665 ], [ 74.75, 16.716666666666665 ], [ 74.75, 16.7 ], [ 74.74166666666666, 16.7 ], [ 74.74166666666666, 16.691666666666663 ], [ 74.716666666666669, 16.691666666666663 ], [ 74.716666666666669, 16.7 ], [ 74.691666666666663, 16.7 ], [ 74.691666666666663, 16.691666666666663 ], [ 74.683333333333323, 16.691666666666663 ], [ 74.633333333333326, 16.691666666666663 ], [ 74.633333333333326, 16.666666666666664 ], [ 74.625, 16.666666666666664 ], [ 74.625, 16.658333333333331 ], [ 74.61666666666666, 16.658333333333331 ], [ 74.61666666666666, 16.641666666666666 ], [ 74.608333333333334, 16.641666666666666 ], [ 74.608333333333334, 16.625 ], [ 74.6, 16.625 ], [ 74.591666666666669, 16.625 ], [ 74.591666666666669, 16.616666666666664 ], [ 74.575, 16.616666666666664 ], [ 74.575, 16.625 ], [ 74.55, 16.625 ], [ 74.55, 16.633333333333329 ], [ 74.533333333333331, 16.633333333333329 ], [ 74.533333333333331, 16.625 ], [ 74.516666666666666, 16.625 ], [ 74.516666666666666, 16.633333333333329 ], [ 74.5, 16.633333333333329 ], [ 74.5, 16.625 ], [ 74.49166666666666, 16.625 ], [ 74.49166666666666, 16.616666666666664 ], [ 74.483333333333334, 16.616666666666664 ], [ 74.483333333333334, 16.608333333333331 ], [ 74.475, 16.608333333333331 ], [ 74.475, 16.6 ], [ 74.458333333333329, 16.6 ], [ 74.458333333333329, 16.608333333333331 ], [ 74.441666666666663, 16.608333333333331 ], [ 74.441666666666663, 16.6 ], [ 74.408333333333331, 16.6 ], [ 74.408333333333331, 16.608333333333331 ], [ 74.358333333333334, 16.608333333333331 ], [ 74.358333333333334, 16.616666666666664 ], [ 74.341666666666669, 16.616666666666664 ], [ 74.341666666666669, 16.608333333333331 ], [ 74.333333333333329, 16.608333333333331 ], [ 74.333333333333329, 16.616666666666664 ], [ 74.291666666666657, 16.616666666666664 ], [ 74.291666666666657, 16.608333333333331 ], [ 74.266666666666666, 16.608333333333331 ], [ 74.266666666666666, 16.616666666666664 ], [ 74.258333333333326, 16.616666666666664 ], [ 74.258333333333326, 16.625 ], [ 74.25, 16.625 ], [ 74.25, 16.616666666666664 ], [ 74.24166666666666, 16.616666666666664 ], [ 74.2, 16.616666666666664 ], [ 74.2, 16.608333333333331 ], [ 74.191666666666663, 16.608333333333331 ], [ 74.191666666666663, 16.6 ], [ 74.183333333333323, 16.6 ], [ 74.183333333333323, 16.583333333333332 ], [ 74.175, 16.583333333333332 ], [ 74.175, 16.566666666666663 ], [ 74.166666666666657, 16.566666666666663 ], [ 74.166666666666657, 16.55833333333333 ], [ 74.158333333333331, 16.55833333333333 ], [ 74.15, 16.55833333333333 ], [ 74.15, 16.55 ], [ 74.141666666666666, 16.55 ], [ 74.133333333333326, 16.55 ], [ 74.133333333333326, 16.525 ], [ 74.125, 16.525 ], [ 74.11666666666666, 16.525 ], [ 74.11666666666666, 16.516666666666666 ], [ 74.108333333333334, 16.516666666666666 ], [ 74.1, 16.516666666666666 ], [ 74.1, 16.508333333333329 ], [ 74.091666666666669, 16.508333333333329 ], [ 74.091666666666669, 16.475 ], [ 74.083333333333329, 16.475 ], [ 74.083333333333329, 16.458333333333332 ], [ 74.075, 16.458333333333332 ], [ 74.075, 16.45 ], [ 74.066666666666663, 16.45 ], [ 74.066666666666663, 16.43333333333333 ], [ 74.058333333333323, 16.43333333333333 ], [ 74.05, 16.43333333333333 ], [ 74.05, 16.425 ], [ 74.041666666666657, 16.425 ], [ 74.041666666666657, 16.416666666666664 ], [ 74.033333333333331, 16.416666666666664 ], [ 74.025, 16.416666666666664 ], [ 74.025, 16.408333333333331 ], [ 74.016666666666666, 16.408333333333331 ], [ 74.016666666666666, 16.383333333333329 ], [ 74.008333333333326, 16.383333333333329 ], [ 74.008333333333326, 16.375 ], [ 74.0, 16.375 ], [ 74.0, 16.366666666666664 ], [ 73.99166666666666, 16.366666666666664 ], [ 73.99166666666666, 16.358333333333331 ], [ 73.983333333333334, 16.358333333333331 ], [ 73.95, 16.358333333333331 ], [ 73.95, 16.35 ], [ 73.941666666666663, 16.35 ], [ 73.916666666666657, 16.35 ], [ 73.916666666666657, 16.341666666666665 ], [ 73.908333333333331, 16.341666666666665 ], [ 73.883333333333326, 16.341666666666665 ], [ 73.883333333333326, 16.333333333333332 ], [ 73.875, 16.333333333333332 ], [ 73.875, 16.325 ], [ 73.85, 16.325 ], [ 73.85, 16.341666666666665 ], [ 73.841666666666669, 16.341666666666665 ], [ 73.841666666666669, 16.35 ], [ 73.85, 16.35 ], [ 73.85, 16.358333333333331 ], [ 73.858333333333334, 16.358333333333331 ], [ 73.858333333333334, 16.383333333333329 ], [ 73.85, 16.383333333333329 ], [ 73.85, 16.408333333333331 ], [ 73.858333333333334, 16.408333333333331 ], [ 73.858333333333334, 16.416666666666664 ], [ 73.86666666666666, 16.416666666666664 ], [ 73.875, 16.416666666666664 ], [ 73.875, 16.425 ], [ 73.883333333333326, 16.425 ], [ 73.883333333333326, 16.43333333333333 ], [ 73.891666666666666, 16.43333333333333 ], [ 73.891666666666666, 16.458333333333332 ], [ 73.9, 16.458333333333332 ], [ 73.9, 16.466666666666665 ], [ 73.891666666666666, 16.466666666666665 ], [ 73.891666666666666, 16.483333333333331 ], [ 73.858333333333334, 16.483333333333331 ], [ 73.858333333333334, 16.491666666666664 ], [ 73.85, 16.491666666666664 ], [ 73.85, 16.541666666666664 ], [ 73.841666666666669, 16.541666666666664 ], [ 73.841666666666669, 16.55833333333333 ], [ 73.85, 16.55833333333333 ], [ 73.85, 16.566666666666663 ], [ 73.858333333333334, 16.566666666666663 ], [ 73.858333333333334, 16.591666666666665 ], [ 73.86666666666666, 16.591666666666665 ], [ 73.86666666666666, 16.608333333333331 ], [ 73.875, 16.608333333333331 ], [ 73.875, 16.625 ], [ 73.858333333333334, 16.625 ], [ 73.858333333333334, 16.65 ], [ 73.86666666666666, 16.65 ], [ 73.86666666666666, 16.658333333333331 ], [ 73.875, 16.658333333333331 ], [ 73.875, 16.68333333333333 ], [ 73.85, 16.68333333333333 ], [ 73.85, 16.75 ], [ 73.841666666666669, 16.75 ], [ 73.841666666666669, 16.758333333333329 ], [ 73.833333333333329, 16.758333333333329 ], [ 73.833333333333329, 16.775 ], [ 73.808333333333323, 16.775 ], [ 73.808333333333323, 16.766666666666666 ], [ 73.791666666666657, 16.766666666666666 ], [ 73.791666666666657, 16.775 ], [ 73.783333333333331, 16.775 ], [ 73.783333333333331, 16.783333333333331 ], [ 73.766666666666666, 16.783333333333331 ], [ 73.766666666666666, 16.8 ], [ 73.758333333333326, 16.8 ], [ 73.758333333333326, 16.816666666666663 ], [ 73.75, 16.816666666666663 ], [ 73.75, 16.833333333333332 ], [ 73.766666666666666, 16.833333333333332 ], [ 73.775, 16.833333333333332 ], [ 73.775, 16.866666666666664 ], [ 73.766666666666666, 16.866666666666664 ], [ 73.766666666666666, 16.9 ], [ 73.775, 16.9 ], [ 73.783333333333331, 16.9 ], [ 73.783333333333331, 16.908333333333331 ], [ 73.791666666666657, 16.908333333333331 ], [ 73.8, 16.908333333333331 ], [ 73.8, 16.916666666666664 ], [ 73.808333333333323, 16.916666666666664 ], [ 73.808333333333323, 16.93333333333333 ], [ 73.8, 16.93333333333333 ], [ 73.8, 16.95 ], [ 73.783333333333331, 16.95 ], [ 73.783333333333331, 16.975 ], [ 73.791666666666657, 16.975 ], [ 73.791666666666657, 16.983333333333331 ], [ 73.8, 16.983333333333331 ], [ 73.8, 16.975 ], [ 73.825, 16.975 ], [ 73.825, 16.983333333333331 ], [ 73.833333333333329, 16.983333333333331 ], [ 73.841666666666669, 16.983333333333331 ], [ 73.841666666666669, 17.05833333333333 ], [ 73.833333333333329, 17.05833333333333 ], [ 73.833333333333329, 17.066666666666663 ], [ 73.825, 17.066666666666663 ], [ 73.825, 17.075 ], [ 73.816666666666663, 17.075 ], [ 73.816666666666663, 17.091666666666665 ], [ 73.825, 17.091666666666665 ], [ 73.825, 17.1 ], [ 73.808333333333323, 17.1 ], [ 73.808333333333323, 17.108333333333331 ], [ 73.75, 17.108333333333331 ], [ 73.75, 17.116666666666664 ], [ 73.74166666666666, 17.116666666666664 ], [ 73.74166666666666, 17.133333333333329 ], [ 73.725, 17.133333333333329 ], [ 73.725, 17.15 ], [ 73.716666666666669, 17.15 ], [ 73.716666666666669, 17.18333333333333 ], [ 73.725, 17.18333333333333 ], [ 73.725, 17.225 ], [ 73.716666666666669, 17.225 ], [ 73.716666666666669, 17.241666666666664 ], [ 73.708333333333329, 17.241666666666664 ], [ 73.708333333333329, 17.258333333333329 ], [ 73.7, 17.258333333333329 ], [ 73.7, 17.316666666666663 ], [ 73.691666666666663, 17.316666666666663 ], [ 73.691666666666663, 17.341666666666665 ], [ 73.7, 17.341666666666665 ], [ 73.7, 17.35 ], [ 73.691666666666663, 17.35 ], [ 73.691666666666663, 17.366666666666664 ], [ 73.683333333333323, 17.366666666666664 ], [ 73.683333333333323, 17.375 ], [ 73.675, 17.375 ], [ 73.675, 17.4 ], [ 73.683333333333323, 17.4 ], [ 73.683333333333323, 17.408333333333331 ], [ 73.708333333333329, 17.408333333333331 ], [ 73.716666666666669, 17.408333333333331 ], [ 73.716666666666669, 17.475 ], [ 73.708333333333329, 17.475 ], [ 73.708333333333329, 17.5 ], [ 73.716666666666669, 17.5 ], [ 73.716666666666669, 17.516666666666662 ], [ 73.725, 17.516666666666662 ], [ 73.725, 17.525 ], [ 73.733333333333334, 17.525 ], [ 73.74166666666666, 17.525 ], [ 73.74166666666666, 17.533333333333331 ], [ 73.75, 17.533333333333331 ], [ 73.75, 17.566666666666663 ], [ 73.74166666666666, 17.566666666666663 ], [ 73.74166666666666, 17.575 ], [ 73.733333333333334, 17.575 ], [ 73.733333333333334, 17.616666666666664 ], [ 73.725, 17.616666666666664 ], [ 73.725, 17.65 ], [ 73.716666666666669, 17.65 ], [ 73.716666666666669, 17.658333333333331 ], [ 73.708333333333329, 17.658333333333331 ], [ 73.708333333333329, 17.666666666666664 ], [ 73.7, 17.666666666666664 ], [ 73.7, 17.68333333333333 ], [ 73.691666666666663, 17.68333333333333 ], [ 73.691666666666663, 17.7 ], [ 73.666666666666657, 17.7 ], [ 73.666666666666657, 17.716666666666665 ], [ 73.65, 17.716666666666665 ], [ 73.65, 17.708333333333332 ], [ 73.61666666666666, 17.708333333333332 ], [ 73.61666666666666, 17.716666666666665 ], [ 73.608333333333334, 17.716666666666665 ], [ 73.608333333333334, 17.708333333333332 ], [ 73.591666666666669, 17.708333333333332 ], [ 73.591666666666669, 17.716666666666665 ], [ 73.583333333333329, 17.716666666666665 ], [ 73.583333333333329, 17.741666666666664 ], [ 73.591666666666669, 17.741666666666664 ], [ 73.591666666666669, 17.75 ], [ 73.6, 17.75 ], [ 73.6, 17.758333333333329 ], [ 73.608333333333334, 17.758333333333329 ], [ 73.608333333333334, 17.775 ], [ 73.61666666666666, 17.775 ], [ 73.61666666666666, 17.783333333333331 ], [ 73.625, 17.783333333333331 ], [ 73.625, 17.80833333333333 ], [ 73.61666666666666, 17.80833333333333 ], [ 73.61666666666666, 17.816666666666663 ], [ 73.608333333333334, 17.816666666666663 ], [ 73.608333333333334, 17.825 ], [ 73.6, 17.825 ], [ 73.6, 17.866666666666664 ], [ 73.591666666666669, 17.866666666666664 ], [ 73.591666666666669, 17.875 ], [ 73.583333333333329, 17.875 ], [ 73.583333333333329, 17.883333333333329 ], [ 73.575, 17.883333333333329 ], [ 73.575, 17.891666666666662 ], [ 73.566666666666663, 17.891666666666662 ], [ 73.566666666666663, 17.9 ], [ 73.575, 17.9 ], [ 73.575, 17.93333333333333 ], [ 73.591666666666669, 17.93333333333333 ], [ 73.6, 17.93333333333333 ], [ 73.6, 17.941666666666663 ], [ 73.608333333333334, 17.941666666666663 ], [ 73.608333333333334, 17.95 ], [ 73.61666666666666, 17.95 ], [ 73.61666666666666, 17.958333333333332 ], [ 73.625, 17.958333333333332 ], [ 73.625, 17.966666666666665 ], [ 73.633333333333326, 17.966666666666665 ], [ 73.641666666666666, 17.966666666666665 ], [ 73.641666666666666, 17.983333333333331 ], [ 73.65, 17.983333333333331 ], [ 73.65, 18.0 ], [ 73.658333333333331, 18.0 ], [ 73.666666666666657, 18.0 ], [ 73.666666666666657, 18.033333333333331 ], [ 73.675, 18.033333333333331 ], [ 73.683333333333323, 18.033333333333331 ], [ 73.683333333333323, 18.041666666666664 ], [ 73.691666666666663, 18.041666666666664 ], [ 73.691666666666663, 18.05 ] ] ] } },
{ "type": "Feature", "properties": { "LABEL": null, "GaugeID": "681", "_source_id": "681", "Id": 1.0, "gridcode": 0.0, "area": null, "OBJECTID": 1.0, "Shape_Leng": 2.3404918927799998, "Shape_Area": 0.16662916671899999, "SS": null, "is_duplicate_geometry": false }, "geometry": { "type": "Polygon", "coordinates": [ [ [ 74.450000000000102, 16.775 ], [ 74.420448811849042, 16.778780110677133 ], [ 74.410874430338652, 16.79030761718758 ], [ 74.375000000000114, 16.786649576822867 ], [ 74.354166666666629, 16.788773600260356 ], [ 74.3375, 16.787076822916674 ], [ 74.321828206380303, 16.788671874999977 ], [ 74.276566569010527, 16.814595540364564 ], [ 74.23099975585933, 16.801855468750034 ], [ 74.204166666666595, 16.804589843750023 ], [ 74.18333333333328, 16.802469889322936 ], [ 74.15833333333336, 16.80501708984383 ], [ 74.145690917968807, 16.80372721354172 ], [ 74.104551188150992, 16.812886555989564 ], [ 74.043937174479254, 16.821915690104277 ], [ 73.999678548177087, 16.817403157552008 ], [ 73.969055175781307, 16.839440917968716 ], [ 73.921225992838572, 16.834566243489576 ], [ 73.872923787434956, 16.848071289062602 ], [ 73.862885538737089, 16.871219889322902 ], [ 73.828781127929688, 16.878780110677098 ], [ 73.801400756836074, 16.941914876302178 ], [ 73.785475667317712, 16.955143229166652 ], [ 73.788049316406386, 16.980383300781284 ], [ 73.812500000000114, 16.977893066406295 ], [ 73.836992390950456, 16.980387369791799 ], [ 73.845447794596339, 17.044042968749977 ], [ 73.819635009765705, 17.07991129557297 ], [ 73.821883138020951, 17.101969401041686 ], [ 73.752170817057277, 17.112353515625045 ], [ 73.737885538737032, 17.129553222656284 ], [ 73.728781127929722, 17.137113444010481 ], [ 73.717505900065078, 17.150687662760561 ], [ 73.724024454752623, 17.214640299479186 ], [ 73.703781127929801, 17.262113444010538 ], [ 73.696218872070403, 17.305399576823049 ], [ 73.725843302408919, 17.302380371093705 ], [ 73.765265909830816, 17.254923502604186 ], [ 73.835015869140591, 17.224674479166652 ], [ 73.853010050455737, 17.20301106770836 ], [ 73.878594970703205, 17.181758626302155 ], [ 73.887114461263138, 17.162113444010402 ], [ 73.904552205403718, 17.154553222656205 ], [ 73.933660888671909, 17.137882486979152 ], [ 73.971218872070267, 17.129553222656284 ], [ 73.987114461263104, 17.120446777343773 ], [ 74.025771077474076, 17.109102376302133 ], [ 74.037174479166708, 17.095373535156227 ], [ 74.046101888020814, 17.096284993489576 ], [ 74.062115478515693, 17.087113444010413 ], [ 74.079551188151072, 17.079553222656386 ], [ 74.093581136067769, 17.062662760416686 ], [ 74.121217854817701, 17.054553222656295 ], [ 74.128782145182242, 17.045446777343784 ], [ 74.157446289062591, 17.027766927083348 ], [ 74.17422892252597, 17.007564290364598 ], [ 74.19053344726558, 16.9940185546875 ], [ 74.219276936848871, 16.996948242187557 ], [ 74.257757568359466, 16.982491048177053 ], [ 74.286728922525981, 16.96589762369797 ], [ 74.319995117187489, 16.951468912760504 ], [ 74.396217854817792, 16.937886555989621 ], [ 74.434482828776083, 16.910347493489724 ], [ 74.453782145182402, 16.887113444010538 ], [ 74.520269775390602, 16.878609212239667 ], [ 74.48387858072914, 16.797322591145871 ], [ 74.45990804036461, 16.786930338541652 ], [ 74.450000000000102, 16.775 ] ] ] } },
{ "type": "Feature", "properties": { "LABEL": 1.0, "GaugeID": "682", "_source_id": "682", "Id": null, "gridcode": null, "area": null, "OBJECTID": null, "Shape_Leng": null, "Shape_Area": null, "SS": null, "is_duplicate_geometry": false }, "geometry": { "type": "Polygon", "coordinates": [ [ [ 74.24, 18.435 ], [ 74.240833333333342, 18.435 ], [ 74.240833333333342, 18.434166666666666 ], [ 74.241666666666674, 18.434166666666666 ], [ 74.241666666666674, 18.433333333333334 ], [ 74.2425, 18.433333333333334 ], [ 74.2425, 18.428333333333331 ], [ 74.245, 18.428333333333331 ], [ 74.245, 18.429166666666667 ], [ 74.245833333333337, 18.429166666666667 ], [ 74.245833333333337, 18.428333333333331 ], [ 74.248333333333335, 18.428333333333331 ], [ 74.248333333333335, 18.4275 ], [ 74.249166666666667, 18.4275 ], [ 74.249166666666667, 18.425 ], [ 74.250833333333333, 18.425 ], [ 74.250833333333333, 18.425833333333333 ], [ 74.253333333333345, 18.425833333333333 ], [ 74.254166666666677, 18.425833333333333 ], [ 74.254166666666677, 18.426666666666666 ], [ 74.255, 18.426666666666666 ], [ 74.255833333333342, 18.426666666666666 ], [ 74.255833333333342, 18.4275 ], [ 74.256666666666675, 18.4275 ], [ 74.256666666666675, 18.425833333333333 ], [ 74.25833333333334, 18.425833333333333 ], [ 74.25833333333334, 18.425 ], [ 74.260833333333338, 18.425 ], [ 74.260833333333338, 18.424166666666665 ], [ 74.2625, 18.424166666666665 ], [ 74.2625, 18.423333333333332 ], [ 74.263333333333335, 18.423333333333332 ], [ 74.263333333333335, 18.424166666666665 ], [ 74.264166666666668, 18.424166666666665 ], [ 74.264166666666668, 18.425 ], [ 74.265, 18.425 ], [ 74.265, 18.425833333333333 ], [ 74.265833333333333, 18.425833333333333 ], [ 74.265833333333333, 18.426666666666666 ], [ 74.266666666666666, 18.426666666666666 ], [ 74.266666666666666, 18.425833333333333 ], [ 74.2675, 18.425833333333333 ], [ 74.2675, 18.423333333333332 ], [ 74.266666666666666, 18.423333333333332 ], [ 74.266666666666666, 18.4225 ], [ 74.265833333333333, 18.4225 ], [ 74.265833333333333, 18.42 ], [ 74.266666666666666, 18.42 ], [ 74.266666666666666, 18.418333333333333 ], [ 74.265833333333333, 18.418333333333333 ], [ 74.265833333333333, 18.4175 ], [ 74.266666666666666, 18.4175 ], [ 74.266666666666666, 18.41333333333333 ], [ 74.2675, 18.41333333333333 ], [ 74.2675, 18.406666666666666 ], [ 74.268333333333331, 18.406666666666666 ], [ 74.268333333333331, 18.405833333333334 ], [ 74.269166666666678, 18.405833333333334 ], [ 74.269166666666678, 18.405 ], [ 74.271666666666675, 18.405 ], [ 74.271666666666675, 18.405833333333334 ], [ 74.275833333333338, 18.405833333333334 ], [ 74.275833333333338, 18.403333333333332 ], [ 74.275, 18.403333333333332 ], [ 74.275, 18.400833333333331 ], [ 74.275833333333338, 18.400833333333331 ], [ 74.275833333333338, 18.4 ], [ 74.280833333333334, 18.4 ], [ 74.280833333333334, 18.399166666666666 ], [ 74.281666666666666, 18.399166666666666 ], [ 74.281666666666666, 18.398333333333333 ], [ 74.2825, 18.398333333333333 ], [ 74.2825, 18.3975 ], [ 74.284166666666664, 18.3975 ], [ 74.284166666666664, 18.396666666666665 ], [ 74.285, 18.396666666666665 ], [ 74.285, 18.3975 ], [ 74.285833333333343, 18.3975 ], [ 74.285833333333343, 18.396666666666665 ], [ 74.286666666666676, 18.396666666666665 ], [ 74.286666666666676, 18.395833333333332 ], [ 74.2875, 18.395833333333332 ], [ 74.2875, 18.395 ], [ 74.288333333333341, 18.395 ], [ 74.288333333333341, 18.394166666666667 ], [ 74.2925, 18.394166666666667 ], [ 74.2925, 18.395 ], [ 74.294166666666669, 18.395 ], [ 74.294166666666669, 18.390833333333333 ], [ 74.295, 18.390833333333333 ], [ 74.295, 18.39 ], [ 74.295833333333334, 18.39 ], [ 74.295833333333334, 18.389166666666664 ], [ 74.296666666666667, 18.389166666666664 ], [ 74.296666666666667, 18.388333333333332 ], [ 74.299166666666665, 18.388333333333332 ], [ 74.299166666666665, 18.3875 ], [ 74.300833333333344, 18.3875 ], [ 74.300833333333344, 18.386666666666667 ], [ 74.301666666666677, 18.386666666666667 ], [ 74.301666666666677, 18.385833333333331 ], [ 74.3025, 18.385833333333331 ], [ 74.3025, 18.384166666666665 ], [ 74.303333333333342, 18.384166666666665 ], [ 74.303333333333342, 18.383333333333333 ], [ 74.304166666666674, 18.383333333333333 ], [ 74.304166666666674, 18.3825 ], [ 74.305, 18.3825 ], [ 74.305, 18.37833333333333 ], [ 74.305833333333339, 18.37833333333333 ], [ 74.305833333333339, 18.3775 ], [ 74.306666666666672, 18.3775 ], [ 74.306666666666672, 18.366666666666667 ], [ 74.308333333333337, 18.366666666666667 ], [ 74.308333333333337, 18.365833333333331 ], [ 74.315, 18.365833333333331 ], [ 74.315, 18.366666666666667 ], [ 74.315833333333345, 18.366666666666667 ], [ 74.316666666666677, 18.366666666666667 ], [ 74.316666666666677, 18.3675 ], [ 74.3175, 18.3675 ], [ 74.3175, 18.368333333333332 ], [ 74.3275, 18.368333333333332 ], [ 74.3275, 18.3675 ], [ 74.328333333333333, 18.3675 ], [ 74.328333333333333, 18.366666666666667 ], [ 74.329166666666666, 18.366666666666667 ], [ 74.329166666666666, 18.364166666666666 ], [ 74.333333333333343, 18.364166666666666 ], [ 74.333333333333343, 18.363333333333333 ], [ 74.334166666666675, 18.363333333333333 ], [ 74.334166666666675, 18.364166666666666 ], [ 74.3375, 18.364166666666666 ], [ 74.3375, 18.363333333333333 ], [ 74.34, 18.363333333333333 ], [ 74.34, 18.364166666666666 ], [ 74.340833333333336, 18.364166666666666 ], [ 74.341666666666669, 18.364166666666666 ], [ 74.341666666666669, 18.365 ], [ 74.3425, 18.365 ], [ 74.3425, 18.364166666666666 ], [ 74.343333333333334, 18.364166666666666 ], [ 74.343333333333334, 18.365 ], [ 74.344166666666666, 18.365 ], [ 74.344166666666666, 18.360833333333332 ], [ 74.345, 18.360833333333332 ], [ 74.345, 18.36 ], [ 74.345833333333331, 18.36 ], [ 74.345833333333331, 18.359166666666667 ], [ 74.346666666666664, 18.359166666666667 ], [ 74.346666666666664, 18.358333333333331 ], [ 74.349166666666676, 18.358333333333331 ], [ 74.349166666666676, 18.3575 ], [ 74.35, 18.3575 ], [ 74.35, 18.356666666666666 ], [ 74.350833333333341, 18.356666666666666 ], [ 74.350833333333341, 18.3575 ], [ 74.351666666666674, 18.3575 ], [ 74.351666666666674, 18.359166666666667 ], [ 74.3525, 18.359166666666667 ], [ 74.3525, 18.36 ], [ 74.353333333333339, 18.36 ], [ 74.353333333333339, 18.360833333333332 ], [ 74.354166666666671, 18.360833333333332 ], [ 74.354166666666671, 18.361666666666665 ], [ 74.355, 18.361666666666665 ], [ 74.355833333333337, 18.361666666666665 ], [ 74.355833333333337, 18.3625 ], [ 74.356666666666669, 18.3625 ], [ 74.3575, 18.3625 ], [ 74.3575, 18.364166666666666 ], [ 74.358333333333334, 18.364166666666666 ], [ 74.358333333333334, 18.365 ], [ 74.360833333333332, 18.365 ], [ 74.360833333333332, 18.364166666666666 ], [ 74.364166666666677, 18.364166666666666 ], [ 74.364166666666677, 18.363333333333333 ], [ 74.365, 18.363333333333333 ], [ 74.365, 18.3625 ], [ 74.365833333333342, 18.3625 ], [ 74.365833333333342, 18.361666666666665 ], [ 74.366666666666674, 18.361666666666665 ], [ 74.366666666666674, 18.360833333333332 ], [ 74.3675, 18.360833333333332 ], [ 74.3675, 18.36 ], [ 74.366666666666674, 18.36 ], [ 74.366666666666674, 18.359166666666667 ], [ 74.369166666666672, 18.359166666666667 ], [ 74.369166666666672, 18.358333333333331 ], [ 74.373333333333335, 18.358333333333331 ], [ 74.373333333333335, 18.3575 ], [ 74.374166666666667, 18.3575 ], [ 74.374166666666667, 18.356666666666666 ], [ 74.375, 18.356666666666666 ], [ 74.375, 18.355833333333333 ], [ 74.378333333333345, 18.355833333333333 ], [ 74.378333333333345, 18.355 ], [ 74.3825, 18.355 ], [ 74.3825, 18.355833333333333 ], [ 74.385, 18.355833333333333 ], [ 74.385, 18.355 ], [ 74.389166666666668, 18.355 ], [ 74.389166666666668, 18.355833333333333 ], [ 74.3925, 18.355833333333333 ], [ 74.3925, 18.355 ], [ 74.395, 18.355 ], [ 74.395, 18.355833333333333 ], [ 74.395833333333343, 18.355833333333333 ], [ 74.396666666666675, 18.355833333333333 ], [ 74.396666666666675, 18.356666666666666 ], [ 74.3975, 18.356666666666666 ], [ 74.3975, 18.3575 ], [ 74.398333333333341, 18.3575 ], [ 74.399166666666673, 18.3575 ], [ 74.399166666666673, 18.360833333333332 ], [ 74.4, 18.360833333333332 ], [ 74.4, 18.361666666666665 ], [ 74.401666666666671, 18.361666666666665 ], [ 74.4025, 18.361666666666665 ], [ 74.4025, 18.3625 ], [ 74.403333333333336, 18.3625 ], [ 74.404166666666669, 18.3625 ], [ 74.404166666666669, 18.363333333333333 ], [ 74.405833333333334, 18.363333333333333 ], [ 74.405833333333334, 18.3625 ], [ 74.406666666666666, 18.3625 ], [ 74.406666666666666, 18.361666666666665 ], [ 74.413333333333341, 18.361666666666665 ], [ 74.413333333333341, 18.363333333333333 ], [ 74.418333333333337, 18.363333333333333 ], [ 74.419166666666669, 18.363333333333333 ], [ 74.419166666666669, 18.364166666666666 ], [ 74.4225, 18.364166666666666 ], [ 74.423333333333332, 18.364166666666666 ], [ 74.423333333333332, 18.365 ], [ 74.424166666666665, 18.365 ], [ 74.424166666666665, 18.364166666666666 ], [ 74.425, 18.364166666666666 ], [ 74.425, 18.361666666666665 ], [ 74.425833333333344, 18.361666666666665 ], [ 74.425833333333344, 18.36 ], [ 74.426666666666677, 18.36 ], [ 74.426666666666677, 18.358333333333331 ], [ 74.428333333333342, 18.358333333333331 ], [ 74.428333333333342, 18.356666666666666 ], [ 74.43, 18.356666666666666 ], [ 74.43, 18.355833333333333 ], [ 74.4325, 18.355833333333333 ], [ 74.4325, 18.355 ], [ 74.436666666666667, 18.355 ], [ 74.436666666666667, 18.355833333333333 ], [ 74.4375, 18.355833333333333 ], [ 74.4375, 18.356666666666666 ], [ 74.4425, 18.356666666666666 ], [ 74.4425, 18.354166666666664 ], [ 74.444166666666675, 18.354166666666664 ], [ 74.444166666666675, 18.355 ], [ 74.446666666666673, 18.355 ], [ 74.446666666666673, 18.354166666666664 ], [ 74.4475, 18.354166666666664 ], [ 74.4475, 18.353333333333332 ], [ 74.448333333333338, 18.353333333333332 ], [ 74.448333333333338, 18.3525 ], [ 74.44916666666667, 18.3525 ], [ 74.44916666666667, 18.351666666666667 ], [ 74.45, 18.351666666666667 ], [ 74.45, 18.35083333333333 ], [ 74.450833333333335, 18.35083333333333 ], [ 74.450833333333335, 18.35 ], [ 74.451666666666668, 18.35 ], [ 74.451666666666668, 18.349166666666665 ], [ 74.453333333333333, 18.349166666666665 ], [ 74.453333333333333, 18.345833333333331 ], [ 74.454166666666666, 18.345833333333331 ], [ 74.454166666666666, 18.344166666666666 ], [ 74.453333333333333, 18.344166666666666 ], [ 74.453333333333333, 18.343333333333334 ], [ 74.4525, 18.343333333333334 ], [ 74.4525, 18.341666666666665 ], [ 74.454166666666666, 18.341666666666665 ], [ 74.454166666666666, 18.34 ], [ 74.4575, 18.34 ], [ 74.4575, 18.340833333333332 ], [ 74.46, 18.340833333333332 ], [ 74.46, 18.34 ], [ 74.4625, 18.34 ], [ 74.4625, 18.339166666666664 ], [ 74.463333333333338, 18.339166666666664 ], [ 74.463333333333338, 18.335833333333333 ], [ 74.465, 18.335833333333333 ], [ 74.465, 18.3325 ], [ 74.465833333333336, 18.3325 ], [ 74.465833333333336, 18.330833333333331 ], [ 74.466666666666669, 18.330833333333331 ], [ 74.466666666666669, 18.33 ], [ 74.4675, 18.33 ], [ 74.4675, 18.329166666666666 ], [ 74.468333333333334, 18.329166666666666 ], [ 74.468333333333334, 18.328333333333333 ], [ 74.469166666666666, 18.328333333333333 ], [ 74.469166666666666, 18.3275 ], [ 74.470833333333331, 18.3275 ], [ 74.470833333333331, 18.328333333333333 ], [ 74.475, 18.328333333333333 ], [ 74.475833333333341, 18.328333333333333 ], [ 74.475833333333341, 18.329166666666666 ], [ 74.476666666666674, 18.329166666666666 ], [ 74.476666666666674, 18.328333333333333 ], [ 74.481666666666669, 18.328333333333333 ], [ 74.481666666666669, 18.3275 ], [ 74.485833333333332, 18.3275 ], [ 74.485833333333332, 18.326666666666664 ], [ 74.488333333333344, 18.326666666666664 ], [ 74.488333333333344, 18.325833333333332 ], [ 74.489166666666677, 18.325833333333332 ], [ 74.489166666666677, 18.325 ], [ 74.49, 18.325 ], [ 74.49, 18.324166666666667 ], [ 74.493333333333339, 18.324166666666667 ], [ 74.493333333333339, 18.323333333333331 ], [ 74.49666666666667, 18.323333333333331 ], [ 74.49666666666667, 18.324166666666667 ], [ 74.4975, 18.324166666666667 ], [ 74.4975, 18.325 ], [ 74.498333333333335, 18.325 ], [ 74.499166666666667, 18.325 ], [ 74.499166666666667, 18.325833333333332 ], [ 74.500833333333333, 18.325833333333332 ], [ 74.501666666666665, 18.325833333333332 ], [ 74.501666666666665, 18.326666666666664 ], [ 74.505833333333342, 18.326666666666664 ], [ 74.505833333333342, 18.325833333333332 ], [ 74.506666666666675, 18.325833333333332 ], [ 74.506666666666675, 18.325 ], [ 74.509166666666673, 18.325 ], [ 74.509166666666673, 18.325833333333332 ], [ 74.514166666666668, 18.325833333333332 ], [ 74.514166666666668, 18.325 ], [ 74.516666666666666, 18.325 ], [ 74.516666666666666, 18.324166666666667 ], [ 74.52, 18.324166666666667 ], [ 74.52, 18.323333333333331 ], [ 74.520833333333343, 18.323333333333331 ], [ 74.520833333333343, 18.3225 ], [ 74.5225, 18.3225 ], [ 74.5225, 18.321666666666665 ], [ 74.521666666666675, 18.321666666666665 ], [ 74.521666666666675, 18.3175 ], [ 74.5225, 18.3175 ], [ 74.5225, 18.316666666666666 ], [ 74.521666666666675, 18.316666666666666 ], [ 74.521666666666675, 18.311666666666664 ], [ 74.5225, 18.311666666666664 ], [ 74.5225, 18.310833333333331 ], [ 74.523333333333341, 18.310833333333331 ], [ 74.523333333333341, 18.309166666666666 ], [ 74.524166666666673, 18.309166666666666 ], [ 74.524166666666673, 18.308333333333334 ], [ 74.525, 18.308333333333334 ], [ 74.525, 18.3075 ], [ 74.525833333333338, 18.3075 ], [ 74.525833333333338, 18.305833333333332 ], [ 74.528333333333336, 18.305833333333332 ], [ 74.528333333333336, 18.305 ], [ 74.530833333333334, 18.305 ], [ 74.530833333333334, 18.304166666666667 ], [ 74.53, 18.304166666666667 ], [ 74.53, 18.298333333333332 ], [ 74.530833333333334, 18.298333333333332 ], [ 74.530833333333334, 18.296666666666667 ], [ 74.531666666666666, 18.296666666666667 ], [ 74.531666666666666, 18.295833333333331 ], [ 74.534166666666664, 18.295833333333331 ], [ 74.534166666666664, 18.295 ], [ 74.535, 18.295 ], [ 74.535, 18.293333333333333 ], [ 74.535833333333343, 18.293333333333333 ], [ 74.535833333333343, 18.2925 ], [ 74.536666666666676, 18.2925 ], [ 74.536666666666676, 18.291666666666664 ], [ 74.544166666666669, 18.291666666666664 ], [ 74.544166666666669, 18.2925 ], [ 74.545833333333334, 18.2925 ], [ 74.545833333333334, 18.291666666666664 ], [ 74.549166666666665, 18.291666666666664 ], [ 74.549166666666665, 18.290833333333332 ], [ 74.55, 18.290833333333332 ], [ 74.55, 18.289166666666667 ], [ 74.550833333333344, 18.289166666666667 ], [ 74.550833333333344, 18.2875 ], [ 74.551666666666677, 18.2875 ], [ 74.551666666666677, 18.286666666666665 ], [ 74.5525, 18.286666666666665 ], [ 74.5525, 18.285833333333333 ], [ 74.553333333333342, 18.285833333333333 ], [ 74.553333333333342, 18.285 ], [ 74.554166666666674, 18.285 ], [ 74.554166666666674, 18.284166666666664 ], [ 74.555833333333339, 18.284166666666664 ], [ 74.555833333333339, 18.283333333333331 ], [ 74.5575, 18.283333333333331 ], [ 74.5575, 18.2825 ], [ 74.558333333333337, 18.2825 ], [ 74.558333333333337, 18.281666666666666 ], [ 74.55916666666667, 18.281666666666666 ], [ 74.55916666666667, 18.28 ], [ 74.56, 18.28 ], [ 74.56, 18.280833333333334 ], [ 74.560833333333335, 18.280833333333334 ], [ 74.561666666666667, 18.280833333333334 ], [ 74.561666666666667, 18.281666666666666 ], [ 74.564166666666665, 18.281666666666666 ], [ 74.564166666666665, 18.280833333333334 ], [ 74.565, 18.280833333333334 ], [ 74.565, 18.28 ], [ 74.565833333333345, 18.28 ], [ 74.565833333333345, 18.279166666666665 ], [ 74.566666666666677, 18.279166666666665 ], [ 74.566666666666677, 18.278333333333332 ], [ 74.5675, 18.278333333333332 ], [ 74.5675, 18.275833333333331 ], [ 74.568333333333342, 18.275833333333331 ], [ 74.568333333333342, 18.274166666666666 ], [ 74.569166666666675, 18.274166666666666 ], [ 74.569166666666675, 18.273333333333333 ], [ 74.57, 18.273333333333333 ], [ 74.57, 18.2725 ], [ 74.57083333333334, 18.2725 ], [ 74.57083333333334, 18.271666666666665 ], [ 74.5725, 18.271666666666665 ], [ 74.5725, 18.270833333333332 ], [ 74.57416666666667, 18.270833333333332 ], [ 74.57416666666667, 18.27 ], [ 74.575, 18.27 ], [ 74.575, 18.269166666666667 ], [ 74.576666666666668, 18.269166666666667 ], [ 74.576666666666668, 18.27 ], [ 74.5775, 18.27 ], [ 74.5775, 18.269166666666667 ], [ 74.578333333333333, 18.269166666666667 ], [ 74.578333333333333, 18.268333333333331 ], [ 74.5775, 18.268333333333331 ], [ 74.5775, 18.2675 ], [ 74.576666666666668, 18.2675 ], [ 74.576666666666668, 18.263333333333332 ], [ 74.575833333333335, 18.263333333333332 ], [ 74.575833333333335, 18.2625 ], [ 74.576666666666668, 18.2625 ], [ 74.576666666666668, 18.261666666666667 ], [ 74.5775, 18.261666666666667 ], [ 74.5775, 18.260833333333331 ], [ 74.578333333333333, 18.260833333333331 ], [ 74.578333333333333, 18.259166666666665 ], [ 74.579166666666666, 18.259166666666665 ], [ 74.579166666666666, 18.258333333333333 ], [ 74.58, 18.258333333333333 ], [ 74.58, 18.2575 ], [ 74.580833333333331, 18.2575 ], [ 74.580833333333331, 18.256666666666664 ], [ 74.5825, 18.256666666666664 ], [ 74.5825, 18.254166666666666 ], [ 74.583333333333343, 18.254166666666666 ], [ 74.583333333333343, 18.25333333333333 ], [ 74.584166666666675, 18.25333333333333 ], [ 74.584166666666675, 18.2525 ], [ 74.585833333333341, 18.2525 ], [ 74.585833333333341, 18.251666666666665 ], [ 74.5875, 18.251666666666665 ], [ 74.5875, 18.250833333333333 ], [ 74.59, 18.250833333333333 ], [ 74.59, 18.25 ], [ 74.590833333333336, 18.25 ], [ 74.590833333333336, 18.248333333333331 ], [ 74.5925, 18.248333333333331 ], [ 74.5925, 18.245 ], [ 74.594166666666666, 18.245 ], [ 74.594166666666666, 18.244166666666665 ], [ 74.595, 18.244166666666665 ], [ 74.595, 18.24 ], [ 74.5975, 18.24 ], [ 74.5975, 18.236666666666665 ], [ 74.598333333333343, 18.236666666666665 ], [ 74.598333333333343, 18.235 ], [ 74.599166666666676, 18.235 ], [ 74.599166666666676, 18.234166666666667 ], [ 74.600833333333341, 18.234166666666667 ], [ 74.600833333333341, 18.233333333333331 ], [ 74.601666666666674, 18.233333333333331 ], [ 74.601666666666674, 18.2325 ], [ 74.603333333333339, 18.2325 ], [ 74.603333333333339, 18.231666666666666 ], [ 74.605, 18.231666666666666 ], [ 74.605, 18.230833333333333 ], [ 74.606666666666669, 18.230833333333333 ], [ 74.606666666666669, 18.23 ], [ 74.608333333333334, 18.23 ], [ 74.608333333333334, 18.229166666666664 ], [ 74.611666666666665, 18.229166666666664 ], [ 74.611666666666665, 18.228333333333332 ], [ 74.618333333333339, 18.228333333333332 ], [ 74.618333333333339, 18.2275 ], [ 74.619166666666672, 18.2275 ], [ 74.619166666666672, 18.226666666666667 ], [ 74.624166666666667, 18.226666666666667 ], [ 74.624166666666667, 18.2275 ], [ 74.625, 18.2275 ], [ 74.625, 18.228333333333332 ], [ 74.626666666666665, 18.228333333333332 ], [ 74.6275, 18.228333333333332 ], [ 74.6275, 18.229166666666664 ], [ 74.629166666666677, 18.229166666666664 ], [ 74.629166666666677, 18.228333333333332 ], [ 74.63, 18.228333333333332 ], [ 74.63, 18.2275 ], [ 74.630833333333342, 18.2275 ], [ 74.630833333333342, 18.226666666666667 ], [ 74.631666666666675, 18.226666666666667 ], [ 74.631666666666675, 18.22583333333333 ], [ 74.6325, 18.22583333333333 ], [ 74.6325, 18.225 ], [ 74.63333333333334, 18.225 ], [ 74.63333333333334, 18.22583333333333 ], [ 74.635833333333338, 18.22583333333333 ], [ 74.635833333333338, 18.225 ], [ 74.6375, 18.225 ], [ 74.6375, 18.224166666666665 ], [ 74.638333333333335, 18.224166666666665 ], [ 74.638333333333335, 18.223333333333333 ], [ 74.64, 18.223333333333333 ], [ 74.64, 18.221666666666664 ], [ 74.6425, 18.221666666666664 ], [ 74.6425, 18.220833333333331 ], [ 74.643333333333331, 18.220833333333331 ], [ 74.643333333333331, 18.22 ], [ 74.644166666666678, 18.22 ], [ 74.644166666666678, 18.219166666666666 ], [ 74.643333333333331, 18.219166666666666 ], [ 74.643333333333331, 18.218333333333334 ], [ 74.644166666666678, 18.218333333333334 ], [ 74.644166666666678, 18.2175 ], [ 74.645, 18.2175 ], [ 74.645, 18.215833333333332 ], [ 74.645833333333343, 18.215833333333332 ], [ 74.645833333333343, 18.215 ], [ 74.646666666666675, 18.215 ], [ 74.646666666666675, 18.214166666666664 ], [ 74.6475, 18.214166666666664 ], [ 74.6475, 18.213333333333331 ], [ 74.650833333333338, 18.213333333333331 ], [ 74.650833333333338, 18.214166666666664 ], [ 74.651666666666671, 18.214166666666664 ], [ 74.651666666666671, 18.213333333333331 ], [ 74.655, 18.213333333333331 ], [ 74.655, 18.2125 ], [ 74.655833333333334, 18.2125 ], [ 74.655833333333334, 18.211666666666666 ], [ 74.655, 18.211666666666666 ], [ 74.655, 18.2 ], [ 74.6575, 18.2 ], [ 74.6575, 18.199166666666667 ], [ 74.658333333333331, 18.199166666666667 ], [ 74.658333333333331, 18.198333333333331 ], [ 74.66, 18.198333333333331 ], [ 74.66, 18.1975 ], [ 74.660833333333343, 18.1975 ], [ 74.660833333333343, 18.195833333333333 ], [ 74.661666666666676, 18.195833333333333 ], [ 74.661666666666676, 18.195 ], [ 74.663333333333341, 18.195 ], [ 74.663333333333341, 18.193333333333332 ], [ 74.664166666666674, 18.193333333333332 ], [ 74.664166666666674, 18.1925 ], [ 74.665, 18.1925 ], [ 74.665, 18.191666666666666 ], [ 74.665833333333339, 18.191666666666666 ], [ 74.665833333333339, 18.19 ], [ 74.666666666666671, 18.19 ], [ 74.666666666666671, 18.189166666666665 ], [ 74.6675, 18.189166666666665 ], [ 74.6675, 18.19 ], [ 74.668333333333337, 18.19 ], [ 74.669166666666669, 18.19 ], [ 74.669166666666669, 18.19083333333333 ], [ 74.67, 18.19083333333333 ], [ 74.67, 18.191666666666666 ], [ 74.673333333333332, 18.191666666666666 ], [ 74.674166666666665, 18.191666666666666 ], [ 74.674166666666665, 18.1925 ], [ 74.675, 18.1925 ], [ 74.675, 18.191666666666666 ], [ 74.676666666666677, 18.191666666666666 ], [ 74.676666666666677, 18.19083333333333 ], [ 74.679166666666674, 18.19083333333333 ], [ 74.679166666666674, 18.189166666666665 ], [ 74.68, 18.189166666666665 ], [ 74.68, 18.188333333333333 ], [ 74.680833333333339, 18.188333333333333 ], [ 74.680833333333339, 18.1875 ], [ 74.6825, 18.1875 ], [ 74.6825, 18.186666666666664 ], [ 74.685833333333335, 18.186666666666664 ], [ 74.685833333333335, 18.185833333333331 ], [ 74.6875, 18.185833333333331 ], [ 74.6875, 18.186666666666664 ], [ 74.688333333333333, 18.186666666666664 ], [ 74.688333333333333, 18.185833333333331 ], [ 74.689166666666665, 18.185833333333331 ], [ 74.689166666666665, 18.183333333333334 ], [ 74.69, 18.183333333333334 ], [ 74.69, 18.1825 ], [ 74.69583333333334, 18.1825 ], [ 74.69583333333334, 18.183333333333334 ], [ 74.698333333333338, 18.183333333333334 ], [ 74.698333333333338, 18.1825 ], [ 74.69916666666667, 18.1825 ], [ 74.69916666666667, 18.181666666666665 ], [ 74.7, 18.181666666666665 ], [ 74.7, 18.180833333333332 ], [ 74.701666666666668, 18.180833333333332 ], [ 74.701666666666668, 18.18 ], [ 74.7025, 18.18 ], [ 74.7025, 18.179166666666667 ], [ 74.704166666666666, 18.179166666666667 ], [ 74.704166666666666, 18.178333333333331 ], [ 74.713333333333338, 18.178333333333331 ], [ 74.713333333333338, 18.1775 ], [ 74.716666666666669, 18.1775 ], [ 74.716666666666669, 18.179166666666667 ], [ 74.7175, 18.179166666666667 ], [ 74.7175, 18.1825 ], [ 74.719166666666666, 18.1825 ], [ 74.719166666666666, 18.181666666666665 ], [ 74.7225, 18.181666666666665 ], [ 74.7225, 18.1825 ], [ 74.725, 18.1825 ], [ 74.725, 18.180833333333332 ], [ 74.725833333333341, 18.180833333333332 ], [ 74.725833333333341, 18.18 ], [ 74.726666666666674, 18.18 ], [ 74.726666666666674, 18.179166666666667 ], [ 74.7275, 18.179166666666667 ], [ 74.7275, 18.178333333333331 ], [ 74.730833333333337, 18.178333333333331 ], [ 74.730833333333337, 18.1775 ], [ 74.731666666666669, 18.1775 ], [ 74.731666666666669, 18.176666666666666 ], [ 74.733333333333334, 18.176666666666666 ], [ 74.733333333333334, 18.175833333333333 ], [ 74.734166666666667, 18.175833333333333 ], [ 74.734166666666667, 18.176666666666666 ], [ 74.7375, 18.176666666666666 ], [ 74.7375, 18.175833333333333 ], [ 74.738333333333344, 18.175833333333333 ], [ 74.738333333333344, 18.175 ], [ 74.7425, 18.175 ], [ 74.7425, 18.176666666666666 ], [ 74.743333333333339, 18.176666666666666 ], [ 74.743333333333339, 18.1775 ], [ 74.74666666666667, 18.1775 ], [ 74.74666666666667, 18.176666666666666 ], [ 74.7475, 18.176666666666666 ], [ 74.7475, 18.1775 ], [ 74.749166666666667, 18.1775 ], [ 74.749166666666667, 18.176666666666666 ], [ 74.75, 18.176666666666666 ], [ 74.75, 18.175833333333333 ], [ 74.7525, 18.175833333333333 ], [ 74.7525, 18.174166666666665 ], [ 74.751666666666665, 18.174166666666665 ], [ 74.751666666666665, 18.1725 ], [ 74.7525, 18.1725 ], [ 74.7525, 18.170833333333331 ], [ 74.753333333333345, 18.170833333333331 ], [ 74.753333333333345, 18.17 ], [ 74.755, 18.17 ], [ 74.755, 18.169166666666666 ], [ 74.755833333333342, 18.169166666666666 ], [ 74.755833333333342, 18.168333333333333 ], [ 74.756666666666675, 18.168333333333333 ], [ 74.756666666666675, 18.169166666666666 ], [ 74.7575, 18.169166666666666 ], [ 74.7575, 18.168333333333333 ], [ 74.759166666666673, 18.168333333333333 ], [ 74.759166666666673, 18.166666666666664 ], [ 74.760833333333338, 18.166666666666664 ], [ 74.760833333333338, 18.165833333333332 ], [ 74.76166666666667, 18.165833333333332 ], [ 74.76166666666667, 18.165 ], [ 74.7625, 18.165 ], [ 74.7625, 18.164166666666667 ], [ 74.763333333333335, 18.164166666666667 ], [ 74.763333333333335, 18.16333333333333 ], [ 74.764166666666668, 18.16333333333333 ], [ 74.764166666666668, 18.161666666666665 ], [ 74.766666666666666, 18.161666666666665 ], [ 74.766666666666666, 18.1625 ], [ 74.7675, 18.1625 ], [ 74.7675, 18.16333333333333 ], [ 74.769166666666678, 18.16333333333333 ], [ 74.77, 18.16333333333333 ], [ 74.77, 18.164166666666667 ], [ 74.770833333333343, 18.164166666666667 ], [ 74.771666666666675, 18.164166666666667 ], [ 74.771666666666675, 18.165 ], [ 74.774166666666673, 18.165 ], [ 74.774166666666673, 18.164166666666667 ], [ 74.775, 18.164166666666667 ], [ 74.775, 18.1625 ], [ 74.775833333333338, 18.1625 ], [ 74.775833333333338, 18.161666666666665 ], [ 74.775, 18.161666666666665 ], [ 74.775, 18.160833333333333 ], [ 74.775833333333338, 18.160833333333333 ], [ 74.775833333333338, 18.158333333333331 ], [ 74.779166666666669, 18.158333333333331 ], [ 74.779166666666669, 18.1575 ], [ 74.78, 18.1575 ], [ 74.78, 18.156666666666666 ], [ 74.781666666666666, 18.156666666666666 ], [ 74.781666666666666, 18.155833333333334 ], [ 74.7825, 18.155833333333334 ], [ 74.7825, 18.156666666666666 ], [ 74.783333333333331, 18.156666666666666 ], [ 74.783333333333331, 18.155833333333334 ], [ 74.786666666666676, 18.155833333333334 ], [ 74.786666666666676, 18.155 ], [ 74.7875, 18.155 ], [ 74.7875, 18.155833333333334 ], [ 74.788333333333341, 18.155833333333334 ], [ 74.788333333333341, 18.155 ], [ 74.79, 18.155 ], [ 74.79, 18.155833333333334 ], [ 74.791666666666671, 18.155833333333334 ], [ 74.791666666666671, 18.155 ], [ 74.793333333333337, 18.155 ], [ 74.793333333333337, 18.154166666666665 ], [ 74.794166666666669, 18.154166666666665 ], [ 74.794166666666669, 18.153333333333332 ], [ 74.793333333333337, 18.153333333333332 ], [ 74.793333333333337, 18.1525 ], [ 74.794166666666669, 18.1525 ], [ 74.794166666666669, 18.151666666666664 ], [ 74.7975, 18.151666666666664 ], [ 74.7975, 18.146666666666665 ], [ 74.799166666666665, 18.146666666666665 ], [ 74.799166666666665, 18.145833333333332 ], [ 74.801666666666677, 18.145833333333332 ], [ 74.801666666666677, 18.145 ], [ 74.804166666666674, 18.145 ], [ 74.804166666666674, 18.144166666666667 ], [ 74.805, 18.144166666666667 ], [ 74.805, 18.143333333333331 ], [ 74.80916666666667, 18.143333333333331 ], [ 74.80916666666667, 18.144166666666667 ], [ 74.8125, 18.144166666666667 ], [ 74.813333333333333, 18.144166666666667 ], [ 74.813333333333333, 18.145 ], [ 74.814166666666665, 18.145 ], [ 74.814166666666665, 18.145833333333332 ], [ 74.815, 18.145833333333332 ], [ 74.815, 18.146666666666665 ], [ 74.815833333333345, 18.146666666666665 ], [ 74.815833333333345, 18.1475 ], [ 74.816666666666677, 18.1475 ], [ 74.816666666666677, 18.15 ], [ 74.8175, 18.15 ], [ 74.818333333333342, 18.15 ], [ 74.818333333333342, 18.150833333333331 ], [ 74.819166666666675, 18.150833333333331 ], [ 74.819166666666675, 18.151666666666664 ], [ 74.82, 18.151666666666664 ], [ 74.82, 18.153333333333332 ], [ 74.8225, 18.153333333333332 ], [ 74.823333333333338, 18.153333333333332 ], [ 74.823333333333338, 18.154166666666665 ], [ 74.82416666666667, 18.154166666666665 ], [ 74.825, 18.154166666666665 ], [ 74.825, 18.155 ], [ 74.825833333333335, 18.155 ], [ 74.826666666666668, 18.155 ], [ 74.826666666666668, 18.155833333333334 ], [ 74.828333333333333, 18.155833333333334 ], [ 74.828333333333333, 18.155 ], [ 74.83, 18.155 ], [ 74.83, 18.154166666666665 ], [ 74.830833333333331, 18.154166666666665 ], [ 74.830833333333331, 18.155 ], [ 74.8325, 18.155 ], [ 74.8325, 18.154166666666665 ], [ 74.834166666666675, 18.154166666666665 ], [ 74.834166666666675, 18.153333333333332 ], [ 74.835833333333341, 18.153333333333332 ], [ 74.835833333333341, 18.1525 ], [ 74.8375, 18.1525 ], [ 74.8375, 18.151666666666664 ], [ 74.838333333333338, 18.151666666666664 ], [ 74.838333333333338, 18.1525 ], [ 74.840833333333336, 18.1525 ], [ 74.841666666666669, 18.1525 ], [ 74.841666666666669, 18.154166666666665 ], [ 74.8425, 18.154166666666665 ], [ 74.843333333333334, 18.154166666666665 ], [ 74.843333333333334, 18.155 ], [ 74.845833333333331, 18.155 ], [ 74.845833333333331, 18.153333333333332 ], [ 74.8475, 18.153333333333332 ], [ 74.8475, 18.1525 ], [ 74.848333333333343, 18.1525 ], [ 74.848333333333343, 18.151666666666664 ], [ 74.85, 18.151666666666664 ], [ 74.85, 18.150833333333331 ], [ 74.850833333333341, 18.150833333333331 ], [ 74.850833333333341, 18.15 ], [ 74.851666666666674, 18.15 ], [ 74.851666666666674, 18.149166666666666 ], [ 74.8525, 18.149166666666666 ], [ 74.8525, 18.148333333333333 ], [ 74.855, 18.148333333333333 ], [ 74.855, 18.1475 ], [ 74.8575, 18.1475 ], [ 74.8575, 18.145833333333332 ], [ 74.86, 18.145833333333332 ], [ 74.86, 18.145 ], [ 74.860833333333332, 18.145 ], [ 74.860833333333332, 18.144166666666667 ], [ 74.861666666666665, 18.144166666666667 ], [ 74.861666666666665, 18.143333333333331 ], [ 74.8625, 18.143333333333331 ], [ 74.8625, 18.1425 ], [ 74.863333333333344, 18.1425 ], [ 74.863333333333344, 18.141666666666666 ], [ 74.866666666666674, 18.141666666666666 ], [ 74.866666666666674, 18.140833333333333 ], [ 74.8675, 18.140833333333333 ], [ 74.8675, 18.14 ], [ 74.868333333333339, 18.14 ], [ 74.868333333333339, 18.140833333333333 ], [ 74.869166666666672, 18.140833333333333 ], [ 74.869166666666672, 18.141666666666666 ], [ 74.87, 18.141666666666666 ], [ 74.87, 18.145 ], [ 74.870833333333337, 18.145 ], [ 74.870833333333337, 18.145833333333332 ], [ 74.87166666666667, 18.145833333333332 ], [ 74.87166666666667, 18.146666666666665 ], [ 74.8725, 18.146666666666665 ], [ 74.8725, 18.1475 ], [ 74.874166666666667, 18.1475 ], [ 74.875, 18.1475 ], [ 74.875, 18.148333333333333 ], [ 74.875833333333333, 18.148333333333333 ], [ 74.875833333333333, 18.149166666666666 ], [ 74.876666666666665, 18.149166666666666 ], [ 74.876666666666665, 18.148333333333333 ], [ 74.878333333333345, 18.148333333333333 ], [ 74.878333333333345, 18.146666666666665 ], [ 74.88, 18.146666666666665 ], [ 74.88, 18.1475 ], [ 74.881666666666675, 18.1475 ], [ 74.881666666666675, 18.146666666666665 ], [ 74.8825, 18.146666666666665 ], [ 74.8825, 18.145833333333332 ], [ 74.88333333333334, 18.145833333333332 ], [ 74.88333333333334, 18.145 ], [ 74.88666666666667, 18.145 ], [ 74.88666666666667, 18.144166666666667 ], [ 74.8875, 18.144166666666667 ], [ 74.8875, 18.143333333333331 ], [ 74.888333333333335, 18.143333333333331 ], [ 74.888333333333335, 18.1425 ], [ 74.89, 18.1425 ], [ 74.89, 18.141666666666666 ], [ 74.8925, 18.141666666666666 ], [ 74.8925, 18.138333333333332 ], [ 74.893333333333331, 18.138333333333332 ], [ 74.893333333333331, 18.135833333333331 ], [ 74.894166666666678, 18.135833333333331 ], [ 74.894166666666678, 18.1325 ], [ 74.895, 18.1325 ], [ 74.895, 18.131666666666664 ], [ 74.8975, 18.131666666666664 ], [ 74.8975, 18.130833333333332 ], [ 74.898333333333341, 18.130833333333332 ], [ 74.898333333333341, 18.129166666666666 ], [ 74.899166666666673, 18.129166666666666 ], [ 74.899166666666673, 18.12833333333333 ], [ 74.900833333333338, 18.12833333333333 ], [ 74.900833333333338, 18.1275 ], [ 74.901666666666671, 18.1275 ], [ 74.901666666666671, 18.129166666666666 ], [ 74.9025, 18.129166666666666 ], [ 74.9025, 18.13 ], [ 74.903333333333336, 18.13 ], [ 74.903333333333336, 18.130833333333332 ], [ 74.906666666666666, 18.130833333333332 ], [ 74.9075, 18.130833333333332 ], [ 74.9075, 18.131666666666664 ], [ 74.910833333333343, 18.131666666666664 ], [ 74.910833333333343, 18.130833333333332 ], [ 74.911666666666676, 18.130833333333332 ], [ 74.911666666666676, 18.13 ], [ 74.913333333333341, 18.13 ], [ 74.913333333333341, 18.129166666666666 ], [ 74.914166666666674, 18.129166666666666 ], [ 74.914166666666674, 18.1275 ], [ 74.915, 18.1275 ], [ 74.915, 18.126666666666665 ], [ 74.915833333333339, 18.126666666666665 ], [ 74.915833333333339, 18.125833333333333 ], [ 74.92, 18.125833333333333 ], [ 74.92, 18.125 ], [ 74.920833333333334, 18.125 ], [ 74.920833333333334, 18.124166666666664 ], [ 74.921666666666667, 18.124166666666664 ], [ 74.921666666666667, 18.123333333333331 ], [ 74.9225, 18.123333333333331 ], [ 74.9225, 18.1225 ], [ 74.924166666666665, 18.1225 ], [ 74.924166666666665, 18.121666666666666 ], [ 74.926666666666677, 18.121666666666666 ], [ 74.926666666666677, 18.120833333333334 ], [ 74.928333333333342, 18.120833333333334 ], [ 74.928333333333342, 18.121666666666666 ], [ 74.929166666666674, 18.121666666666666 ], [ 74.93, 18.121666666666666 ], [ 74.93, 18.1225 ], [ 74.930833333333339, 18.1225 ], [ 74.930833333333339, 18.123333333333331 ], [ 74.933333333333337, 18.123333333333331 ], [ 74.933333333333337, 18.1225 ], [ 74.93416666666667, 18.1225 ], [ 74.93416666666667, 18.121666666666666 ], [ 74.935, 18.121666666666666 ], [ 74.935, 18.119166666666665 ], [ 74.935833333333335, 18.119166666666665 ], [ 74.935833333333335, 18.118333333333332 ], [ 74.936666666666667, 18.118333333333332 ], [ 74.936666666666667, 18.115833333333331 ], [ 74.9375, 18.115833333333331 ], [ 74.9375, 18.113333333333333 ], [ 74.939166666666665, 18.113333333333333 ], [ 74.939166666666665, 18.1125 ], [ 74.938333333333333, 18.1125 ], [ 74.938333333333333, 18.111666666666665 ], [ 74.939166666666665, 18.111666666666665 ], [ 74.939166666666665, 18.110833333333332 ], [ 74.94, 18.110833333333332 ], [ 74.94, 18.108333333333331 ], [ 74.940833333333345, 18.108333333333331 ], [ 74.940833333333345, 18.1075 ], [ 74.9425, 18.1075 ], [ 74.9425, 18.106666666666666 ], [ 74.944166666666675, 18.106666666666666 ], [ 74.944166666666675, 18.105833333333333 ], [ 74.945, 18.105833333333333 ], [ 74.945, 18.105 ], [ 74.94583333333334, 18.105 ], [ 74.94583333333334, 18.096666666666664 ], [ 74.9475, 18.096666666666664 ], [ 74.9475, 18.094166666666666 ], [ 74.946666666666673, 18.094166666666666 ], [ 74.946666666666673, 18.090833333333332 ], [ 74.9475, 18.090833333333332 ], [ 74.9475, 18.089166666666664 ], [ 74.950833333333335, 18.089166666666664 ], [ 74.950833333333335, 18.088333333333331 ], [ 74.951666666666668, 18.088333333333331 ], [ 74.951666666666668, 18.085 ], [ 74.9525, 18.085 ], [ 74.9525, 18.081666666666667 ], [ 74.953333333333333, 18.081666666666667 ], [ 74.953333333333333, 18.08 ], [ 74.954166666666666, 18.08 ], [ 74.954166666666666, 18.079166666666666 ], [ 74.955, 18.079166666666666 ], [ 74.955, 18.0775 ], [ 74.955833333333331, 18.0775 ], [ 74.955833333333331, 18.075833333333332 ], [ 74.956666666666678, 18.075833333333332 ], [ 74.956666666666678, 18.075 ], [ 74.955833333333331, 18.075 ], [ 74.955833333333331, 18.074166666666667 ], [ 74.955, 18.074166666666667 ], [ 74.955, 18.073333333333331 ], [ 74.954166666666666, 18.073333333333331 ], [ 74.954166666666666, 18.070833333333333 ], [ 74.955833333333331, 18.070833333333333 ], [ 74.955833333333331, 18.069166666666664 ], [ 74.956666666666678, 18.069166666666664 ], [ 74.956666666666678, 18.068333333333332 ], [ 74.955833333333331, 18.068333333333332 ], [ 74.955833333333331, 18.064166666666665 ], [ 74.956666666666678, 18.064166666666665 ], [ 74.956666666666678, 18.063333333333333 ], [ 74.9575, 18.063333333333333 ], [ 74.9575, 18.061666666666664 ], [ 74.958333333333343, 18.061666666666664 ], [ 74.958333333333343, 18.058333333333334 ], [ 74.960833333333341, 18.058333333333334 ], [ 74.960833333333341, 18.0575 ], [ 74.961666666666673, 18.0575 ], [ 74.961666666666673, 18.056666666666665 ], [ 74.9625, 18.056666666666665 ], [ 74.9625, 18.055833333333332 ], [ 74.963333333333338, 18.055833333333332 ], [ 74.963333333333338, 18.053333333333331 ], [ 74.9625, 18.053333333333331 ], [ 74.9625, 18.0525 ], [ 74.961666666666673, 18.0525 ], [ 74.961666666666673, 18.051666666666666 ], [ 74.9625, 18.051666666666666 ], [ 74.9625, 18.050833333333333 ], [ 74.961666666666673, 18.050833333333333 ], [ 74.961666666666673, 18.05 ], [ 74.960833333333341, 18.05 ], [ 74.960833333333341, 18.048333333333332 ], [ 74.96, 18.048333333333332 ], [ 74.96, 18.046666666666667 ], [ 74.959166666666675, 18.046666666666667 ], [ 74.958333333333343, 18.046666666666667 ], [ 74.958333333333343, 18.045 ], [ 74.9575, 18.045 ], [ 74.9575, 18.044166666666666 ], [ 74.956666666666678, 18.044166666666666 ], [ 74.956666666666678, 18.043333333333333 ], [ 74.955833333333331, 18.043333333333333 ], [ 74.954166666666666, 18.043333333333333 ], [ 74.954166666666666, 18.0425 ], [ 74.953333333333333, 18.0425 ], [ 74.950833333333335, 18.0425 ], [ 74.950833333333335, 18.040833333333332 ], [ 74.95, 18.040833333333332 ], [ 74.94916666666667, 18.040833333333332 ], [ 74.94916666666667, 18.04 ], [ 74.948333333333338, 18.04 ], [ 74.948333333333338, 18.036666666666665 ], [ 74.94916666666667, 18.036666666666665 ], [ 74.94916666666667, 18.035833333333333 ], [ 74.95, 18.035833333333333 ], [ 74.95, 18.035 ], [ 74.94916666666667, 18.035 ], [ 74.94916666666667, 18.030833333333334 ], [ 74.948333333333338, 18.030833333333334 ], [ 74.948333333333338, 18.023333333333333 ], [ 74.94916666666667, 18.023333333333333 ], [ 74.94916666666667, 18.0225 ], [ 74.948333333333338, 18.0225 ], [ 74.948333333333338, 18.015833333333333 ], [ 74.94916666666667, 18.015833333333333 ], [ 74.94916666666667, 18.014166666666664 ], [ 74.95, 18.014166666666664 ], [ 74.95, 18.013333333333332 ], [ 74.950833333333335, 18.013333333333332 ], [ 74.950833333333335, 18.0125 ], [ 74.95, 18.0125 ], [ 74.948333333333338, 18.0125 ], [ 74.948333333333338, 18.01 ], [ 74.9475, 18.01 ], [ 74.9475, 18.009166666666665 ], [ 74.946666666666673, 18.009166666666665 ], [ 74.94583333333334, 18.009166666666665 ], [ 74.94583333333334, 18.008333333333333 ], [ 74.945, 18.008333333333333 ], [ 74.945, 18.0075 ], [ 74.944166666666675, 18.0075 ], [ 74.943333333333342, 18.0075 ], [ 74.943333333333342, 17.999166666666664 ], [ 74.944166666666675, 17.999166666666664 ], [ 74.944166666666675, 17.995833333333334 ], [ 74.943333333333342, 17.995833333333334 ], [ 74.943333333333342, 17.994166666666665 ], [ 74.944166666666675, 17.994166666666665 ], [ 74.944166666666675, 17.993333333333332 ], [ 74.945, 17.993333333333332 ], [ 74.945, 17.991666666666667 ], [ 74.94583333333334, 17.991666666666667 ], [ 74.94583333333334, 17.990833333333331 ], [ 74.9475, 17.990833333333331 ], [ 74.9475, 17.989166666666666 ], [ 74.94916666666667, 17.989166666666666 ], [ 74.94916666666667, 17.9875 ], [ 74.950833333333335, 17.9875 ], [ 74.950833333333335, 17.984166666666667 ], [ 74.95, 17.984166666666667 ], [ 74.95, 17.983333333333331 ], [ 74.950833333333335, 17.983333333333331 ], [ 74.950833333333335, 17.9825 ], [ 74.951666666666668, 17.9825 ], [ 74.951666666666668, 17.980833333333333 ], [ 74.9525, 17.980833333333333 ], [ 74.9525, 17.98 ], [ 74.951666666666668, 17.98 ], [ 74.951666666666668, 17.979166666666664 ], [ 74.9525, 17.979166666666664 ], [ 74.9525, 17.978333333333332 ], [ 74.951666666666668, 17.978333333333332 ], [ 74.951666666666668, 17.976666666666667 ], [ 74.950833333333335, 17.976666666666667 ], [ 74.950833333333335, 17.9725 ], [ 74.95, 17.9725 ], [ 74.95, 17.970833333333331 ], [ 74.94916666666667, 17.970833333333331 ], [ 74.94916666666667, 17.969166666666666 ], [ 74.95, 17.969166666666666 ], [ 74.95, 17.968333333333334 ], [ 74.950833333333335, 17.968333333333334 ], [ 74.950833333333335, 17.969166666666666 ], [ 74.951666666666668, 17.969166666666666 ], [ 74.951666666666668, 17.97 ], [ 74.953333333333333, 17.97 ], [ 74.953333333333333, 17.969166666666666 ], [ 74.954166666666666, 17.969166666666666 ], [ 74.954166666666666, 17.97 ], [ 74.955, 17.97 ], [ 74.955, 17.969166666666666 ], [ 74.955833333333331, 17.969166666666666 ], [ 74.955833333333331, 17.968333333333334 ], [ 74.956666666666678, 17.968333333333334 ], [ 74.956666666666678, 17.9675 ], [ 74.96, 17.9675 ], [ 74.96, 17.966666666666665 ], [ 74.960833333333341, 17.966666666666665 ], [ 74.960833333333341, 17.965833333333332 ], [ 74.961666666666673, 17.965833333333332 ], [ 74.961666666666673, 17.965 ], [ 74.963333333333338, 17.965 ], [ 74.963333333333338, 17.964166666666664 ], [ 74.964166666666671, 17.964166666666664 ], [ 74.964166666666671, 17.963333333333331 ], [ 74.965, 17.963333333333331 ], [ 74.965, 17.9625 ], [ 74.9675, 17.9625 ], [ 74.9675, 17.960833333333333 ], [ 74.968333333333334, 17.960833333333333 ], [ 74.968333333333334, 17.96 ], [ 74.9675, 17.96 ], [ 74.9675, 17.9575 ], [ 74.968333333333334, 17.9575 ], [ 74.968333333333334, 17.954166666666666 ], [ 74.969166666666666, 17.954166666666666 ], [ 74.969166666666666, 17.95 ], [ 74.971666666666664, 17.95 ], [ 74.971666666666664, 17.949166666666667 ], [ 74.974166666666676, 17.949166666666667 ], [ 74.974166666666676, 17.948333333333331 ], [ 74.976666666666674, 17.948333333333331 ], [ 74.976666666666674, 17.949166666666667 ], [ 74.978333333333339, 17.949166666666667 ], [ 74.978333333333339, 17.948333333333331 ], [ 74.980833333333337, 17.948333333333331 ], [ 74.980833333333337, 17.9475 ], [ 74.9825, 17.9475 ], [ 74.9825, 17.946666666666665 ], [ 74.983333333333334, 17.946666666666665 ], [ 74.983333333333334, 17.945 ], [ 74.985833333333332, 17.945 ], [ 74.985833333333332, 17.944166666666664 ], [ 74.9875, 17.944166666666664 ], [ 74.9875, 17.9425 ], [ 74.99, 17.9425 ], [ 74.99, 17.94083333333333 ], [ 74.990833333333342, 17.94083333333333 ], [ 74.990833333333342, 17.94 ], [ 74.994166666666672, 17.94 ], [ 74.994166666666672, 17.939166666666665 ], [ 74.995, 17.939166666666665 ], [ 74.995, 17.94 ], [ 74.995833333333337, 17.94 ], [ 74.995833333333337, 17.939166666666665 ], [ 74.99666666666667, 17.939166666666665 ], [ 74.99666666666667, 17.938333333333333 ], [ 74.998333333333335, 17.938333333333333 ], [ 74.998333333333335, 17.936666666666664 ], [ 75.000833333333333, 17.936666666666664 ], [ 75.000833333333333, 17.935833333333331 ], [ 75.001666666666665, 17.935833333333331 ], [ 75.001666666666665, 17.935 ], [ 75.005833333333342, 17.935 ], [ 75.005833333333342, 17.935833333333331 ], [ 75.006666666666675, 17.935833333333331 ], [ 75.0075, 17.935833333333331 ], [ 75.0075, 17.936666666666664 ], [ 75.00833333333334, 17.936666666666664 ], [ 75.00833333333334, 17.935833333333331 ], [ 75.01, 17.935833333333331 ], [ 75.01, 17.935 ], [ 75.010833333333338, 17.935 ], [ 75.010833333333338, 17.934166666666666 ], [ 75.015833333333333, 17.934166666666666 ], [ 75.015833333333333, 17.933333333333334 ], [ 75.015, 17.933333333333334 ], [ 75.015, 17.9325 ], [ 75.014166666666668, 17.9325 ], [ 75.014166666666668, 17.930833333333332 ], [ 75.015, 17.930833333333332 ], [ 75.015, 17.93 ], [ 75.015833333333333, 17.93 ], [ 75.015833333333333, 17.9275 ], [ 75.015, 17.9275 ], [ 75.015, 17.925833333333333 ], [ 75.014166666666668, 17.925833333333333 ], [ 75.014166666666668, 17.920833333333331 ], [ 75.015, 17.920833333333331 ], [ 75.015, 17.9175 ], [ 75.014166666666668, 17.9175 ], [ 75.014166666666668, 17.916666666666664 ], [ 75.013333333333335, 17.916666666666664 ], [ 75.013333333333335, 17.915833333333332 ], [ 75.0125, 17.915833333333332 ], [ 75.0125, 17.915 ], [ 75.01166666666667, 17.915 ], [ 75.01166666666667, 17.914166666666667 ], [ 75.010833333333338, 17.914166666666667 ], [ 75.010833333333338, 17.91333333333333 ], [ 75.01166666666667, 17.91333333333333 ], [ 75.01166666666667, 17.9125 ], [ 75.010833333333338, 17.9125 ], [ 75.010833333333338, 17.911666666666665 ], [ 75.01, 17.911666666666665 ], [ 75.01, 17.908333333333331 ], [ 75.009166666666673, 17.908333333333331 ], [ 75.009166666666673, 17.9075 ], [ 75.00833333333334, 17.9075 ], [ 75.00833333333334, 17.905833333333334 ], [ 75.009166666666673, 17.905833333333334 ], [ 75.009166666666673, 17.903333333333332 ], [ 75.00833333333334, 17.903333333333332 ], [ 75.00833333333334, 17.900833333333331 ], [ 75.0075, 17.900833333333331 ], [ 75.005833333333342, 17.900833333333331 ], [ 75.005833333333342, 17.9 ], [ 75.005, 17.9 ], [ 75.004166666666677, 17.9 ], [ 75.004166666666677, 17.899166666666666 ], [ 75.003333333333345, 17.899166666666666 ], [ 75.003333333333345, 17.898333333333333 ], [ 75.0025, 17.898333333333333 ], [ 75.0025, 17.8975 ], [ 75.001666666666665, 17.8975 ], [ 75.001666666666665, 17.896666666666665 ], [ 75.000833333333333, 17.896666666666665 ], [ 75.000833333333333, 17.893333333333331 ], [ 75.0, 17.893333333333331 ], [ 75.0, 17.89 ], [ 75.000833333333333, 17.89 ], [ 75.000833333333333, 17.885 ], [ 75.0, 17.885 ], [ 75.0, 17.881666666666664 ], [ 74.999166666666667, 17.881666666666664 ], [ 74.999166666666667, 17.880833333333332 ], [ 74.998333333333335, 17.880833333333332 ], [ 74.998333333333335, 17.8775 ], [ 74.9975, 17.8775 ], [ 74.9975, 17.875 ], [ 74.99666666666667, 17.875 ], [ 74.99666666666667, 17.874166666666664 ], [ 74.995833333333337, 17.874166666666664 ], [ 74.995833333333337, 17.873333333333331 ], [ 74.995, 17.873333333333331 ], [ 74.995, 17.8725 ], [ 74.994166666666672, 17.8725 ], [ 74.994166666666672, 17.871666666666666 ], [ 74.993333333333339, 17.871666666666666 ], [ 74.993333333333339, 17.870833333333334 ], [ 74.9925, 17.870833333333334 ], [ 74.9925, 17.87 ], [ 74.991666666666674, 17.87 ], [ 74.991666666666674, 17.865833333333331 ], [ 74.990833333333342, 17.865833333333331 ], [ 74.990833333333342, 17.865 ], [ 74.991666666666674, 17.865 ], [ 74.991666666666674, 17.861666666666665 ], [ 74.9925, 17.861666666666665 ], [ 74.9925, 17.86 ], [ 74.991666666666674, 17.86 ], [ 74.990833333333342, 17.86 ], [ 74.990833333333342, 17.859166666666667 ], [ 74.991666666666674, 17.859166666666667 ], [ 74.991666666666674, 17.856666666666666 ], [ 74.9925, 17.856666666666666 ], [ 74.9925, 17.855 ], [ 74.993333333333339, 17.855 ], [ 74.993333333333339, 17.854166666666664 ], [ 74.994166666666672, 17.854166666666664 ], [ 74.994166666666672, 17.853333333333332 ], [ 74.995, 17.853333333333332 ], [ 74.995, 17.85083333333333 ], [ 74.99666666666667, 17.85083333333333 ], [ 74.99666666666667, 17.8475 ], [ 74.995833333333337, 17.8475 ], [ 74.995833333333337, 17.846666666666664 ], [ 74.995, 17.846666666666664 ], [ 74.995, 17.845833333333331 ], [ 74.994166666666672, 17.845833333333331 ], [ 74.994166666666672, 17.840833333333332 ], [ 74.993333333333339, 17.840833333333332 ], [ 74.993333333333339, 17.84 ], [ 74.9925, 17.84 ], [ 74.9925, 17.835833333333333 ], [ 74.991666666666674, 17.835833333333333 ], [ 74.991666666666674, 17.8325 ], [ 74.990833333333342, 17.8325 ], [ 74.990833333333342, 17.831666666666667 ], [ 74.99, 17.831666666666667 ], [ 74.99, 17.83 ], [ 74.989166666666677, 17.83 ], [ 74.989166666666677, 17.825833333333332 ], [ 74.99, 17.825833333333332 ], [ 74.99, 17.8225 ], [ 74.989166666666677, 17.8225 ], [ 74.989166666666677, 17.82 ], [ 74.988333333333344, 17.82 ], [ 74.9875, 17.82 ], [ 74.9875, 17.816666666666666 ], [ 74.989166666666677, 17.816666666666666 ], [ 74.989166666666677, 17.815 ], [ 74.99, 17.815 ], [ 74.99, 17.8125 ], [ 74.990833333333342, 17.8125 ], [ 74.990833333333342, 17.810833333333331 ], [ 74.99, 17.810833333333331 ], [ 74.99, 17.808333333333334 ], [ 74.989166666666677, 17.808333333333334 ], [ 74.989166666666677, 17.806666666666665 ], [ 74.988333333333344, 17.806666666666665 ], [ 74.9875, 17.806666666666665 ], [ 74.9875, 17.805833333333332 ], [ 74.986666666666665, 17.805833333333332 ], [ 74.986666666666665, 17.805 ], [ 74.985833333333332, 17.805 ], [ 74.985833333333332, 17.8025 ], [ 74.985, 17.8025 ], [ 74.985, 17.800833333333333 ], [ 74.984166666666667, 17.800833333333333 ], [ 74.984166666666667, 17.8 ], [ 74.983333333333334, 17.8 ], [ 74.9825, 17.8 ], [ 74.9825, 17.799166666666665 ], [ 74.981666666666669, 17.799166666666665 ], [ 74.981666666666669, 17.796666666666667 ], [ 74.980833333333337, 17.796666666666667 ], [ 74.980833333333337, 17.795833333333331 ], [ 74.98, 17.795833333333331 ], [ 74.98, 17.795 ], [ 74.979166666666671, 17.795 ], [ 74.979166666666671, 17.794166666666666 ], [ 74.978333333333339, 17.794166666666666 ], [ 74.976666666666674, 17.794166666666666 ], [ 74.976666666666674, 17.793333333333333 ], [ 74.9725, 17.793333333333333 ], [ 74.9725, 17.794166666666666 ], [ 74.970833333333331, 17.794166666666666 ], [ 74.970833333333331, 17.793333333333333 ], [ 74.97, 17.793333333333333 ], [ 74.97, 17.7925 ], [ 74.969166666666666, 17.7925 ], [ 74.968333333333334, 17.7925 ], [ 74.968333333333334, 17.791666666666664 ], [ 74.9675, 17.791666666666664 ], [ 74.965, 17.791666666666664 ], [ 74.965, 17.790833333333332 ], [ 74.9625, 17.790833333333332 ], [ 74.9625, 17.791666666666664 ], [ 74.960833333333341, 17.791666666666664 ], [ 74.960833333333341, 17.7925 ], [ 74.96, 17.7925 ], [ 74.96, 17.791666666666664 ], [ 74.959166666666675, 17.791666666666664 ], [ 74.959166666666675, 17.790833333333332 ], [ 74.958333333333343, 17.790833333333332 ], [ 74.958333333333343, 17.79 ], [ 74.9575, 17.79 ], [ 74.9575, 17.789166666666667 ], [ 74.956666666666678, 17.789166666666667 ], [ 74.956666666666678, 17.79 ], [ 74.955, 17.79 ], [ 74.955, 17.789166666666667 ], [ 74.954166666666666, 17.789166666666667 ], [ 74.954166666666666, 17.79 ], [ 74.953333333333333, 17.79 ], [ 74.953333333333333, 17.7875 ], [ 74.9525, 17.7875 ], [ 74.9525, 17.786666666666665 ], [ 74.951666666666668, 17.786666666666665 ], [ 74.951666666666668, 17.785833333333333 ], [ 74.94916666666667, 17.785833333333333 ], [ 74.94916666666667, 17.786666666666665 ], [ 74.948333333333338, 17.786666666666665 ], [ 74.948333333333338, 17.7875 ], [ 74.94583333333334, 17.7875 ], [ 74.94583333333334, 17.78833333333333 ], [ 74.945, 17.78833333333333 ], [ 74.945, 17.789166666666667 ], [ 74.944166666666675, 17.789166666666667 ], [ 74.944166666666675, 17.79 ], [ 74.941666666666677, 17.79 ], [ 74.941666666666677, 17.790833333333332 ], [ 74.938333333333333, 17.790833333333332 ], [ 74.938333333333333, 17.791666666666664 ], [ 74.936666666666667, 17.791666666666664 ], [ 74.936666666666667, 17.7925 ], [ 74.935, 17.7925 ], [ 74.935, 17.791666666666664 ], [ 74.93416666666667, 17.791666666666664 ], [ 74.93416666666667, 17.7925 ], [ 74.9325, 17.7925 ], [ 74.9325, 17.791666666666664 ], [ 74.931666666666672, 17.791666666666664 ], [ 74.931666666666672, 17.793333333333333 ], [ 74.93, 17.793333333333333 ], [ 74.93, 17.794166666666666 ], [ 74.929166666666674, 17.794166666666666 ], [ 74.929166666666674, 17.795833333333331 ], [ 74.9275, 17.795833333333331 ], [ 74.9275, 17.796666666666667 ], [ 74.924166666666665, 17.796666666666667 ], [ 74.924166666666665, 17.7975 ], [ 74.918333333333337, 17.7975 ], [ 74.918333333333337, 17.798333333333332 ], [ 74.915833333333339, 17.798333333333332 ], [ 74.915833333333339, 17.7975 ], [ 74.915, 17.7975 ], [ 74.915, 17.795833333333331 ], [ 74.915833333333339, 17.795833333333331 ], [ 74.915833333333339, 17.795 ], [ 74.915, 17.795 ], [ 74.915, 17.794166666666666 ], [ 74.914166666666674, 17.794166666666666 ], [ 74.913333333333341, 17.794166666666666 ], [ 74.913333333333341, 17.7925 ], [ 74.9125, 17.7925 ], [ 74.9125, 17.790833333333332 ], [ 74.911666666666676, 17.790833333333332 ], [ 74.911666666666676, 17.78833333333333 ], [ 74.910833333333343, 17.78833333333333 ], [ 74.9075, 17.78833333333333 ], [ 74.9075, 17.789166666666667 ], [ 74.906666666666666, 17.789166666666667 ], [ 74.906666666666666, 17.78833333333333 ], [ 74.905833333333334, 17.78833333333333 ], [ 74.905, 17.78833333333333 ], [ 74.905, 17.7875 ], [ 74.904166666666669, 17.7875 ], [ 74.904166666666669, 17.786666666666665 ], [ 74.903333333333336, 17.786666666666665 ], [ 74.903333333333336, 17.785833333333333 ], [ 74.9025, 17.785833333333333 ], [ 74.901666666666671, 17.785833333333333 ], [ 74.901666666666671, 17.785 ], [ 74.900833333333338, 17.785 ], [ 74.899166666666673, 17.785 ], [ 74.899166666666673, 17.783333333333331 ], [ 74.898333333333341, 17.783333333333331 ], [ 74.898333333333341, 17.7825 ], [ 74.8975, 17.7825 ], [ 74.8975, 17.781666666666666 ], [ 74.896666666666675, 17.781666666666666 ], [ 74.895, 17.781666666666666 ], [ 74.895, 17.78 ], [ 74.894166666666678, 17.78 ], [ 74.894166666666678, 17.776666666666664 ], [ 74.893333333333331, 17.776666666666664 ], [ 74.893333333333331, 17.773333333333333 ], [ 74.8925, 17.773333333333333 ], [ 74.8925, 17.770833333333332 ], [ 74.891666666666666, 17.770833333333332 ], [ 74.891666666666666, 17.769166666666667 ], [ 74.890833333333333, 17.769166666666667 ], [ 74.890833333333333, 17.7675 ], [ 74.89, 17.7675 ], [ 74.89, 17.764166666666664 ], [ 74.890833333333333, 17.764166666666664 ], [ 74.890833333333333, 17.763333333333332 ], [ 74.89, 17.763333333333332 ], [ 74.89, 17.7625 ], [ 74.889166666666668, 17.7625 ], [ 74.889166666666668, 17.761666666666667 ], [ 74.888333333333335, 17.761666666666667 ], [ 74.885833333333338, 17.761666666666667 ], [ 74.885833333333338, 17.760833333333331 ], [ 74.88666666666667, 17.760833333333331 ], [ 74.88666666666667, 17.76 ], [ 74.8875, 17.76 ], [ 74.8875, 17.759166666666665 ], [ 74.888333333333335, 17.759166666666665 ], [ 74.888333333333335, 17.7575 ], [ 74.8875, 17.7575 ], [ 74.8875, 17.755833333333332 ], [ 74.88666666666667, 17.755833333333332 ], [ 74.88666666666667, 17.755 ], [ 74.885833333333338, 17.755 ], [ 74.885, 17.755 ], [ 74.885, 17.754166666666666 ], [ 74.884166666666673, 17.754166666666666 ], [ 74.884166666666673, 17.7525 ], [ 74.88333333333334, 17.7525 ], [ 74.88333333333334, 17.751666666666665 ], [ 74.8825, 17.751666666666665 ], [ 74.8825, 17.749166666666664 ], [ 74.881666666666675, 17.749166666666664 ], [ 74.881666666666675, 17.748333333333331 ], [ 74.880833333333342, 17.748333333333331 ], [ 74.880833333333342, 17.7475 ], [ 74.88, 17.7475 ], [ 74.878333333333345, 17.7475 ], [ 74.878333333333345, 17.746666666666666 ], [ 74.8775, 17.746666666666666 ], [ 74.875833333333333, 17.746666666666666 ], [ 74.875833333333333, 17.745833333333334 ], [ 74.875, 17.745833333333334 ], [ 74.875, 17.745 ], [ 74.874166666666667, 17.745 ], [ 74.874166666666667, 17.738333333333333 ], [ 74.873333333333335, 17.738333333333333 ], [ 74.87, 17.738333333333333 ], [ 74.87, 17.7375 ], [ 74.869166666666672, 17.7375 ], [ 74.868333333333339, 17.7375 ], [ 74.868333333333339, 17.736666666666665 ], [ 74.8675, 17.736666666666665 ], [ 74.8675, 17.735 ], [ 74.869166666666672, 17.735 ], [ 74.869166666666672, 17.733333333333331 ], [ 74.868333333333339, 17.733333333333331 ], [ 74.868333333333339, 17.7325 ], [ 74.8675, 17.7325 ], [ 74.8675, 17.73 ], [ 74.866666666666674, 17.73 ], [ 74.866666666666674, 17.729166666666664 ], [ 74.865833333333342, 17.729166666666664 ], [ 74.865, 17.729166666666664 ], [ 74.865, 17.728333333333332 ], [ 74.864166666666677, 17.728333333333332 ], [ 74.8625, 17.728333333333332 ], [ 74.8625, 17.7275 ], [ 74.859166666666667, 17.7275 ], [ 74.859166666666667, 17.728333333333332 ], [ 74.8575, 17.728333333333332 ], [ 74.8575, 17.7275 ], [ 74.856666666666669, 17.7275 ], [ 74.856666666666669, 17.72583333333333 ], [ 74.855833333333337, 17.72583333333333 ], [ 74.855, 17.72583333333333 ], [ 74.855, 17.720833333333331 ], [ 74.854166666666671, 17.720833333333331 ], [ 74.854166666666671, 17.72 ], [ 74.853333333333339, 17.72 ], [ 74.850833333333341, 17.72 ], [ 74.850833333333341, 17.718333333333334 ], [ 74.85, 17.718333333333334 ], [ 74.85, 17.7175 ], [ 74.848333333333343, 17.7175 ], [ 74.848333333333343, 17.718333333333334 ], [ 74.8475, 17.718333333333334 ], [ 74.8475, 17.719166666666666 ], [ 74.846666666666664, 17.719166666666666 ], [ 74.846666666666664, 17.720833333333331 ], [ 74.845833333333331, 17.720833333333331 ], [ 74.845833333333331, 17.7225 ], [ 74.845, 17.7225 ], [ 74.845, 17.726666666666667 ], [ 74.845833333333331, 17.726666666666667 ], [ 74.845833333333331, 17.7275 ], [ 74.846666666666664, 17.7275 ], [ 74.846666666666664, 17.729166666666664 ], [ 74.840833333333336, 17.729166666666664 ], [ 74.840833333333336, 17.7275 ], [ 74.84, 17.7275 ], [ 74.84, 17.726666666666667 ], [ 74.839166666666671, 17.726666666666667 ], [ 74.8375, 17.726666666666667 ], [ 74.8375, 17.723333333333333 ], [ 74.836666666666673, 17.723333333333333 ], [ 74.836666666666673, 17.721666666666664 ], [ 74.835833333333341, 17.721666666666664 ], [ 74.833333333333343, 17.721666666666664 ], [ 74.833333333333343, 17.720833333333331 ], [ 74.8325, 17.720833333333331 ], [ 74.8325, 17.72 ], [ 74.830833333333331, 17.72 ], [ 74.830833333333331, 17.720833333333331 ], [ 74.829166666666666, 17.720833333333331 ], [ 74.829166666666666, 17.723333333333333 ], [ 74.828333333333333, 17.723333333333333 ], [ 74.828333333333333, 17.724166666666665 ], [ 74.8275, 17.724166666666665 ], [ 74.8275, 17.723333333333333 ], [ 74.8225, 17.723333333333333 ], [ 74.8225, 17.724166666666665 ], [ 74.821666666666673, 17.724166666666665 ], [ 74.821666666666673, 17.72583333333333 ], [ 74.82083333333334, 17.72583333333333 ], [ 74.82083333333334, 17.726666666666667 ], [ 74.82, 17.726666666666667 ], [ 74.82, 17.7275 ], [ 74.819166666666675, 17.7275 ], [ 74.819166666666675, 17.726666666666667 ], [ 74.818333333333342, 17.726666666666667 ], [ 74.818333333333342, 17.7275 ], [ 74.816666666666677, 17.7275 ], [ 74.816666666666677, 17.73 ], [ 74.815833333333345, 17.73 ], [ 74.815833333333345, 17.733333333333331 ], [ 74.815, 17.733333333333331 ], [ 74.815, 17.735833333333332 ], [ 74.815833333333345, 17.735833333333332 ], [ 74.815833333333345, 17.738333333333333 ], [ 74.815, 17.738333333333333 ], [ 74.815, 17.74 ], [ 74.815833333333345, 17.74 ], [ 74.815833333333345, 17.740833333333331 ], [ 74.816666666666677, 17.740833333333331 ], [ 74.816666666666677, 17.741666666666667 ], [ 74.819166666666675, 17.741666666666667 ], [ 74.82, 17.741666666666667 ], [ 74.82, 17.7425 ], [ 74.82083333333334, 17.7425 ], [ 74.82083333333334, 17.743333333333332 ], [ 74.821666666666673, 17.743333333333332 ], [ 74.821666666666673, 17.744166666666665 ], [ 74.82083333333334, 17.744166666666665 ], [ 74.82083333333334, 17.745 ], [ 74.818333333333342, 17.745 ], [ 74.818333333333342, 17.745833333333334 ], [ 74.8175, 17.745833333333334 ], [ 74.8175, 17.746666666666666 ], [ 74.816666666666677, 17.746666666666666 ], [ 74.816666666666677, 17.745833333333334 ], [ 74.815833333333345, 17.745833333333334 ], [ 74.815833333333345, 17.746666666666666 ], [ 74.811666666666667, 17.746666666666666 ], [ 74.811666666666667, 17.7475 ], [ 74.810833333333335, 17.7475 ], [ 74.810833333333335, 17.746666666666666 ], [ 74.81, 17.746666666666666 ], [ 74.81, 17.745833333333334 ], [ 74.80916666666667, 17.745833333333334 ], [ 74.80916666666667, 17.744166666666665 ], [ 74.808333333333337, 17.744166666666665 ], [ 74.806666666666672, 17.744166666666665 ], [ 74.806666666666672, 17.743333333333332 ], [ 74.805833333333339, 17.743333333333332 ], [ 74.805, 17.743333333333332 ], [ 74.805, 17.7425 ], [ 74.804166666666674, 17.7425 ], [ 74.804166666666674, 17.743333333333332 ], [ 74.799166666666665, 17.743333333333332 ], [ 74.799166666666665, 17.744166666666665 ], [ 74.795833333333334, 17.744166666666665 ], [ 74.795833333333334, 17.743333333333332 ], [ 74.793333333333337, 17.743333333333332 ], [ 74.793333333333337, 17.744166666666665 ], [ 74.7925, 17.744166666666665 ], [ 74.7925, 17.743333333333332 ], [ 74.790833333333339, 17.743333333333332 ], [ 74.790833333333339, 17.744166666666665 ], [ 74.79, 17.744166666666665 ], [ 74.79, 17.745 ], [ 74.785833333333343, 17.745 ], [ 74.785833333333343, 17.745833333333334 ], [ 74.785, 17.745833333333334 ], [ 74.785, 17.7475 ], [ 74.784166666666664, 17.7475 ], [ 74.784166666666664, 17.748333333333331 ], [ 74.783333333333331, 17.748333333333331 ], [ 74.783333333333331, 17.749166666666664 ], [ 74.781666666666666, 17.749166666666664 ], [ 74.781666666666666, 17.751666666666665 ], [ 74.780833333333334, 17.751666666666665 ], [ 74.780833333333334, 17.7525 ], [ 74.778333333333336, 17.7525 ], [ 74.778333333333336, 17.751666666666665 ], [ 74.7775, 17.751666666666665 ], [ 74.7775, 17.7525 ], [ 74.776666666666671, 17.7525 ], [ 74.776666666666671, 17.751666666666665 ], [ 74.773333333333341, 17.751666666666665 ], [ 74.773333333333341, 17.7525 ], [ 74.77, 17.7525 ], [ 74.77, 17.754166666666666 ], [ 74.769166666666678, 17.754166666666666 ], [ 74.769166666666678, 17.755 ], [ 74.768333333333331, 17.755 ], [ 74.768333333333331, 17.755833333333332 ], [ 74.7675, 17.755833333333332 ], [ 74.7675, 17.755 ], [ 74.766666666666666, 17.755 ], [ 74.766666666666666, 17.754166666666666 ], [ 74.765833333333333, 17.754166666666666 ], [ 74.764166666666668, 17.754166666666666 ], [ 74.764166666666668, 17.7525 ], [ 74.763333333333335, 17.7525 ], [ 74.7625, 17.7525 ], [ 74.7625, 17.751666666666665 ], [ 74.76166666666667, 17.751666666666665 ], [ 74.76166666666667, 17.750833333333333 ], [ 74.760833333333338, 17.750833333333333 ], [ 74.760833333333338, 17.751666666666665 ], [ 74.76, 17.751666666666665 ], [ 74.76, 17.7525 ], [ 74.75833333333334, 17.7525 ], [ 74.75833333333334, 17.75333333333333 ], [ 74.7575, 17.75333333333333 ], [ 74.7575, 17.754166666666666 ], [ 74.755, 17.754166666666666 ], [ 74.755, 17.755 ], [ 74.753333333333345, 17.755 ], [ 74.753333333333345, 17.756666666666664 ], [ 74.751666666666665, 17.756666666666664 ], [ 74.751666666666665, 17.7575 ], [ 74.750833333333333, 17.7575 ], [ 74.750833333333333, 17.758333333333333 ], [ 74.75, 17.758333333333333 ], [ 74.75, 17.76 ], [ 74.749166666666667, 17.76 ], [ 74.749166666666667, 17.760833333333331 ], [ 74.748333333333335, 17.760833333333331 ], [ 74.748333333333335, 17.7625 ], [ 74.745, 17.7625 ], [ 74.745, 17.763333333333332 ], [ 74.740833333333342, 17.763333333333332 ], [ 74.740833333333342, 17.764166666666664 ], [ 74.735, 17.764166666666664 ], [ 74.735, 17.765 ], [ 74.734166666666667, 17.765 ], [ 74.734166666666667, 17.765833333333333 ], [ 74.7325, 17.765833333333333 ], [ 74.7325, 17.768333333333331 ], [ 74.731666666666669, 17.768333333333331 ], [ 74.731666666666669, 17.77 ], [ 74.7325, 17.77 ], [ 74.7325, 17.770833333333332 ], [ 74.733333333333334, 17.770833333333332 ], [ 74.733333333333334, 17.771666666666665 ], [ 74.734166666666667, 17.771666666666665 ], [ 74.734166666666667, 17.7725 ], [ 74.735, 17.7725 ], [ 74.735, 17.779166666666665 ], [ 74.734166666666667, 17.779166666666665 ], [ 74.734166666666667, 17.781666666666666 ], [ 74.733333333333334, 17.781666666666666 ], [ 74.733333333333334, 17.785833333333333 ], [ 74.7325, 17.785833333333333 ], [ 74.7325, 17.7875 ], [ 74.731666666666669, 17.7875 ], [ 74.731666666666669, 17.789166666666667 ], [ 74.730833333333337, 17.789166666666667 ], [ 74.730833333333337, 17.79 ], [ 74.726666666666674, 17.79 ], [ 74.726666666666674, 17.790833333333332 ], [ 74.725, 17.790833333333332 ], [ 74.725, 17.78833333333333 ], [ 74.724166666666676, 17.78833333333333 ], [ 74.7225, 17.78833333333333 ], [ 74.7225, 17.7875 ], [ 74.72, 17.7875 ], [ 74.72, 17.78833333333333 ], [ 74.719166666666666, 17.78833333333333 ], [ 74.719166666666666, 17.7875 ], [ 74.718333333333334, 17.7875 ], [ 74.7175, 17.7875 ], [ 74.7175, 17.785833333333333 ], [ 74.716666666666669, 17.785833333333333 ], [ 74.716666666666669, 17.785 ], [ 74.715833333333336, 17.785 ], [ 74.715833333333336, 17.783333333333331 ], [ 74.711666666666673, 17.783333333333331 ], [ 74.711666666666673, 17.784166666666664 ], [ 74.71, 17.784166666666664 ], [ 74.71, 17.785 ], [ 74.709166666666675, 17.785 ], [ 74.709166666666675, 17.785833333333333 ], [ 74.705, 17.785833333333333 ], [ 74.705, 17.785 ], [ 74.7, 17.785 ], [ 74.7, 17.785833333333333 ], [ 74.69916666666667, 17.785833333333333 ], [ 74.69916666666667, 17.785 ], [ 74.6975, 17.785 ], [ 74.6975, 17.785833333333333 ], [ 74.696666666666673, 17.785833333333333 ], [ 74.696666666666673, 17.786666666666665 ], [ 74.69583333333334, 17.786666666666665 ], [ 74.69583333333334, 17.79 ], [ 74.695, 17.79 ], [ 74.695, 17.791666666666664 ], [ 74.694166666666675, 17.791666666666664 ], [ 74.694166666666675, 17.7925 ], [ 74.6925, 17.7925 ], [ 74.6925, 17.793333333333333 ], [ 74.69, 17.793333333333333 ], [ 74.69, 17.794166666666666 ], [ 74.689166666666665, 17.794166666666666 ], [ 74.689166666666665, 17.795 ], [ 74.688333333333333, 17.795 ], [ 74.688333333333333, 17.795833333333331 ], [ 74.685833333333335, 17.795833333333331 ], [ 74.685833333333335, 17.796666666666667 ], [ 74.686666666666667, 17.796666666666667 ], [ 74.686666666666667, 17.801666666666666 ], [ 74.685833333333335, 17.801666666666666 ], [ 74.685833333333335, 17.8025 ], [ 74.685, 17.8025 ], [ 74.685, 17.803333333333331 ], [ 74.683333333333337, 17.803333333333331 ], [ 74.683333333333337, 17.805 ], [ 74.6825, 17.805 ], [ 74.6825, 17.805833333333332 ], [ 74.681666666666672, 17.805833333333332 ], [ 74.681666666666672, 17.808333333333334 ], [ 74.680833333333339, 17.808333333333334 ], [ 74.680833333333339, 17.811666666666664 ], [ 74.68, 17.811666666666664 ], [ 74.68, 17.814166666666665 ], [ 74.679166666666674, 17.814166666666665 ], [ 74.679166666666674, 17.816666666666666 ], [ 74.678333333333342, 17.816666666666666 ], [ 74.678333333333342, 17.818333333333332 ], [ 74.6775, 17.818333333333332 ], [ 74.6775, 17.82 ], [ 74.678333333333342, 17.82 ], [ 74.678333333333342, 17.821666666666665 ], [ 74.679166666666674, 17.821666666666665 ], [ 74.679166666666674, 17.826666666666664 ], [ 74.678333333333342, 17.826666666666664 ], [ 74.678333333333342, 17.829166666666666 ], [ 74.6775, 17.829166666666666 ], [ 74.6775, 17.83 ], [ 74.676666666666677, 17.83 ], [ 74.676666666666677, 17.830833333333331 ], [ 74.675, 17.830833333333331 ], [ 74.675, 17.831666666666667 ], [ 74.674166666666665, 17.831666666666667 ], [ 74.674166666666665, 17.8325 ], [ 74.6725, 17.8325 ], [ 74.6725, 17.835 ], [ 74.673333333333332, 17.835 ], [ 74.673333333333332, 17.835833333333333 ], [ 74.6725, 17.835833333333333 ], [ 74.6725, 17.838333333333331 ], [ 74.673333333333332, 17.838333333333331 ], [ 74.673333333333332, 17.839166666666664 ], [ 74.674166666666665, 17.839166666666664 ], [ 74.674166666666665, 17.8425 ], [ 74.675, 17.8425 ], [ 74.675, 17.845833333333331 ], [ 74.675833333333344, 17.845833333333331 ], [ 74.676666666666677, 17.845833333333331 ], [ 74.676666666666677, 17.849166666666665 ], [ 74.675, 17.849166666666665 ], [ 74.675, 17.85 ], [ 74.673333333333332, 17.85 ], [ 74.673333333333332, 17.85083333333333 ], [ 74.6725, 17.85083333333333 ], [ 74.6725, 17.851666666666667 ], [ 74.671666666666667, 17.851666666666667 ], [ 74.671666666666667, 17.855833333333333 ], [ 74.665833333333339, 17.855833333333333 ], [ 74.665833333333339, 17.856666666666666 ], [ 74.665, 17.856666666666666 ], [ 74.665, 17.8575 ], [ 74.663333333333341, 17.8575 ], [ 74.663333333333341, 17.858333333333331 ], [ 74.6625, 17.858333333333331 ], [ 74.6625, 17.859166666666667 ], [ 74.661666666666676, 17.859166666666667 ], [ 74.661666666666676, 17.860833333333332 ], [ 74.656666666666666, 17.860833333333332 ], [ 74.656666666666666, 17.861666666666665 ], [ 74.655, 17.861666666666665 ], [ 74.655, 17.860833333333332 ], [ 74.654166666666669, 17.860833333333332 ], [ 74.654166666666669, 17.861666666666665 ], [ 74.653333333333336, 17.861666666666665 ], [ 74.653333333333336, 17.8575 ], [ 74.654166666666669, 17.8575 ], [ 74.654166666666669, 17.856666666666666 ], [ 74.653333333333336, 17.856666666666666 ], [ 74.653333333333336, 17.855 ], [ 74.6525, 17.855 ], [ 74.6525, 17.854166666666664 ], [ 74.651666666666671, 17.854166666666664 ], [ 74.65, 17.854166666666664 ], [ 74.65, 17.853333333333332 ], [ 74.649166666666673, 17.853333333333332 ], [ 74.649166666666673, 17.85 ], [ 74.65, 17.85 ], [ 74.65, 17.849166666666665 ], [ 74.650833333333338, 17.849166666666665 ], [ 74.650833333333338, 17.848333333333333 ], [ 74.655833333333334, 17.848333333333333 ], [ 74.655833333333334, 17.8475 ], [ 74.656666666666666, 17.8475 ], [ 74.656666666666666, 17.846666666666664 ], [ 74.6575, 17.846666666666664 ], [ 74.6575, 17.845833333333331 ], [ 74.656666666666666, 17.845833333333331 ], [ 74.656666666666666, 17.845 ], [ 74.655833333333334, 17.845 ], [ 74.655833333333334, 17.843333333333334 ], [ 74.655, 17.843333333333334 ], [ 74.655, 17.841666666666665 ], [ 74.654166666666669, 17.841666666666665 ], [ 74.654166666666669, 17.84 ], [ 74.655, 17.84 ], [ 74.655, 17.838333333333331 ], [ 74.654166666666669, 17.838333333333331 ], [ 74.654166666666669, 17.835833333333333 ], [ 74.653333333333336, 17.835833333333333 ], [ 74.653333333333336, 17.835 ], [ 74.6525, 17.835 ], [ 74.651666666666671, 17.835 ], [ 74.651666666666671, 17.834166666666665 ], [ 74.650833333333338, 17.834166666666665 ], [ 74.650833333333338, 17.833333333333332 ], [ 74.65, 17.833333333333332 ], [ 74.65, 17.8325 ], [ 74.649166666666673, 17.8325 ], [ 74.649166666666673, 17.829166666666666 ], [ 74.648333333333341, 17.829166666666666 ], [ 74.6475, 17.829166666666666 ], [ 74.6475, 17.828333333333333 ], [ 74.646666666666675, 17.828333333333333 ], [ 74.645833333333343, 17.828333333333333 ], [ 74.645833333333343, 17.8275 ], [ 74.645, 17.8275 ], [ 74.643333333333331, 17.8275 ], [ 74.643333333333331, 17.826666666666664 ], [ 74.635833333333338, 17.826666666666664 ], [ 74.635833333333338, 17.8275 ], [ 74.630833333333342, 17.8275 ], [ 74.630833333333342, 17.826666666666664 ], [ 74.63, 17.826666666666664 ], [ 74.63, 17.825833333333332 ], [ 74.629166666666677, 17.825833333333332 ], [ 74.629166666666677, 17.826666666666664 ], [ 74.628333333333345, 17.826666666666664 ], [ 74.628333333333345, 17.828333333333333 ], [ 74.624166666666667, 17.828333333333333 ], [ 74.624166666666667, 17.829166666666666 ], [ 74.623333333333335, 17.829166666666666 ], [ 74.623333333333335, 17.828333333333333 ], [ 74.6225, 17.828333333333333 ], [ 74.6225, 17.8275 ], [ 74.62166666666667, 17.8275 ], [ 74.62166666666667, 17.826666666666664 ], [ 74.620833333333337, 17.826666666666664 ], [ 74.620833333333337, 17.825833333333332 ], [ 74.615833333333342, 17.825833333333332 ], [ 74.615833333333342, 17.826666666666664 ], [ 74.615, 17.826666666666664 ], [ 74.615, 17.829166666666666 ], [ 74.614166666666677, 17.829166666666666 ], [ 74.614166666666677, 17.83 ], [ 74.613333333333344, 17.83 ], [ 74.613333333333344, 17.830833333333331 ], [ 74.611666666666665, 17.830833333333331 ], [ 74.611666666666665, 17.831666666666667 ], [ 74.610833333333332, 17.831666666666667 ], [ 74.610833333333332, 17.834166666666665 ], [ 74.611666666666665, 17.834166666666665 ], [ 74.611666666666665, 17.835833333333333 ], [ 74.610833333333332, 17.835833333333333 ], [ 74.610833333333332, 17.836666666666666 ], [ 74.61, 17.836666666666666 ], [ 74.61, 17.8375 ], [ 74.609166666666667, 17.8375 ], [ 74.609166666666667, 17.838333333333331 ], [ 74.608333333333334, 17.838333333333331 ], [ 74.608333333333334, 17.839166666666664 ], [ 74.6075, 17.839166666666664 ], [ 74.6075, 17.84 ], [ 74.606666666666669, 17.84 ], [ 74.606666666666669, 17.840833333333332 ], [ 74.605, 17.840833333333332 ], [ 74.605, 17.841666666666665 ], [ 74.603333333333339, 17.841666666666665 ], [ 74.603333333333339, 17.8425 ], [ 74.6025, 17.8425 ], [ 74.6025, 17.843333333333334 ], [ 74.601666666666674, 17.843333333333334 ], [ 74.601666666666674, 17.846666666666664 ], [ 74.6025, 17.846666666666664 ], [ 74.6025, 17.8475 ], [ 74.601666666666674, 17.8475 ], [ 74.601666666666674, 17.848333333333333 ], [ 74.6, 17.848333333333333 ], [ 74.6, 17.8475 ], [ 74.599166666666676, 17.8475 ], [ 74.599166666666676, 17.848333333333333 ], [ 74.5975, 17.848333333333333 ], [ 74.5975, 17.849166666666665 ], [ 74.595833333333331, 17.849166666666665 ], [ 74.595833333333331, 17.848333333333333 ], [ 74.590833333333336, 17.848333333333333 ], [ 74.590833333333336, 17.849166666666665 ], [ 74.588333333333338, 17.849166666666665 ], [ 74.588333333333338, 17.85 ], [ 74.5875, 17.85 ], [ 74.5875, 17.85083333333333 ], [ 74.586666666666673, 17.85083333333333 ], [ 74.586666666666673, 17.85 ], [ 74.585833333333341, 17.85 ], [ 74.583333333333343, 17.85 ], [ 74.583333333333343, 17.849166666666665 ], [ 74.581666666666678, 17.849166666666665 ], [ 74.581666666666678, 17.85 ], [ 74.580833333333331, 17.85 ], [ 74.580833333333331, 17.85083333333333 ], [ 74.58, 17.85083333333333 ], [ 74.58, 17.85 ], [ 74.579166666666666, 17.85 ], [ 74.578333333333333, 17.85 ], [ 74.578333333333333, 17.849166666666665 ], [ 74.5775, 17.849166666666665 ], [ 74.57416666666667, 17.849166666666665 ], [ 74.57416666666667, 17.848333333333333 ], [ 74.573333333333338, 17.848333333333333 ], [ 74.573333333333338, 17.849166666666665 ], [ 74.5725, 17.849166666666665 ], [ 74.5725, 17.85 ], [ 74.57083333333334, 17.85 ], [ 74.57083333333334, 17.85083333333333 ], [ 74.569166666666675, 17.85083333333333 ], [ 74.569166666666675, 17.851666666666667 ], [ 74.564166666666665, 17.851666666666667 ], [ 74.564166666666665, 17.8525 ], [ 74.561666666666667, 17.8525 ], [ 74.561666666666667, 17.853333333333332 ], [ 74.560833333333335, 17.853333333333332 ], [ 74.560833333333335, 17.854166666666664 ], [ 74.56, 17.854166666666664 ], [ 74.56, 17.855833333333333 ], [ 74.558333333333337, 17.855833333333333 ], [ 74.558333333333337, 17.855 ], [ 74.5575, 17.855 ], [ 74.5575, 17.854166666666664 ], [ 74.556666666666672, 17.854166666666664 ], [ 74.555833333333339, 17.854166666666664 ], [ 74.555833333333339, 17.853333333333332 ], [ 74.555, 17.853333333333332 ], [ 74.555, 17.854166666666664 ], [ 74.554166666666674, 17.854166666666664 ], [ 74.554166666666674, 17.855 ], [ 74.5525, 17.855 ], [ 74.5525, 17.855833333333333 ], [ 74.551666666666677, 17.855833333333333 ], [ 74.551666666666677, 17.855 ], [ 74.550833333333344, 17.855 ], [ 74.549166666666665, 17.855 ], [ 74.549166666666665, 17.854166666666664 ], [ 74.548333333333332, 17.854166666666664 ], [ 74.548333333333332, 17.853333333333332 ], [ 74.545833333333334, 17.853333333333332 ], [ 74.545833333333334, 17.854166666666664 ], [ 74.540833333333339, 17.854166666666664 ], [ 74.540833333333339, 17.855 ], [ 74.54, 17.855 ], [ 74.54, 17.855833333333333 ], [ 74.535833333333343, 17.855833333333333 ], [ 74.535833333333343, 17.856666666666666 ], [ 74.534166666666664, 17.856666666666666 ], [ 74.534166666666664, 17.8575 ], [ 74.53, 17.8575 ], [ 74.53, 17.856666666666666 ], [ 74.528333333333336, 17.856666666666666 ], [ 74.528333333333336, 17.8575 ], [ 74.5275, 17.8575 ], [ 74.5275, 17.856666666666666 ], [ 74.526666666666671, 17.856666666666666 ], [ 74.525, 17.856666666666666 ], [ 74.525, 17.855833333333333 ], [ 74.524166666666673, 17.855833333333333 ], [ 74.524166666666673, 17.854166666666664 ], [ 74.523333333333341, 17.854166666666664 ], [ 74.523333333333341, 17.853333333333332 ], [ 74.5225, 17.853333333333332 ], [ 74.520833333333343, 17.853333333333332 ], [ 74.520833333333343, 17.8525 ], [ 74.52, 17.8525 ], [ 74.519166666666678, 17.8525 ], [ 74.519166666666678, 17.85083333333333 ], [ 74.518333333333331, 17.85083333333333 ], [ 74.518333333333331, 17.85 ], [ 74.5175, 17.85 ], [ 74.5175, 17.851666666666667 ], [ 74.515833333333333, 17.851666666666667 ], [ 74.515833333333333, 17.853333333333332 ], [ 74.515, 17.853333333333332 ], [ 74.515, 17.854166666666664 ], [ 74.5125, 17.854166666666664 ], [ 74.5125, 17.853333333333332 ], [ 74.51166666666667, 17.853333333333332 ], [ 74.510833333333338, 17.853333333333332 ], [ 74.510833333333338, 17.8525 ], [ 74.51, 17.8525 ], [ 74.509166666666673, 17.8525 ], [ 74.509166666666673, 17.851666666666667 ], [ 74.50833333333334, 17.851666666666667 ], [ 74.5075, 17.851666666666667 ], [ 74.5075, 17.85 ], [ 74.506666666666675, 17.85 ], [ 74.506666666666675, 17.849166666666665 ], [ 74.505833333333342, 17.849166666666665 ], [ 74.5025, 17.849166666666665 ], [ 74.5025, 17.848333333333333 ], [ 74.501666666666665, 17.848333333333333 ], [ 74.500833333333333, 17.848333333333333 ], [ 74.500833333333333, 17.8475 ], [ 74.5, 17.8475 ], [ 74.498333333333335, 17.8475 ], [ 74.498333333333335, 17.846666666666664 ], [ 74.4975, 17.846666666666664 ], [ 74.493333333333339, 17.846666666666664 ], [ 74.493333333333339, 17.845833333333331 ], [ 74.4925, 17.845833333333331 ], [ 74.4925, 17.844166666666666 ], [ 74.491666666666674, 17.844166666666666 ], [ 74.491666666666674, 17.8425 ], [ 74.490833333333342, 17.8425 ], [ 74.490833333333342, 17.84 ], [ 74.49, 17.84 ], [ 74.49, 17.838333333333331 ], [ 74.489166666666677, 17.838333333333331 ], [ 74.489166666666677, 17.835833333333333 ], [ 74.488333333333344, 17.835833333333333 ], [ 74.488333333333344, 17.835 ], [ 74.4875, 17.835 ], [ 74.4875, 17.834166666666665 ], [ 74.486666666666665, 17.834166666666665 ], [ 74.486666666666665, 17.833333333333332 ], [ 74.485833333333332, 17.833333333333332 ], [ 74.484166666666667, 17.833333333333332 ], [ 74.484166666666667, 17.831666666666667 ], [ 74.483333333333334, 17.831666666666667 ], [ 74.483333333333334, 17.830833333333331 ], [ 74.4825, 17.830833333333331 ], [ 74.4825, 17.83 ], [ 74.481666666666669, 17.83 ], [ 74.481666666666669, 17.828333333333333 ], [ 74.480833333333337, 17.828333333333333 ], [ 74.480833333333337, 17.8275 ], [ 74.48, 17.8275 ], [ 74.48, 17.826666666666664 ], [ 74.479166666666671, 17.826666666666664 ], [ 74.479166666666671, 17.825833333333332 ], [ 74.478333333333339, 17.825833333333332 ], [ 74.478333333333339, 17.825 ], [ 74.4775, 17.825 ], [ 74.4775, 17.824166666666667 ], [ 74.476666666666674, 17.824166666666667 ], [ 74.476666666666674, 17.823333333333331 ], [ 74.475833333333341, 17.823333333333331 ], [ 74.475, 17.823333333333331 ], [ 74.475, 17.8225 ], [ 74.4725, 17.8225 ], [ 74.4725, 17.823333333333331 ], [ 74.470833333333331, 17.823333333333331 ], [ 74.470833333333331, 17.824166666666667 ], [ 74.469166666666666, 17.824166666666667 ], [ 74.469166666666666, 17.825 ], [ 74.468333333333334, 17.825 ], [ 74.468333333333334, 17.825833333333332 ], [ 74.4675, 17.825833333333332 ], [ 74.4675, 17.826666666666664 ], [ 74.466666666666669, 17.826666666666664 ], [ 74.466666666666669, 17.828333333333333 ], [ 74.465833333333336, 17.828333333333333 ], [ 74.465833333333336, 17.829166666666666 ], [ 74.465, 17.829166666666666 ], [ 74.465, 17.83 ], [ 74.463333333333338, 17.83 ], [ 74.463333333333338, 17.830833333333331 ], [ 74.460833333333341, 17.830833333333331 ], [ 74.460833333333341, 17.83 ], [ 74.456666666666678, 17.83 ], [ 74.456666666666678, 17.830833333333331 ], [ 74.454166666666666, 17.830833333333331 ], [ 74.454166666666666, 17.831666666666667 ], [ 74.4525, 17.831666666666667 ], [ 74.4525, 17.8325 ], [ 74.45, 17.8325 ], [ 74.45, 17.833333333333332 ], [ 74.44916666666667, 17.833333333333332 ], [ 74.44916666666667, 17.8325 ], [ 74.445, 17.8325 ], [ 74.445, 17.833333333333332 ], [ 74.444166666666675, 17.833333333333332 ], [ 74.444166666666675, 17.834166666666665 ], [ 74.443333333333342, 17.834166666666665 ], [ 74.443333333333342, 17.836666666666666 ], [ 74.4425, 17.836666666666666 ], [ 74.4425, 17.8375 ], [ 74.441666666666677, 17.8375 ], [ 74.441666666666677, 17.838333333333331 ], [ 74.4425, 17.838333333333331 ], [ 74.4425, 17.839166666666664 ], [ 74.440833333333345, 17.839166666666664 ], [ 74.440833333333345, 17.84 ], [ 74.438333333333333, 17.84 ], [ 74.438333333333333, 17.841666666666665 ], [ 74.435833333333335, 17.841666666666665 ], [ 74.435833333333335, 17.8425 ], [ 74.4325, 17.8425 ], [ 74.4325, 17.843333333333334 ], [ 74.431666666666672, 17.843333333333334 ], [ 74.431666666666672, 17.8425 ], [ 74.428333333333342, 17.8425 ], [ 74.428333333333342, 17.843333333333334 ], [ 74.4275, 17.843333333333334 ], [ 74.4275, 17.845 ], [ 74.425, 17.845 ], [ 74.425, 17.844166666666666 ], [ 74.424166666666665, 17.844166666666666 ], [ 74.424166666666665, 17.843333333333334 ], [ 74.423333333333332, 17.843333333333334 ], [ 74.423333333333332, 17.8425 ], [ 74.4225, 17.8425 ], [ 74.4225, 17.841666666666665 ], [ 74.421666666666667, 17.841666666666665 ], [ 74.421666666666667, 17.839166666666664 ], [ 74.420833333333334, 17.839166666666664 ], [ 74.420833333333334, 17.838333333333331 ], [ 74.42, 17.838333333333331 ], [ 74.419166666666669, 17.838333333333331 ], [ 74.419166666666669, 17.836666666666666 ], [ 74.418333333333337, 17.836666666666666 ], [ 74.418333333333337, 17.835833333333333 ], [ 74.4175, 17.835833333333333 ], [ 74.416666666666671, 17.835833333333333 ], [ 74.416666666666671, 17.834166666666665 ], [ 74.415833333333339, 17.834166666666665 ], [ 74.415833333333339, 17.8325 ], [ 74.415, 17.8325 ], [ 74.415, 17.831666666666667 ], [ 74.414166666666674, 17.831666666666667 ], [ 74.414166666666674, 17.830833333333331 ], [ 74.413333333333341, 17.830833333333331 ], [ 74.413333333333341, 17.83 ], [ 74.4125, 17.83 ], [ 74.4125, 17.829166666666666 ], [ 74.411666666666676, 17.829166666666666 ], [ 74.411666666666676, 17.828333333333333 ], [ 74.410833333333343, 17.828333333333333 ], [ 74.410833333333343, 17.8275 ], [ 74.41, 17.8275 ], [ 74.41, 17.826666666666664 ], [ 74.409166666666664, 17.826666666666664 ], [ 74.409166666666664, 17.825833333333332 ], [ 74.408333333333331, 17.825833333333332 ], [ 74.408333333333331, 17.825 ], [ 74.4075, 17.825 ], [ 74.4075, 17.823333333333331 ], [ 74.406666666666666, 17.823333333333331 ], [ 74.406666666666666, 17.8225 ], [ 74.404166666666669, 17.8225 ], [ 74.404166666666669, 17.823333333333331 ], [ 74.399166666666673, 17.823333333333331 ], [ 74.399166666666673, 17.8225 ], [ 74.398333333333341, 17.8225 ], [ 74.396666666666675, 17.8225 ], [ 74.396666666666675, 17.82 ], [ 74.395833333333343, 17.82 ], [ 74.395, 17.82 ], [ 74.395, 17.816666666666666 ], [ 74.394166666666678, 17.816666666666666 ], [ 74.394166666666678, 17.81583333333333 ], [ 74.393333333333331, 17.81583333333333 ], [ 74.393333333333331, 17.815 ], [ 74.3925, 17.815 ], [ 74.3925, 17.8125 ], [ 74.391666666666666, 17.8125 ], [ 74.391666666666666, 17.811666666666664 ], [ 74.390833333333333, 17.811666666666664 ], [ 74.390833333333333, 17.809166666666666 ], [ 74.39, 17.809166666666666 ], [ 74.389166666666668, 17.809166666666666 ], [ 74.389166666666668, 17.808333333333334 ], [ 74.388333333333335, 17.808333333333334 ], [ 74.388333333333335, 17.8075 ], [ 74.3875, 17.8075 ], [ 74.3875, 17.806666666666665 ], [ 74.38666666666667, 17.806666666666665 ], [ 74.38666666666667, 17.805833333333332 ], [ 74.385833333333338, 17.805833333333332 ], [ 74.385833333333338, 17.805 ], [ 74.384166666666673, 17.805 ], [ 74.384166666666673, 17.805833333333332 ], [ 74.38333333333334, 17.805833333333332 ], [ 74.38333333333334, 17.806666666666665 ], [ 74.3825, 17.806666666666665 ], [ 74.3825, 17.8075 ], [ 74.375833333333333, 17.8075 ], [ 74.375833333333333, 17.806666666666665 ], [ 74.374166666666667, 17.806666666666665 ], [ 74.374166666666667, 17.8075 ], [ 74.37166666666667, 17.8075 ], [ 74.37166666666667, 17.808333333333334 ], [ 74.37, 17.808333333333334 ], [ 74.37, 17.809166666666666 ], [ 74.368333333333339, 17.809166666666666 ], [ 74.368333333333339, 17.810833333333331 ], [ 74.3675, 17.810833333333331 ], [ 74.3675, 17.813333333333333 ], [ 74.368333333333339, 17.813333333333333 ], [ 74.368333333333339, 17.814166666666665 ], [ 74.369166666666672, 17.814166666666665 ], [ 74.369166666666672, 17.815 ], [ 74.368333333333339, 17.815 ], [ 74.368333333333339, 17.81583333333333 ], [ 74.3675, 17.81583333333333 ], [ 74.3675, 17.815 ], [ 74.365833333333342, 17.815 ], [ 74.365833333333342, 17.81583333333333 ], [ 74.365, 17.81583333333333 ], [ 74.365, 17.816666666666666 ], [ 74.364166666666677, 17.816666666666666 ], [ 74.364166666666677, 17.8175 ], [ 74.3625, 17.8175 ], [ 74.3625, 17.818333333333332 ], [ 74.359166666666667, 17.818333333333332 ], [ 74.359166666666667, 17.819166666666664 ], [ 74.358333333333334, 17.819166666666664 ], [ 74.358333333333334, 17.82 ], [ 74.3575, 17.82 ], [ 74.3575, 17.8225 ], [ 74.356666666666669, 17.8225 ], [ 74.356666666666669, 17.823333333333331 ], [ 74.355833333333337, 17.823333333333331 ], [ 74.355833333333337, 17.824166666666667 ], [ 74.350833333333341, 17.824166666666667 ], [ 74.350833333333341, 17.825 ], [ 74.349166666666676, 17.825 ], [ 74.349166666666676, 17.8275 ], [ 74.348333333333343, 17.8275 ], [ 74.348333333333343, 17.828333333333333 ], [ 74.3475, 17.828333333333333 ], [ 74.3475, 17.83 ], [ 74.346666666666664, 17.83 ], [ 74.346666666666664, 17.830833333333331 ], [ 74.345833333333331, 17.830833333333331 ], [ 74.345833333333331, 17.833333333333332 ], [ 74.345, 17.833333333333332 ], [ 74.345, 17.834166666666665 ], [ 74.344166666666666, 17.834166666666665 ], [ 74.344166666666666, 17.835 ], [ 74.343333333333334, 17.835 ], [ 74.343333333333334, 17.835833333333333 ], [ 74.341666666666669, 17.835833333333333 ], [ 74.341666666666669, 17.836666666666666 ], [ 74.3375, 17.836666666666666 ], [ 74.3375, 17.8375 ], [ 74.336666666666673, 17.8375 ], [ 74.336666666666673, 17.838333333333331 ], [ 74.335, 17.838333333333331 ], [ 74.335, 17.84 ], [ 74.334166666666675, 17.84 ], [ 74.334166666666675, 17.840833333333332 ], [ 74.333333333333343, 17.840833333333332 ], [ 74.333333333333343, 17.841666666666665 ], [ 74.3325, 17.841666666666665 ], [ 74.3325, 17.8425 ], [ 74.330833333333331, 17.8425 ], [ 74.330833333333331, 17.843333333333334 ], [ 74.329166666666666, 17.843333333333334 ], [ 74.329166666666666, 17.844166666666666 ], [ 74.328333333333333, 17.844166666666666 ], [ 74.328333333333333, 17.845 ], [ 74.326666666666668, 17.845 ], [ 74.326666666666668, 17.845833333333331 ], [ 74.325833333333335, 17.845833333333331 ], [ 74.325833333333335, 17.846666666666664 ], [ 74.325, 17.846666666666664 ], [ 74.325, 17.8475 ], [ 74.32416666666667, 17.8475 ], [ 74.32416666666667, 17.846666666666664 ], [ 74.323333333333338, 17.846666666666664 ], [ 74.323333333333338, 17.845833333333331 ], [ 74.3225, 17.845833333333331 ], [ 74.3225, 17.845 ], [ 74.321666666666673, 17.845 ], [ 74.32083333333334, 17.845 ], [ 74.32083333333334, 17.844166666666666 ], [ 74.32, 17.844166666666666 ], [ 74.319166666666675, 17.844166666666666 ], [ 74.319166666666675, 17.843333333333334 ], [ 74.318333333333342, 17.843333333333334 ], [ 74.3175, 17.843333333333334 ], [ 74.3175, 17.8425 ], [ 74.315, 17.8425 ], [ 74.315, 17.843333333333334 ], [ 74.314166666666665, 17.843333333333334 ], [ 74.314166666666665, 17.844166666666666 ], [ 74.313333333333333, 17.844166666666666 ], [ 74.313333333333333, 17.845 ], [ 74.3125, 17.845 ], [ 74.3125, 17.846666666666664 ], [ 74.30916666666667, 17.846666666666664 ], [ 74.30916666666667, 17.8475 ], [ 74.308333333333337, 17.8475 ], [ 74.308333333333337, 17.846666666666664 ], [ 74.304166666666674, 17.846666666666664 ], [ 74.304166666666674, 17.8475 ], [ 74.303333333333342, 17.8475 ], [ 74.303333333333342, 17.848333333333333 ], [ 74.301666666666677, 17.848333333333333 ], [ 74.301666666666677, 17.849166666666665 ], [ 74.300833333333344, 17.849166666666665 ], [ 74.300833333333344, 17.85083333333333 ], [ 74.3, 17.85083333333333 ], [ 74.3, 17.853333333333332 ], [ 74.299166666666665, 17.853333333333332 ], [ 74.299166666666665, 17.854166666666664 ], [ 74.2975, 17.854166666666664 ], [ 74.2975, 17.855833333333333 ], [ 74.296666666666667, 17.855833333333333 ], [ 74.296666666666667, 17.856666666666666 ], [ 74.295833333333334, 17.856666666666666 ], [ 74.295833333333334, 17.858333333333331 ], [ 74.295, 17.858333333333331 ], [ 74.295, 17.86 ], [ 74.293333333333337, 17.86 ], [ 74.293333333333337, 17.859166666666667 ], [ 74.289166666666674, 17.859166666666667 ], [ 74.289166666666674, 17.86 ], [ 74.288333333333341, 17.86 ], [ 74.288333333333341, 17.860833333333332 ], [ 74.2875, 17.860833333333332 ], [ 74.2875, 17.861666666666665 ], [ 74.284166666666664, 17.861666666666665 ], [ 74.284166666666664, 17.8625 ], [ 74.281666666666666, 17.8625 ], [ 74.281666666666666, 17.863333333333333 ], [ 74.280833333333334, 17.863333333333333 ], [ 74.280833333333334, 17.864166666666666 ], [ 74.28, 17.864166666666666 ], [ 74.28, 17.865833333333331 ], [ 74.279166666666669, 17.865833333333331 ], [ 74.279166666666669, 17.869166666666665 ], [ 74.278333333333336, 17.869166666666665 ], [ 74.278333333333336, 17.871666666666666 ], [ 74.279166666666669, 17.871666666666666 ], [ 74.279166666666669, 17.8725 ], [ 74.28, 17.8725 ], [ 74.28, 17.874166666666664 ], [ 74.280833333333334, 17.874166666666664 ], [ 74.280833333333334, 17.875833333333333 ], [ 74.28, 17.875833333333333 ], [ 74.28, 17.876666666666665 ], [ 74.279166666666669, 17.876666666666665 ], [ 74.279166666666669, 17.8775 ], [ 74.275, 17.8775 ], [ 74.275, 17.876666666666665 ], [ 74.274166666666673, 17.876666666666665 ], [ 74.274166666666673, 17.8775 ], [ 74.273333333333341, 17.8775 ], [ 74.273333333333341, 17.87833333333333 ], [ 74.2725, 17.87833333333333 ], [ 74.2725, 17.879166666666666 ], [ 74.268333333333331, 17.879166666666666 ], [ 74.268333333333331, 17.87833333333333 ], [ 74.2675, 17.87833333333333 ], [ 74.266666666666666, 17.87833333333333 ], [ 74.266666666666666, 17.8775 ], [ 74.265, 17.8775 ], [ 74.265, 17.879166666666666 ], [ 74.264166666666668, 17.879166666666666 ], [ 74.264166666666668, 17.88 ], [ 74.263333333333335, 17.88 ], [ 74.263333333333335, 17.8825 ], [ 74.2625, 17.8825 ], [ 74.2625, 17.883333333333333 ], [ 74.26166666666667, 17.883333333333333 ], [ 74.26166666666667, 17.884166666666665 ], [ 74.260833333333338, 17.884166666666665 ], [ 74.260833333333338, 17.885 ], [ 74.259166666666673, 17.885 ], [ 74.259166666666673, 17.885833333333331 ], [ 74.25833333333334, 17.885833333333331 ], [ 74.25833333333334, 17.886666666666667 ], [ 74.254166666666677, 17.886666666666667 ], [ 74.254166666666677, 17.8875 ], [ 74.2525, 17.8875 ], [ 74.2525, 17.886666666666667 ], [ 74.251666666666665, 17.886666666666667 ], [ 74.251666666666665, 17.8875 ], [ 74.250833333333333, 17.8875 ], [ 74.250833333333333, 17.888333333333332 ], [ 74.25, 17.888333333333332 ], [ 74.25, 17.889166666666664 ], [ 74.245, 17.889166666666664 ], [ 74.245, 17.890833333333333 ], [ 74.243333333333339, 17.890833333333333 ], [ 74.243333333333339, 17.891666666666666 ], [ 74.240833333333342, 17.891666666666666 ], [ 74.240833333333342, 17.8925 ], [ 74.239166666666677, 17.8925 ], [ 74.239166666666677, 17.893333333333331 ], [ 74.235833333333332, 17.893333333333331 ], [ 74.235833333333332, 17.894166666666667 ], [ 74.235, 17.894166666666667 ], [ 74.235, 17.893333333333331 ], [ 74.234166666666667, 17.893333333333331 ], [ 74.234166666666667, 17.890833333333333 ], [ 74.233333333333334, 17.890833333333333 ], [ 74.231666666666669, 17.890833333333333 ], [ 74.231666666666669, 17.888333333333332 ], [ 74.230833333333337, 17.888333333333332 ], [ 74.230833333333337, 17.8875 ], [ 74.23, 17.8875 ], [ 74.229166666666671, 17.8875 ], [ 74.229166666666671, 17.886666666666667 ], [ 74.228333333333339, 17.886666666666667 ], [ 74.2275, 17.886666666666667 ], [ 74.2275, 17.885833333333331 ], [ 74.226666666666674, 17.885833333333331 ], [ 74.225833333333341, 17.885833333333331 ], [ 74.225833333333341, 17.885 ], [ 74.225, 17.885 ], [ 74.223333333333343, 17.885 ], [ 74.223333333333343, 17.884166666666665 ], [ 74.2225, 17.884166666666665 ], [ 74.2225, 17.883333333333333 ], [ 74.221666666666664, 17.883333333333333 ], [ 74.221666666666664, 17.881666666666664 ], [ 74.220833333333331, 17.881666666666664 ], [ 74.22, 17.881666666666664 ], [ 74.22, 17.880833333333332 ], [ 74.219166666666666, 17.880833333333332 ], [ 74.219166666666666, 17.88 ], [ 74.2175, 17.88 ], [ 74.2175, 17.880833333333332 ], [ 74.215833333333336, 17.880833333333332 ], [ 74.215833333333336, 17.881666666666664 ], [ 74.214166666666671, 17.881666666666664 ], [ 74.214166666666671, 17.885 ], [ 74.213333333333338, 17.885 ], [ 74.213333333333338, 17.885833333333331 ], [ 74.2075, 17.885833333333331 ], [ 74.2075, 17.886666666666667 ], [ 74.206666666666678, 17.886666666666667 ], [ 74.206666666666678, 17.8875 ], [ 74.205833333333331, 17.8875 ], [ 74.205833333333331, 17.888333333333332 ], [ 74.2, 17.888333333333332 ], [ 74.2, 17.8875 ], [ 74.193333333333342, 17.8875 ], [ 74.193333333333342, 17.888333333333332 ], [ 74.191666666666677, 17.888333333333332 ], [ 74.191666666666677, 17.889166666666664 ], [ 74.19, 17.889166666666664 ], [ 74.19, 17.89 ], [ 74.189166666666665, 17.89 ], [ 74.189166666666665, 17.890833333333333 ], [ 74.1875, 17.890833333333333 ], [ 74.1875, 17.891666666666666 ], [ 74.185, 17.891666666666666 ], [ 74.185, 17.8925 ], [ 74.18416666666667, 17.8925 ], [ 74.18416666666667, 17.893333333333331 ], [ 74.1825, 17.893333333333331 ], [ 74.1825, 17.894166666666667 ], [ 74.178333333333342, 17.894166666666667 ], [ 74.178333333333342, 17.895 ], [ 74.174166666666665, 17.895 ], [ 74.174166666666665, 17.894166666666667 ], [ 74.173333333333332, 17.894166666666667 ], [ 74.173333333333332, 17.893333333333331 ], [ 74.1725, 17.893333333333331 ], [ 74.1725, 17.888333333333332 ], [ 74.171666666666667, 17.888333333333332 ], [ 74.171666666666667, 17.8875 ], [ 74.170833333333334, 17.8875 ], [ 74.170833333333334, 17.885833333333331 ], [ 74.17, 17.885833333333331 ], [ 74.17, 17.884166666666665 ], [ 74.169166666666669, 17.884166666666665 ], [ 74.168333333333337, 17.884166666666665 ], [ 74.168333333333337, 17.883333333333333 ], [ 74.1675, 17.883333333333333 ], [ 74.1675, 17.8825 ], [ 74.160833333333343, 17.8825 ], [ 74.160833333333343, 17.883333333333333 ], [ 74.159166666666664, 17.883333333333333 ], [ 74.159166666666664, 17.884166666666665 ], [ 74.158333333333331, 17.884166666666665 ], [ 74.158333333333331, 17.885 ], [ 74.1575, 17.885 ], [ 74.1575, 17.8875 ], [ 74.155, 17.8875 ], [ 74.155, 17.888333333333332 ], [ 74.153333333333336, 17.888333333333332 ], [ 74.153333333333336, 17.889166666666664 ], [ 74.150833333333338, 17.889166666666664 ], [ 74.150833333333338, 17.89 ], [ 74.15, 17.89 ], [ 74.15, 17.890833333333333 ], [ 74.149166666666673, 17.890833333333333 ], [ 74.149166666666673, 17.891666666666666 ], [ 74.1475, 17.891666666666666 ], [ 74.1475, 17.8925 ], [ 74.146666666666675, 17.8925 ], [ 74.146666666666675, 17.893333333333331 ], [ 74.145833333333343, 17.893333333333331 ], [ 74.145833333333343, 17.8975 ], [ 74.145, 17.8975 ], [ 74.145, 17.901666666666664 ], [ 74.144166666666678, 17.901666666666664 ], [ 74.144166666666678, 17.9025 ], [ 74.143333333333331, 17.9025 ], [ 74.143333333333331, 17.905 ], [ 74.1425, 17.905 ], [ 74.1425, 17.905833333333334 ], [ 74.141666666666666, 17.905833333333334 ], [ 74.141666666666666, 17.906666666666666 ], [ 74.140833333333333, 17.906666666666666 ], [ 74.140833333333333, 17.9075 ], [ 74.14, 17.9075 ], [ 74.14, 17.91 ], [ 74.139166666666668, 17.91 ], [ 74.139166666666668, 17.910833333333333 ], [ 74.138333333333335, 17.910833333333333 ], [ 74.138333333333335, 17.911666666666665 ], [ 74.13666666666667, 17.911666666666665 ], [ 74.13666666666667, 17.9125 ], [ 74.135833333333338, 17.9125 ], [ 74.135833333333338, 17.91333333333333 ], [ 74.135, 17.91333333333333 ], [ 74.135, 17.914166666666667 ], [ 74.134166666666673, 17.914166666666667 ], [ 74.134166666666673, 17.915833333333332 ], [ 74.13333333333334, 17.915833333333332 ], [ 74.13333333333334, 17.9175 ], [ 74.1325, 17.9175 ], [ 74.1325, 17.92 ], [ 74.131666666666675, 17.92 ], [ 74.131666666666675, 17.920833333333331 ], [ 74.130833333333342, 17.920833333333331 ], [ 74.130833333333342, 17.921666666666667 ], [ 74.1275, 17.921666666666667 ], [ 74.1275, 17.9225 ], [ 74.125833333333333, 17.9225 ], [ 74.125833333333333, 17.923333333333332 ], [ 74.124166666666667, 17.923333333333332 ], [ 74.124166666666667, 17.9225 ], [ 74.123333333333335, 17.9225 ], [ 74.123333333333335, 17.921666666666667 ], [ 74.1225, 17.921666666666667 ], [ 74.12166666666667, 17.921666666666667 ], [ 74.12166666666667, 17.920833333333331 ], [ 74.120833333333337, 17.920833333333331 ], [ 74.120833333333337, 17.921666666666667 ], [ 74.118333333333339, 17.921666666666667 ], [ 74.118333333333339, 17.9225 ], [ 74.1175, 17.9225 ], [ 74.1175, 17.924166666666665 ], [ 74.116666666666674, 17.924166666666665 ], [ 74.116666666666674, 17.925833333333333 ], [ 74.114166666666677, 17.925833333333333 ], [ 74.114166666666677, 17.926666666666666 ], [ 74.113333333333344, 17.926666666666666 ], [ 74.113333333333344, 17.9275 ], [ 74.1125, 17.9275 ], [ 74.1125, 17.929166666666667 ], [ 74.110833333333332, 17.929166666666667 ], [ 74.110833333333332, 17.93 ], [ 74.11, 17.93 ], [ 74.11, 17.930833333333332 ], [ 74.109166666666667, 17.930833333333332 ], [ 74.109166666666667, 17.931666666666665 ], [ 74.108333333333334, 17.931666666666665 ], [ 74.108333333333334, 17.9325 ], [ 74.1075, 17.9325 ], [ 74.1075, 17.933333333333334 ], [ 74.106666666666669, 17.933333333333334 ], [ 74.106666666666669, 17.935 ], [ 74.105833333333337, 17.935 ], [ 74.105833333333337, 17.935833333333331 ], [ 74.105, 17.935833333333331 ], [ 74.105, 17.938333333333333 ], [ 74.104166666666671, 17.938333333333333 ], [ 74.104166666666671, 17.9425 ], [ 74.103333333333339, 17.9425 ], [ 74.103333333333339, 17.945833333333333 ], [ 74.1025, 17.945833333333333 ], [ 74.1025, 17.948333333333331 ], [ 74.103333333333339, 17.948333333333331 ], [ 74.104166666666671, 17.948333333333331 ], [ 74.104166666666671, 17.949166666666667 ], [ 74.103333333333339, 17.949166666666667 ], [ 74.103333333333339, 17.95 ], [ 74.1025, 17.95 ], [ 74.1025, 17.9525 ], [ 74.099166666666676, 17.9525 ], [ 74.099166666666676, 17.959166666666665 ], [ 74.098333333333343, 17.959166666666665 ], [ 74.098333333333343, 17.9625 ], [ 74.0975, 17.9625 ], [ 74.0975, 17.963333333333331 ], [ 74.096666666666664, 17.963333333333331 ], [ 74.096666666666664, 17.965 ], [ 74.095833333333331, 17.965 ], [ 74.095833333333331, 17.966666666666665 ], [ 74.088333333333338, 17.966666666666665 ], [ 74.088333333333338, 17.9675 ], [ 74.089166666666671, 17.9675 ], [ 74.089166666666671, 17.97583333333333 ], [ 74.088333333333338, 17.97583333333333 ], [ 74.088333333333338, 17.976666666666667 ], [ 74.0875, 17.976666666666667 ], [ 74.0875, 17.9775 ], [ 74.085, 17.9775 ], [ 74.085, 17.978333333333332 ], [ 74.084166666666675, 17.978333333333332 ], [ 74.084166666666675, 17.981666666666666 ], [ 74.083333333333343, 17.981666666666666 ], [ 74.083333333333343, 17.983333333333331 ], [ 74.0825, 17.983333333333331 ], [ 74.0825, 17.984166666666667 ], [ 74.081666666666678, 17.984166666666667 ], [ 74.081666666666678, 17.985833333333332 ], [ 74.080833333333331, 17.985833333333332 ], [ 74.080833333333331, 17.986666666666665 ], [ 74.08, 17.986666666666665 ], [ 74.08, 17.9875 ], [ 74.078333333333333, 17.9875 ], [ 74.078333333333333, 17.988333333333333 ], [ 74.0775, 17.988333333333333 ], [ 74.0775, 17.989166666666666 ], [ 74.076666666666668, 17.989166666666666 ], [ 74.076666666666668, 17.99 ], [ 74.075833333333335, 17.99 ], [ 74.075833333333335, 17.989166666666666 ], [ 74.0725, 17.989166666666666 ], [ 74.0725, 17.99 ], [ 74.07, 17.99 ], [ 74.07, 17.989166666666666 ], [ 74.069166666666675, 17.989166666666666 ], [ 74.069166666666675, 17.988333333333333 ], [ 74.065833333333345, 17.988333333333333 ], [ 74.065833333333345, 17.989166666666666 ], [ 74.064166666666665, 17.989166666666666 ], [ 74.064166666666665, 17.99 ], [ 74.063333333333333, 17.99 ], [ 74.063333333333333, 17.990833333333331 ], [ 74.0625, 17.990833333333331 ], [ 74.0625, 17.991666666666667 ], [ 74.061666666666667, 17.991666666666667 ], [ 74.061666666666667, 17.9925 ], [ 74.06, 17.9925 ], [ 74.06, 17.993333333333332 ], [ 74.0575, 17.993333333333332 ], [ 74.0575, 17.994166666666665 ], [ 74.056666666666672, 17.994166666666665 ], [ 74.056666666666672, 17.995 ], [ 74.055833333333339, 17.995 ], [ 74.055833333333339, 17.994166666666665 ], [ 74.055, 17.994166666666665 ], [ 74.054166666666674, 17.994166666666665 ], [ 74.054166666666674, 17.993333333333332 ], [ 74.051666666666677, 17.993333333333332 ], [ 74.051666666666677, 17.995833333333334 ], [ 74.050833333333344, 17.995833333333334 ], [ 74.050833333333344, 17.9975 ], [ 74.05, 17.9975 ], [ 74.05, 18.001666666666665 ], [ 74.049166666666665, 18.001666666666665 ], [ 74.049166666666665, 18.0025 ], [ 74.05, 18.0025 ], [ 74.05, 18.005833333333332 ], [ 74.033333333333331, 18.005833333333332 ], [ 74.033333333333331, 18.005 ], [ 74.03, 18.005 ], [ 74.03, 18.005833333333332 ], [ 74.028333333333336, 18.005833333333332 ], [ 74.028333333333336, 18.006666666666664 ], [ 74.0275, 18.006666666666664 ], [ 74.0275, 18.009166666666665 ], [ 74.026666666666671, 18.009166666666665 ], [ 74.026666666666671, 18.01 ], [ 74.024166666666673, 18.01 ], [ 74.024166666666673, 18.010833333333331 ], [ 74.018333333333331, 18.010833333333331 ], [ 74.018333333333331, 18.011666666666667 ], [ 74.01166666666667, 18.011666666666667 ], [ 74.01166666666667, 18.0125 ], [ 74.009166666666673, 18.0125 ], [ 74.009166666666673, 18.013333333333332 ], [ 74.00833333333334, 18.013333333333332 ], [ 74.00833333333334, 18.014166666666664 ], [ 74.005833333333342, 18.014166666666664 ], [ 74.005833333333342, 18.015 ], [ 74.005, 18.015 ], [ 74.005, 18.015833333333333 ], [ 74.003333333333345, 18.015833333333333 ], [ 74.003333333333345, 18.016666666666666 ], [ 74.001666666666665, 18.016666666666666 ], [ 74.001666666666665, 18.0175 ], [ 73.998333333333335, 18.0175 ], [ 73.998333333333335, 18.018333333333331 ], [ 73.994166666666672, 18.018333333333331 ], [ 73.994166666666672, 18.019166666666667 ], [ 73.9925, 18.019166666666667 ], [ 73.9925, 18.018333333333331 ], [ 73.990833333333342, 18.018333333333331 ], [ 73.990833333333342, 18.019166666666667 ], [ 73.988333333333344, 18.019166666666667 ], [ 73.988333333333344, 18.02 ], [ 73.986666666666665, 18.02 ], [ 73.986666666666665, 18.020833333333332 ], [ 73.985, 18.020833333333332 ], [ 73.985, 18.021666666666665 ], [ 73.9825, 18.021666666666665 ], [ 73.9825, 18.0225 ], [ 73.980833333333337, 18.0225 ], [ 73.980833333333337, 18.023333333333333 ], [ 73.98, 18.023333333333333 ], [ 73.98, 18.024166666666666 ], [ 73.976666666666674, 18.024166666666666 ], [ 73.976666666666674, 18.023333333333333 ], [ 73.975833333333341, 18.023333333333333 ], [ 73.975833333333341, 18.024166666666666 ], [ 73.973333333333343, 18.024166666666666 ], [ 73.973333333333343, 18.025 ], [ 73.970833333333331, 18.025 ], [ 73.970833333333331, 18.025833333333331 ], [ 73.97, 18.025833333333331 ], [ 73.97, 18.026666666666664 ], [ 73.969166666666666, 18.026666666666664 ], [ 73.969166666666666, 18.025833333333331 ], [ 73.968333333333334, 18.025833333333331 ], [ 73.966666666666669, 18.025833333333331 ], [ 73.966666666666669, 18.025 ], [ 73.965833333333336, 18.025 ], [ 73.964166666666671, 18.025 ], [ 73.964166666666671, 18.024166666666666 ], [ 73.955833333333331, 18.024166666666666 ], [ 73.955833333333331, 18.025 ], [ 73.955, 18.025 ], [ 73.955, 18.025833333333331 ], [ 73.954166666666666, 18.025833333333331 ], [ 73.954166666666666, 18.026666666666664 ], [ 73.953333333333333, 18.026666666666664 ], [ 73.953333333333333, 18.0275 ], [ 73.95, 18.0275 ], [ 73.95, 18.028333333333332 ], [ 73.948333333333338, 18.028333333333332 ], [ 73.948333333333338, 18.029166666666665 ], [ 73.94583333333334, 18.029166666666665 ], [ 73.94583333333334, 18.03 ], [ 73.9425, 18.03 ], [ 73.9425, 18.030833333333334 ], [ 73.939166666666665, 18.030833333333334 ], [ 73.939166666666665, 18.03 ], [ 73.938333333333333, 18.03 ], [ 73.935833333333335, 18.03 ], [ 73.935833333333335, 18.029166666666665 ], [ 73.935, 18.029166666666665 ], [ 73.933333333333337, 18.029166666666665 ], [ 73.933333333333337, 18.028333333333332 ], [ 73.9325, 18.028333333333332 ], [ 73.9325, 18.0275 ], [ 73.931666666666672, 18.0275 ], [ 73.931666666666672, 18.025 ], [ 73.930833333333339, 18.025 ], [ 73.930833333333339, 18.024166666666666 ], [ 73.93, 18.024166666666666 ], [ 73.929166666666674, 18.024166666666666 ], [ 73.929166666666674, 18.023333333333333 ], [ 73.928333333333342, 18.023333333333333 ], [ 73.9275, 18.023333333333333 ], [ 73.9275, 18.0225 ], [ 73.925, 18.0225 ], [ 73.925, 18.023333333333333 ], [ 73.921666666666667, 18.023333333333333 ], [ 73.921666666666667, 18.024166666666666 ], [ 73.918333333333337, 18.024166666666666 ], [ 73.918333333333337, 18.025 ], [ 73.916666666666671, 18.025 ], [ 73.916666666666671, 18.025833333333331 ], [ 73.915833333333339, 18.025833333333331 ], [ 73.915833333333339, 18.026666666666664 ], [ 73.914166666666674, 18.026666666666664 ], [ 73.914166666666674, 18.025833333333331 ], [ 73.9075, 18.025833333333331 ], [ 73.9075, 18.026666666666664 ], [ 73.906666666666666, 18.026666666666664 ], [ 73.906666666666666, 18.025833333333331 ], [ 73.905, 18.025833333333331 ], [ 73.905, 18.026666666666664 ], [ 73.903333333333336, 18.026666666666664 ], [ 73.903333333333336, 18.0275 ], [ 73.9, 18.0275 ], [ 73.9, 18.028333333333332 ], [ 73.898333333333341, 18.028333333333332 ], [ 73.898333333333341, 18.03 ], [ 73.896666666666675, 18.03 ], [ 73.896666666666675, 18.030833333333334 ], [ 73.894166666666678, 18.030833333333334 ], [ 73.894166666666678, 18.03 ], [ 73.889166666666668, 18.03 ], [ 73.889166666666668, 18.030833333333334 ], [ 73.8875, 18.030833333333334 ], [ 73.8875, 18.031666666666666 ], [ 73.88666666666667, 18.031666666666666 ], [ 73.88666666666667, 18.0325 ], [ 73.885, 18.0325 ], [ 73.885, 18.033333333333331 ], [ 73.88333333333334, 18.033333333333331 ], [ 73.88333333333334, 18.034166666666664 ], [ 73.8825, 18.034166666666664 ], [ 73.8825, 18.035833333333333 ], [ 73.881666666666675, 18.035833333333333 ], [ 73.881666666666675, 18.0375 ], [ 73.880833333333342, 18.0375 ], [ 73.880833333333342, 18.03833333333333 ], [ 73.879166666666677, 18.03833333333333 ], [ 73.879166666666677, 18.04 ], [ 73.878333333333345, 18.04 ], [ 73.878333333333345, 18.041666666666664 ], [ 73.8775, 18.041666666666664 ], [ 73.8775, 18.0425 ], [ 73.876666666666665, 18.0425 ], [ 73.876666666666665, 18.043333333333333 ], [ 73.875833333333333, 18.043333333333333 ], [ 73.875833333333333, 18.045 ], [ 73.875, 18.045 ], [ 73.875, 18.044166666666666 ], [ 73.874166666666667, 18.044166666666666 ], [ 73.874166666666667, 18.043333333333333 ], [ 73.873333333333335, 18.043333333333333 ], [ 73.8725, 18.043333333333333 ], [ 73.8725, 18.0425 ], [ 73.87166666666667, 18.0425 ], [ 73.868333333333339, 18.0425 ], [ 73.868333333333339, 18.04 ], [ 73.8675, 18.04 ], [ 73.8675, 18.03833333333333 ], [ 73.866666666666674, 18.03833333333333 ], [ 73.866666666666674, 18.0375 ], [ 73.865833333333342, 18.0375 ], [ 73.865833333333342, 18.036666666666665 ], [ 73.865, 18.036666666666665 ], [ 73.865, 18.035833333333333 ], [ 73.864166666666677, 18.035833333333333 ], [ 73.864166666666677, 18.035 ], [ 73.863333333333344, 18.035 ], [ 73.863333333333344, 18.034166666666664 ], [ 73.8625, 18.034166666666664 ], [ 73.8625, 18.033333333333331 ], [ 73.861666666666665, 18.033333333333331 ], [ 73.861666666666665, 18.031666666666666 ], [ 73.860833333333332, 18.031666666666666 ], [ 73.860833333333332, 18.028333333333332 ], [ 73.86, 18.028333333333332 ], [ 73.855, 18.028333333333332 ], [ 73.855, 18.029166666666665 ], [ 73.848333333333343, 18.029166666666665 ], [ 73.848333333333343, 18.03 ], [ 73.845833333333331, 18.03 ], [ 73.845833333333331, 18.030833333333334 ], [ 73.845, 18.030833333333334 ], [ 73.845, 18.03 ], [ 73.844166666666666, 18.03 ], [ 73.843333333333334, 18.03 ], [ 73.843333333333334, 18.029166666666665 ], [ 73.8425, 18.029166666666665 ], [ 73.8425, 18.028333333333332 ], [ 73.841666666666669, 18.028333333333332 ], [ 73.841666666666669, 18.0275 ], [ 73.840833333333336, 18.0275 ], [ 73.840833333333336, 18.026666666666664 ], [ 73.835833333333341, 18.026666666666664 ], [ 73.835833333333341, 18.0275 ], [ 73.835, 18.0275 ], [ 73.835, 18.026666666666664 ], [ 73.834166666666675, 18.026666666666664 ], [ 73.8325, 18.026666666666664 ], [ 73.8325, 18.025 ], [ 73.8275, 18.025 ], [ 73.8275, 18.025833333333331 ], [ 73.82416666666667, 18.025833333333331 ], [ 73.82416666666667, 18.026666666666664 ], [ 73.82083333333334, 18.026666666666664 ], [ 73.82083333333334, 18.0275 ], [ 73.82, 18.0275 ], [ 73.82, 18.028333333333332 ], [ 73.819166666666675, 18.028333333333332 ], [ 73.819166666666675, 18.029166666666665 ], [ 73.818333333333342, 18.029166666666665 ], [ 73.818333333333342, 18.03 ], [ 73.8175, 18.03 ], [ 73.8175, 18.030833333333334 ], [ 73.816666666666677, 18.030833333333334 ], [ 73.816666666666677, 18.03 ], [ 73.815, 18.03 ], [ 73.815, 18.030833333333334 ], [ 73.8125, 18.030833333333334 ], [ 73.8125, 18.03 ], [ 73.811666666666667, 18.03 ], [ 73.810833333333335, 18.03 ], [ 73.810833333333335, 18.029166666666665 ], [ 73.81, 18.029166666666665 ], [ 73.81, 18.028333333333332 ], [ 73.80916666666667, 18.028333333333332 ], [ 73.805833333333339, 18.028333333333332 ], [ 73.805833333333339, 18.0275 ], [ 73.805, 18.0275 ], [ 73.804166666666674, 18.0275 ], [ 73.804166666666674, 18.026666666666664 ], [ 73.803333333333342, 18.026666666666664 ], [ 73.8025, 18.026666666666664 ], [ 73.8025, 18.025 ], [ 73.801666666666677, 18.025 ], [ 73.801666666666677, 18.023333333333333 ], [ 73.800833333333344, 18.023333333333333 ], [ 73.800833333333344, 18.0225 ], [ 73.8, 18.0225 ], [ 73.799166666666665, 18.0225 ], [ 73.799166666666665, 18.021666666666665 ], [ 73.798333333333332, 18.021666666666665 ], [ 73.798333333333332, 18.020833333333332 ], [ 73.7975, 18.020833333333332 ], [ 73.7975, 18.02 ], [ 73.796666666666667, 18.02 ], [ 73.796666666666667, 18.019166666666667 ], [ 73.795833333333334, 18.019166666666667 ], [ 73.795833333333334, 18.018333333333331 ], [ 73.795, 18.018333333333331 ], [ 73.795, 18.0175 ], [ 73.794166666666669, 18.0175 ], [ 73.790833333333339, 18.0175 ], [ 73.790833333333339, 18.016666666666666 ], [ 73.789166666666674, 18.016666666666666 ], [ 73.789166666666674, 18.0175 ], [ 73.786666666666676, 18.0175 ], [ 73.786666666666676, 18.018333333333331 ], [ 73.785833333333343, 18.018333333333331 ], [ 73.785833333333343, 18.019166666666667 ], [ 73.784166666666664, 18.019166666666667 ], [ 73.784166666666664, 18.02 ], [ 73.7825, 18.02 ], [ 73.7825, 18.020833333333332 ], [ 73.781666666666666, 18.020833333333332 ], [ 73.781666666666666, 18.021666666666665 ], [ 73.780833333333334, 18.021666666666665 ], [ 73.780833333333334, 18.0225 ], [ 73.778333333333336, 18.0225 ], [ 73.778333333333336, 18.023333333333333 ], [ 73.775833333333338, 18.023333333333333 ], [ 73.775833333333338, 18.024166666666666 ], [ 73.7725, 18.024166666666666 ], [ 73.7725, 18.023333333333333 ], [ 73.771666666666675, 18.023333333333333 ], [ 73.770833333333343, 18.023333333333333 ], [ 73.770833333333343, 18.0225 ], [ 73.77, 18.0225 ], [ 73.769166666666678, 18.0225 ], [ 73.769166666666678, 18.021666666666665 ], [ 73.768333333333331, 18.021666666666665 ], [ 73.766666666666666, 18.021666666666665 ], [ 73.766666666666666, 18.020833333333332 ], [ 73.763333333333335, 18.020833333333332 ], [ 73.763333333333335, 18.021666666666665 ], [ 73.76166666666667, 18.021666666666665 ], [ 73.76166666666667, 18.0225 ], [ 73.759166666666673, 18.0225 ], [ 73.759166666666673, 18.023333333333333 ], [ 73.7575, 18.023333333333333 ], [ 73.7575, 18.024166666666666 ], [ 73.748333333333335, 18.024166666666666 ], [ 73.748333333333335, 18.025 ], [ 73.743333333333339, 18.025 ], [ 73.743333333333339, 18.025833333333331 ], [ 73.740833333333342, 18.025833333333331 ], [ 73.740833333333342, 18.026666666666664 ], [ 73.738333333333344, 18.026666666666664 ], [ 73.738333333333344, 18.0275 ], [ 73.7375, 18.0275 ], [ 73.7375, 18.028333333333332 ], [ 73.736666666666665, 18.028333333333332 ], [ 73.736666666666665, 18.029166666666665 ], [ 73.735833333333332, 18.029166666666665 ], [ 73.735833333333332, 18.03 ], [ 73.734166666666667, 18.03 ], [ 73.734166666666667, 18.030833333333334 ], [ 73.7325, 18.030833333333334 ], [ 73.7325, 18.031666666666666 ], [ 73.730833333333337, 18.031666666666666 ], [ 73.730833333333337, 18.0325 ], [ 73.73, 18.0325 ], [ 73.73, 18.033333333333331 ], [ 73.728333333333339, 18.033333333333331 ], [ 73.728333333333339, 18.034166666666664 ], [ 73.7275, 18.034166666666664 ], [ 73.7275, 18.035833333333333 ], [ 73.726666666666674, 18.035833333333333 ], [ 73.726666666666674, 18.039166666666667 ], [ 73.725833333333341, 18.039166666666667 ], [ 73.725833333333341, 18.043333333333333 ], [ 73.725, 18.043333333333333 ], [ 73.725, 18.045 ], [ 73.723333333333343, 18.045 ], [ 73.723333333333343, 18.048333333333332 ], [ 73.7175, 18.048333333333332 ], [ 73.7175, 18.049166666666665 ], [ 73.716666666666669, 18.049166666666665 ], [ 73.716666666666669, 18.048333333333332 ], [ 73.715833333333336, 18.048333333333332 ], [ 73.711666666666673, 18.048333333333332 ], [ 73.711666666666673, 18.0475 ], [ 73.71, 18.0475 ], [ 73.71, 18.048333333333332 ], [ 73.705833333333331, 18.048333333333332 ], [ 73.705833333333331, 18.049166666666665 ], [ 73.701666666666668, 18.049166666666665 ], [ 73.701666666666668, 18.048333333333332 ], [ 73.700833333333335, 18.048333333333332 ], [ 73.6975, 18.048333333333332 ], [ 73.6975, 18.0475 ], [ 73.696666666666673, 18.0475 ], [ 73.696666666666673, 18.046666666666667 ], [ 73.69583333333334, 18.046666666666667 ], [ 73.69583333333334, 18.045833333333331 ], [ 73.695, 18.045833333333331 ], [ 73.695, 18.045 ], [ 73.694166666666675, 18.045 ], [ 73.694166666666675, 18.044166666666666 ], [ 73.693333333333342, 18.044166666666666 ], [ 73.693333333333342, 18.043333333333333 ], [ 73.6925, 18.043333333333333 ], [ 73.6925, 18.0425 ], [ 73.691666666666677, 18.0425 ], [ 73.691666666666677, 18.041666666666664 ], [ 73.690833333333345, 18.041666666666664 ], [ 73.69, 18.041666666666664 ], [ 73.69, 18.040833333333332 ], [ 73.689166666666665, 18.040833333333332 ], [ 73.6875, 18.040833333333332 ], [ 73.6875, 18.04 ], [ 73.686666666666667, 18.04 ], [ 73.686666666666667, 18.039166666666667 ], [ 73.685833333333335, 18.039166666666667 ], [ 73.685, 18.039166666666667 ], [ 73.685, 18.03833333333333 ], [ 73.68416666666667, 18.03833333333333 ], [ 73.68416666666667, 18.0375 ], [ 73.683333333333337, 18.0375 ], [ 73.6825, 18.0375 ], [ 73.6825, 18.036666666666665 ], [ 73.681666666666672, 18.036666666666665 ], [ 73.681666666666672, 18.035833333333333 ], [ 73.680833333333339, 18.035833333333333 ], [ 73.68, 18.035833333333333 ], [ 73.68, 18.035 ], [ 73.679166666666674, 18.035 ], [ 73.679166666666674, 18.034166666666664 ], [ 73.678333333333342, 18.034166666666664 ], [ 73.678333333333342, 18.033333333333331 ], [ 73.6775, 18.033333333333331 ], [ 73.6775, 18.0325 ], [ 73.676666666666677, 18.0325 ], [ 73.675833333333344, 18.0325 ], [ 73.675833333333344, 18.031666666666666 ], [ 73.675, 18.031666666666666 ], [ 73.671666666666667, 18.031666666666666 ], [ 73.671666666666667, 18.030833333333334 ], [ 73.67, 18.030833333333334 ], [ 73.67, 18.031666666666666 ], [ 73.668333333333337, 18.031666666666666 ], [ 73.668333333333337, 18.030833333333334 ], [ 73.663333333333341, 18.030833333333334 ], [ 73.663333333333341, 18.031666666666666 ], [ 73.660833333333343, 18.031666666666666 ], [ 73.660833333333343, 18.0325 ], [ 73.66, 18.0325 ], [ 73.66, 18.033333333333331 ], [ 73.658333333333331, 18.033333333333331 ], [ 73.658333333333331, 18.034166666666664 ], [ 73.6575, 18.034166666666664 ], [ 73.6575, 18.035 ], [ 73.655, 18.035 ], [ 73.655, 18.035833333333333 ], [ 73.6525, 18.035833333333333 ], [ 73.6525, 18.036666666666665 ], [ 73.65, 18.036666666666665 ], [ 73.65, 18.0375 ], [ 73.649166666666673, 18.0375 ], [ 73.649166666666673, 18.03833333333333 ], [ 73.648333333333341, 18.03833333333333 ], [ 73.648333333333341, 18.039166666666667 ], [ 73.6475, 18.039166666666667 ], [ 73.6475, 18.04 ], [ 73.646666666666675, 18.04 ], [ 73.646666666666675, 18.040833333333332 ], [ 73.645833333333343, 18.040833333333332 ], [ 73.645833333333343, 18.041666666666664 ], [ 73.645, 18.041666666666664 ], [ 73.645, 18.0425 ], [ 73.641666666666666, 18.0425 ], [ 73.641666666666666, 18.043333333333333 ], [ 73.64, 18.043333333333333 ], [ 73.64, 18.044166666666666 ], [ 73.639166666666668, 18.044166666666666 ], [ 73.639166666666668, 18.045 ], [ 73.638333333333335, 18.045 ], [ 73.638333333333335, 18.045833333333331 ], [ 73.63, 18.045833333333331 ], [ 73.63, 18.045 ], [ 73.6275, 18.045 ], [ 73.6275, 18.045833333333331 ], [ 73.626666666666665, 18.045833333333331 ], [ 73.626666666666665, 18.046666666666667 ], [ 73.625833333333333, 18.046666666666667 ], [ 73.625833333333333, 18.049166666666665 ], [ 73.625, 18.049166666666665 ], [ 73.625, 18.05 ], [ 73.624166666666667, 18.05 ], [ 73.624166666666667, 18.050833333333333 ], [ 73.62166666666667, 18.050833333333333 ], [ 73.62166666666667, 18.051666666666666 ], [ 73.619166666666672, 18.051666666666666 ], [ 73.619166666666672, 18.0525 ], [ 73.618333333333339, 18.0525 ], [ 73.618333333333339, 18.053333333333331 ], [ 73.6175, 18.053333333333331 ], [ 73.6175, 18.054166666666667 ], [ 73.616666666666674, 18.054166666666667 ], [ 73.616666666666674, 18.055833333333332 ], [ 73.615833333333342, 18.055833333333332 ], [ 73.615833333333342, 18.0575 ], [ 73.615, 18.0575 ], [ 73.615, 18.058333333333334 ], [ 73.611666666666665, 18.058333333333334 ], [ 73.611666666666665, 18.0625 ], [ 73.6125, 18.0625 ], [ 73.6125, 18.06583333333333 ], [ 73.613333333333344, 18.06583333333333 ], [ 73.613333333333344, 18.0675 ], [ 73.614166666666677, 18.0675 ], [ 73.614166666666677, 18.069166666666664 ], [ 73.615, 18.069166666666664 ], [ 73.615, 18.07 ], [ 73.615833333333342, 18.07 ], [ 73.615833333333342, 18.070833333333333 ], [ 73.616666666666674, 18.070833333333333 ], [ 73.6175, 18.070833333333333 ], [ 73.6175, 18.071666666666665 ], [ 73.618333333333339, 18.071666666666665 ], [ 73.618333333333339, 18.0725 ], [ 73.619166666666672, 18.0725 ], [ 73.619166666666672, 18.074166666666667 ], [ 73.62, 18.074166666666667 ], [ 73.62, 18.0775 ], [ 73.618333333333339, 18.0775 ], [ 73.618333333333339, 18.078333333333333 ], [ 73.615833333333342, 18.078333333333333 ], [ 73.615833333333342, 18.079166666666666 ], [ 73.615, 18.079166666666666 ], [ 73.615, 18.08 ], [ 73.6125, 18.08 ], [ 73.6125, 18.080833333333331 ], [ 73.606666666666669, 18.080833333333331 ], [ 73.606666666666669, 18.081666666666667 ], [ 73.605833333333337, 18.081666666666667 ], [ 73.605833333333337, 18.0825 ], [ 73.6025, 18.0825 ], [ 73.6025, 18.081666666666667 ], [ 73.601666666666674, 18.081666666666667 ], [ 73.601666666666674, 18.083333333333332 ], [ 73.600833333333341, 18.083333333333332 ], [ 73.600833333333341, 18.084166666666665 ], [ 73.601666666666674, 18.084166666666665 ], [ 73.601666666666674, 18.085 ], [ 73.6025, 18.085 ], [ 73.603333333333339, 18.085 ], [ 73.603333333333339, 18.085833333333333 ], [ 73.604166666666671, 18.085833333333333 ], [ 73.604166666666671, 18.086666666666666 ], [ 73.605, 18.086666666666666 ], [ 73.605833333333337, 18.086666666666666 ], [ 73.605833333333337, 18.0875 ], [ 73.606666666666669, 18.0875 ], [ 73.606666666666669, 18.088333333333331 ], [ 73.6075, 18.088333333333331 ], [ 73.6075, 18.09 ], [ 73.608333333333334, 18.09 ], [ 73.608333333333334, 18.090833333333332 ], [ 73.609166666666667, 18.090833333333332 ], [ 73.609166666666667, 18.095 ], [ 73.61, 18.095 ], [ 73.61, 18.095833333333331 ], [ 73.609166666666667, 18.095833333333331 ], [ 73.609166666666667, 18.096666666666664 ], [ 73.61, 18.096666666666664 ], [ 73.61, 18.0975 ], [ 73.610833333333332, 18.0975 ], [ 73.610833333333332, 18.099166666666665 ], [ 73.611666666666665, 18.099166666666665 ], [ 73.611666666666665, 18.1 ], [ 73.6125, 18.1 ], [ 73.613333333333344, 18.1 ], [ 73.613333333333344, 18.1025 ], [ 73.614166666666677, 18.1025 ], [ 73.614166666666677, 18.103333333333332 ], [ 73.615, 18.103333333333332 ], [ 73.615833333333342, 18.103333333333332 ], [ 73.615833333333342, 18.104166666666664 ], [ 73.616666666666674, 18.104166666666664 ], [ 73.6175, 18.104166666666664 ], [ 73.6175, 18.105 ], [ 73.620833333333337, 18.105 ], [ 73.62166666666667, 18.105 ], [ 73.62166666666667, 18.105833333333333 ], [ 73.623333333333335, 18.105833333333333 ], [ 73.624166666666667, 18.105833333333333 ], [ 73.624166666666667, 18.106666666666666 ], [ 73.625, 18.106666666666666 ], [ 73.625833333333333, 18.106666666666666 ], [ 73.625833333333333, 18.1075 ], [ 73.6275, 18.1075 ], [ 73.6275, 18.106666666666666 ], [ 73.629166666666677, 18.106666666666666 ], [ 73.629166666666677, 18.1075 ], [ 73.634166666666673, 18.1075 ], [ 73.635, 18.1075 ], [ 73.635, 18.109166666666667 ], [ 73.635833333333338, 18.109166666666667 ], [ 73.635833333333338, 18.11 ], [ 73.6375, 18.11 ], [ 73.638333333333335, 18.11 ], [ 73.638333333333335, 18.110833333333332 ], [ 73.639166666666668, 18.110833333333332 ], [ 73.639166666666668, 18.1125 ], [ 73.64, 18.1125 ], [ 73.64, 18.116666666666667 ], [ 73.640833333333333, 18.116666666666667 ], [ 73.640833333333333, 18.119166666666665 ], [ 73.641666666666666, 18.119166666666665 ], [ 73.641666666666666, 18.120833333333334 ], [ 73.6425, 18.120833333333334 ], [ 73.6425, 18.1225 ], [ 73.643333333333331, 18.1225 ], [ 73.644166666666678, 18.1225 ], [ 73.644166666666678, 18.123333333333331 ], [ 73.645, 18.123333333333331 ], [ 73.645, 18.124166666666664 ], [ 73.645833333333343, 18.124166666666664 ], [ 73.645833333333343, 18.126666666666665 ], [ 73.646666666666675, 18.126666666666665 ], [ 73.646666666666675, 18.1275 ], [ 73.6475, 18.1275 ], [ 73.6475, 18.129166666666666 ], [ 73.648333333333341, 18.129166666666666 ], [ 73.648333333333341, 18.130833333333332 ], [ 73.649166666666673, 18.130833333333332 ], [ 73.65, 18.130833333333332 ], [ 73.65, 18.131666666666664 ], [ 73.651666666666671, 18.131666666666664 ], [ 73.6525, 18.131666666666664 ], [ 73.6525, 18.1325 ], [ 73.653333333333336, 18.1325 ], [ 73.653333333333336, 18.133333333333333 ], [ 73.654166666666669, 18.133333333333333 ], [ 73.655, 18.133333333333333 ], [ 73.655, 18.134166666666665 ], [ 73.659166666666664, 18.134166666666665 ], [ 73.659166666666664, 18.133333333333333 ], [ 73.66, 18.133333333333333 ], [ 73.66, 18.134166666666665 ], [ 73.6725, 18.134166666666665 ], [ 73.6725, 18.133333333333333 ], [ 73.675833333333344, 18.133333333333333 ], [ 73.675833333333344, 18.1325 ], [ 73.6775, 18.1325 ], [ 73.6775, 18.131666666666664 ], [ 73.678333333333342, 18.131666666666664 ], [ 73.678333333333342, 18.133333333333333 ], [ 73.679166666666674, 18.133333333333333 ], [ 73.679166666666674, 18.134166666666665 ], [ 73.68, 18.134166666666665 ], [ 73.68, 18.135 ], [ 73.680833333333339, 18.135 ], [ 73.680833333333339, 18.135833333333331 ], [ 73.681666666666672, 18.135833333333331 ], [ 73.681666666666672, 18.14 ], [ 73.6825, 18.14 ], [ 73.6825, 18.140833333333333 ], [ 73.683333333333337, 18.140833333333333 ], [ 73.683333333333337, 18.141666666666666 ], [ 73.68416666666667, 18.141666666666666 ], [ 73.685, 18.141666666666666 ], [ 73.685, 18.1425 ], [ 73.68416666666667, 18.1425 ], [ 73.68416666666667, 18.144166666666667 ], [ 73.683333333333337, 18.144166666666667 ], [ 73.683333333333337, 18.145 ], [ 73.6825, 18.145 ], [ 73.6825, 18.146666666666665 ], [ 73.681666666666672, 18.146666666666665 ], [ 73.681666666666672, 18.15 ], [ 73.680833333333339, 18.15 ], [ 73.680833333333339, 18.1525 ], [ 73.68, 18.1525 ], [ 73.68, 18.156666666666666 ], [ 73.679166666666674, 18.156666666666666 ], [ 73.679166666666674, 18.1575 ], [ 73.678333333333342, 18.1575 ], [ 73.678333333333342, 18.158333333333331 ], [ 73.675833333333344, 18.158333333333331 ], [ 73.675833333333344, 18.159166666666664 ], [ 73.673333333333332, 18.159166666666664 ], [ 73.673333333333332, 18.16 ], [ 73.668333333333337, 18.16 ], [ 73.668333333333337, 18.1625 ], [ 73.6675, 18.1625 ], [ 73.6675, 18.16333333333333 ], [ 73.666666666666671, 18.16333333333333 ], [ 73.666666666666671, 18.164166666666667 ], [ 73.665833333333339, 18.164166666666667 ], [ 73.665833333333339, 18.165 ], [ 73.664166666666674, 18.165 ], [ 73.664166666666674, 18.169166666666666 ], [ 73.663333333333341, 18.169166666666666 ], [ 73.663333333333341, 18.170833333333331 ], [ 73.661666666666676, 18.170833333333331 ], [ 73.661666666666676, 18.171666666666667 ], [ 73.660833333333343, 18.171666666666667 ], [ 73.660833333333343, 18.1725 ], [ 73.66, 18.1725 ], [ 73.66, 18.173333333333332 ], [ 73.659166666666664, 18.173333333333332 ], [ 73.659166666666664, 18.174166666666665 ], [ 73.658333333333331, 18.174166666666665 ], [ 73.658333333333331, 18.176666666666666 ], [ 73.6575, 18.176666666666666 ], [ 73.6575, 18.1775 ], [ 73.6525, 18.1775 ], [ 73.6525, 18.176666666666666 ], [ 73.651666666666671, 18.176666666666666 ], [ 73.649166666666673, 18.176666666666666 ], [ 73.649166666666673, 18.175833333333333 ], [ 73.648333333333341, 18.175833333333333 ], [ 73.648333333333341, 18.175 ], [ 73.640833333333333, 18.175 ], [ 73.640833333333333, 18.175833333333333 ], [ 73.639166666666668, 18.175833333333333 ], [ 73.639166666666668, 18.176666666666666 ], [ 73.634166666666673, 18.176666666666666 ], [ 73.634166666666673, 18.1775 ], [ 73.6325, 18.1775 ], [ 73.6325, 18.176666666666666 ], [ 73.631666666666675, 18.176666666666666 ], [ 73.631666666666675, 18.175833333333333 ], [ 73.63, 18.175833333333333 ], [ 73.63, 18.176666666666666 ], [ 73.629166666666677, 18.176666666666666 ], [ 73.629166666666677, 18.1775 ], [ 73.628333333333345, 18.1775 ], [ 73.628333333333345, 18.178333333333331 ], [ 73.625, 18.178333333333331 ], [ 73.625, 18.179166666666667 ], [ 73.624166666666667, 18.179166666666667 ], [ 73.624166666666667, 18.18 ], [ 73.6225, 18.18 ], [ 73.6225, 18.180833333333332 ], [ 73.62166666666667, 18.180833333333332 ], [ 73.62166666666667, 18.1825 ], [ 73.619166666666672, 18.1825 ], [ 73.619166666666672, 18.183333333333334 ], [ 73.6175, 18.183333333333334 ], [ 73.6175, 18.184166666666666 ], [ 73.615, 18.184166666666666 ], [ 73.615, 18.185 ], [ 73.614166666666677, 18.185 ], [ 73.614166666666677, 18.184166666666666 ], [ 73.613333333333344, 18.184166666666666 ], [ 73.613333333333344, 18.185 ], [ 73.6125, 18.185 ], [ 73.6125, 18.185833333333331 ], [ 73.610833333333332, 18.185833333333331 ], [ 73.610833333333332, 18.186666666666664 ], [ 73.61, 18.186666666666664 ], [ 73.61, 18.1875 ], [ 73.6075, 18.1875 ], [ 73.6075, 18.188333333333333 ], [ 73.605, 18.188333333333333 ], [ 73.605, 18.189166666666665 ], [ 73.600833333333341, 18.189166666666665 ], [ 73.600833333333341, 18.19 ], [ 73.593333333333334, 18.19 ], [ 73.593333333333334, 18.19083333333333 ], [ 73.59, 18.19083333333333 ], [ 73.59, 18.191666666666666 ], [ 73.5875, 18.191666666666666 ], [ 73.5875, 18.1925 ], [ 73.585833333333341, 18.1925 ], [ 73.585833333333341, 18.193333333333332 ], [ 73.584166666666675, 18.193333333333332 ], [ 73.584166666666675, 18.194166666666664 ], [ 73.580833333333331, 18.194166666666664 ], [ 73.580833333333331, 18.195 ], [ 73.58, 18.195 ], [ 73.58, 18.195833333333333 ], [ 73.579166666666666, 18.195833333333333 ], [ 73.579166666666666, 18.1975 ], [ 73.58, 18.1975 ], [ 73.58, 18.198333333333331 ], [ 73.579166666666666, 18.198333333333331 ], [ 73.579166666666666, 18.2 ], [ 73.578333333333333, 18.2 ], [ 73.578333333333333, 18.201666666666664 ], [ 73.5775, 18.201666666666664 ], [ 73.5775, 18.2025 ], [ 73.576666666666668, 18.2025 ], [ 73.576666666666668, 18.203333333333333 ], [ 73.575833333333335, 18.203333333333333 ], [ 73.575833333333335, 18.204166666666666 ], [ 73.575, 18.204166666666666 ], [ 73.575, 18.205833333333331 ], [ 73.57416666666667, 18.205833333333331 ], [ 73.57416666666667, 18.2075 ], [ 73.573333333333338, 18.2075 ], [ 73.573333333333338, 18.208333333333332 ], [ 73.5725, 18.208333333333332 ], [ 73.5725, 18.209166666666665 ], [ 73.57, 18.209166666666665 ], [ 73.57, 18.208333333333332 ], [ 73.568333333333342, 18.208333333333332 ], [ 73.568333333333342, 18.209166666666665 ], [ 73.566666666666677, 18.209166666666665 ], [ 73.566666666666677, 18.21 ], [ 73.565, 18.21 ], [ 73.565, 18.210833333333333 ], [ 73.564166666666665, 18.210833333333333 ], [ 73.564166666666665, 18.211666666666666 ], [ 73.563333333333333, 18.211666666666666 ], [ 73.563333333333333, 18.2125 ], [ 73.561666666666667, 18.2125 ], [ 73.561666666666667, 18.213333333333331 ], [ 73.55916666666667, 18.213333333333331 ], [ 73.55916666666667, 18.214166666666664 ], [ 73.558333333333337, 18.214166666666664 ], [ 73.558333333333337, 18.215 ], [ 73.5575, 18.215 ], [ 73.5575, 18.216666666666665 ], [ 73.556666666666672, 18.216666666666665 ], [ 73.556666666666672, 18.2175 ], [ 73.554166666666674, 18.2175 ], [ 73.554166666666674, 18.218333333333334 ], [ 73.5525, 18.218333333333334 ], [ 73.5525, 18.219166666666666 ], [ 73.550833333333344, 18.219166666666666 ], [ 73.550833333333344, 18.22 ], [ 73.548333333333332, 18.22 ], [ 73.548333333333332, 18.220833333333331 ], [ 73.5475, 18.220833333333331 ], [ 73.5475, 18.221666666666664 ], [ 73.545833333333334, 18.221666666666664 ], [ 73.545833333333334, 18.2225 ], [ 73.545, 18.2225 ], [ 73.545, 18.223333333333333 ], [ 73.54, 18.223333333333333 ], [ 73.54, 18.224166666666665 ], [ 73.5375, 18.224166666666665 ], [ 73.5375, 18.225 ], [ 73.536666666666676, 18.225 ], [ 73.536666666666676, 18.2275 ], [ 73.535833333333343, 18.2275 ], [ 73.535833333333343, 18.228333333333332 ], [ 73.535, 18.228333333333332 ], [ 73.535, 18.23 ], [ 73.535833333333343, 18.23 ], [ 73.535833333333343, 18.231666666666666 ], [ 73.536666666666676, 18.231666666666666 ], [ 73.536666666666676, 18.234166666666667 ], [ 73.5375, 18.234166666666667 ], [ 73.5375, 18.235 ], [ 73.538333333333341, 18.235 ], [ 73.538333333333341, 18.236666666666665 ], [ 73.539166666666674, 18.236666666666665 ], [ 73.539166666666674, 18.2375 ], [ 73.54, 18.2375 ], [ 73.54, 18.238333333333333 ], [ 73.540833333333339, 18.238333333333333 ], [ 73.540833333333339, 18.239166666666666 ], [ 73.541666666666671, 18.239166666666666 ], [ 73.541666666666671, 18.24 ], [ 73.5425, 18.24 ], [ 73.5425, 18.240833333333331 ], [ 73.543333333333337, 18.240833333333331 ], [ 73.543333333333337, 18.241666666666667 ], [ 73.545, 18.241666666666667 ], [ 73.545833333333334, 18.241666666666667 ], [ 73.545833333333334, 18.243333333333332 ], [ 73.545, 18.243333333333332 ], [ 73.545, 18.245833333333334 ], [ 73.544166666666669, 18.245833333333334 ], [ 73.544166666666669, 18.249166666666664 ], [ 73.543333333333337, 18.249166666666664 ], [ 73.543333333333337, 18.25 ], [ 73.5425, 18.25 ], [ 73.5425, 18.250833333333333 ], [ 73.54, 18.250833333333333 ], [ 73.54, 18.251666666666665 ], [ 73.538333333333341, 18.251666666666665 ], [ 73.538333333333341, 18.2525 ], [ 73.536666666666676, 18.2525 ], [ 73.536666666666676, 18.25333333333333 ], [ 73.535833333333343, 18.25333333333333 ], [ 73.535833333333343, 18.254166666666666 ], [ 73.534166666666664, 18.254166666666666 ], [ 73.534166666666664, 18.255 ], [ 73.5325, 18.255 ], [ 73.5325, 18.255833333333332 ], [ 73.531666666666666, 18.255833333333332 ], [ 73.531666666666666, 18.256666666666664 ], [ 73.53, 18.256666666666664 ], [ 73.53, 18.2575 ], [ 73.529166666666669, 18.2575 ], [ 73.529166666666669, 18.259166666666665 ], [ 73.528333333333336, 18.259166666666665 ], [ 73.528333333333336, 18.26 ], [ 73.5275, 18.26 ], [ 73.5275, 18.265 ], [ 73.526666666666671, 18.265 ], [ 73.526666666666671, 18.266666666666666 ], [ 73.5275, 18.266666666666666 ], [ 73.5275, 18.268333333333331 ], [ 73.528333333333336, 18.268333333333331 ], [ 73.528333333333336, 18.269166666666667 ], [ 73.529166666666669, 18.269166666666667 ], [ 73.529166666666669, 18.27 ], [ 73.53, 18.27 ], [ 73.530833333333334, 18.27 ], [ 73.530833333333334, 18.270833333333332 ], [ 73.531666666666666, 18.270833333333332 ], [ 73.531666666666666, 18.271666666666665 ], [ 73.5325, 18.271666666666665 ], [ 73.5325, 18.2725 ], [ 73.533333333333331, 18.2725 ], [ 73.533333333333331, 18.273333333333333 ], [ 73.534166666666664, 18.273333333333333 ], [ 73.534166666666664, 18.274166666666666 ], [ 73.535, 18.274166666666666 ], [ 73.535, 18.275833333333331 ], [ 73.535833333333343, 18.275833333333331 ], [ 73.535833333333343, 18.276666666666664 ], [ 73.536666666666676, 18.276666666666664 ], [ 73.536666666666676, 18.2775 ], [ 73.535833333333343, 18.2775 ], [ 73.535833333333343, 18.279166666666665 ], [ 73.535, 18.279166666666665 ], [ 73.535, 18.28 ], [ 73.534166666666664, 18.28 ], [ 73.534166666666664, 18.280833333333334 ], [ 73.533333333333331, 18.280833333333334 ], [ 73.533333333333331, 18.2825 ], [ 73.5325, 18.2825 ], [ 73.5325, 18.283333333333331 ], [ 73.531666666666666, 18.283333333333331 ], [ 73.531666666666666, 18.284166666666664 ], [ 73.530833333333334, 18.284166666666664 ], [ 73.530833333333334, 18.285 ], [ 73.53, 18.285 ], [ 73.53, 18.29 ], [ 73.530833333333334, 18.29 ], [ 73.530833333333334, 18.294166666666666 ], [ 73.53, 18.294166666666666 ], [ 73.53, 18.295 ], [ 73.529166666666669, 18.295 ], [ 73.529166666666669, 18.296666666666667 ], [ 73.530833333333334, 18.296666666666667 ], [ 73.531666666666666, 18.296666666666667 ], [ 73.531666666666666, 18.2975 ], [ 73.535, 18.2975 ], [ 73.535833333333343, 18.2975 ], [ 73.535833333333343, 18.298333333333332 ], [ 73.536666666666676, 18.298333333333332 ], [ 73.5375, 18.298333333333332 ], [ 73.5375, 18.299166666666665 ], [ 73.538333333333341, 18.299166666666665 ], [ 73.538333333333341, 18.3 ], [ 73.54, 18.3 ], [ 73.540833333333339, 18.3 ], [ 73.540833333333339, 18.300833333333333 ], [ 73.541666666666671, 18.300833333333333 ], [ 73.5425, 18.300833333333333 ], [ 73.5425, 18.301666666666666 ], [ 73.543333333333337, 18.301666666666666 ], [ 73.543333333333337, 18.3025 ], [ 73.544166666666669, 18.3025 ], [ 73.544166666666669, 18.303333333333331 ], [ 73.551666666666677, 18.303333333333331 ], [ 73.5525, 18.303333333333331 ], [ 73.5525, 18.304166666666667 ], [ 73.553333333333342, 18.304166666666667 ], [ 73.553333333333342, 18.305833333333332 ], [ 73.554166666666674, 18.305833333333332 ], [ 73.554166666666674, 18.306666666666665 ], [ 73.558333333333337, 18.306666666666665 ], [ 73.55916666666667, 18.306666666666665 ], [ 73.55916666666667, 18.3075 ], [ 73.56, 18.3075 ], [ 73.56, 18.308333333333334 ], [ 73.560833333333335, 18.308333333333334 ], [ 73.560833333333335, 18.309166666666666 ], [ 73.561666666666667, 18.309166666666666 ], [ 73.561666666666667, 18.31 ], [ 73.5625, 18.31 ], [ 73.5625, 18.310833333333331 ], [ 73.563333333333333, 18.310833333333331 ], [ 73.563333333333333, 18.311666666666664 ], [ 73.564166666666665, 18.311666666666664 ], [ 73.564166666666665, 18.3125 ], [ 73.565833333333345, 18.3125 ], [ 73.566666666666677, 18.3125 ], [ 73.566666666666677, 18.313333333333333 ], [ 73.569166666666675, 18.313333333333333 ], [ 73.57, 18.313333333333333 ], [ 73.57, 18.314166666666665 ], [ 73.573333333333338, 18.314166666666665 ], [ 73.573333333333338, 18.313333333333333 ], [ 73.575833333333335, 18.313333333333333 ], [ 73.575833333333335, 18.314166666666665 ], [ 73.576666666666668, 18.314166666666665 ], [ 73.576666666666668, 18.316666666666666 ], [ 73.5775, 18.316666666666666 ], [ 73.5775, 18.319166666666664 ], [ 73.579166666666666, 18.319166666666664 ], [ 73.58, 18.319166666666664 ], [ 73.58, 18.321666666666665 ], [ 73.580833333333331, 18.321666666666665 ], [ 73.580833333333331, 18.324166666666667 ], [ 73.581666666666678, 18.324166666666667 ], [ 73.581666666666678, 18.325 ], [ 73.5825, 18.325 ], [ 73.5825, 18.325833333333332 ], [ 73.583333333333343, 18.325833333333332 ], [ 73.583333333333343, 18.3275 ], [ 73.584166666666675, 18.3275 ], [ 73.585, 18.3275 ], [ 73.585, 18.328333333333333 ], [ 73.585833333333341, 18.328333333333333 ], [ 73.586666666666673, 18.328333333333333 ], [ 73.586666666666673, 18.329166666666666 ], [ 73.5875, 18.329166666666666 ], [ 73.5875, 18.33 ], [ 73.588333333333338, 18.33 ], [ 73.588333333333338, 18.330833333333331 ], [ 73.589166666666671, 18.330833333333331 ], [ 73.59, 18.330833333333331 ], [ 73.59, 18.3325 ], [ 73.5925, 18.3325 ], [ 73.593333333333334, 18.3325 ], [ 73.593333333333334, 18.333333333333332 ], [ 73.595, 18.333333333333332 ], [ 73.595833333333331, 18.333333333333332 ], [ 73.595833333333331, 18.334166666666665 ], [ 73.5975, 18.334166666666665 ], [ 73.598333333333343, 18.334166666666665 ], [ 73.598333333333343, 18.335 ], [ 73.599166666666676, 18.335 ], [ 73.6, 18.335 ], [ 73.6, 18.335833333333333 ], [ 73.600833333333341, 18.335833333333333 ], [ 73.601666666666674, 18.335833333333333 ], [ 73.601666666666674, 18.336666666666666 ], [ 73.6025, 18.336666666666666 ], [ 73.6025, 18.3375 ], [ 73.606666666666669, 18.3375 ], [ 73.606666666666669, 18.336666666666666 ], [ 73.6075, 18.336666666666666 ], [ 73.608333333333334, 18.336666666666666 ], [ 73.608333333333334, 18.338333333333331 ], [ 73.611666666666665, 18.338333333333331 ], [ 73.611666666666665, 18.3375 ], [ 73.614166666666677, 18.3375 ], [ 73.614166666666677, 18.336666666666666 ], [ 73.615833333333342, 18.336666666666666 ], [ 73.615833333333342, 18.335833333333333 ], [ 73.619166666666672, 18.335833333333333 ], [ 73.619166666666672, 18.335 ], [ 73.62, 18.335 ], [ 73.62, 18.334166666666665 ], [ 73.623333333333335, 18.334166666666665 ], [ 73.623333333333335, 18.335 ], [ 73.628333333333345, 18.335 ], [ 73.629166666666677, 18.335 ], [ 73.629166666666677, 18.335833333333333 ], [ 73.63, 18.335833333333333 ], [ 73.63, 18.336666666666666 ], [ 73.630833333333342, 18.336666666666666 ], [ 73.631666666666675, 18.336666666666666 ], [ 73.631666666666675, 18.3375 ], [ 73.6325, 18.3375 ], [ 73.6325, 18.336666666666666 ], [ 73.635833333333338, 18.336666666666666 ], [ 73.635833333333338, 18.335833333333333 ], [ 73.643333333333331, 18.335833333333333 ], [ 73.643333333333331, 18.336666666666666 ], [ 73.645, 18.336666666666666 ], [ 73.645833333333343, 18.336666666666666 ], [ 73.645833333333343, 18.3375 ], [ 73.646666666666675, 18.3375 ], [ 73.6475, 18.3375 ], [ 73.6475, 18.338333333333331 ], [ 73.648333333333341, 18.338333333333331 ], [ 73.648333333333341, 18.339166666666664 ], [ 73.650833333333338, 18.339166666666664 ], [ 73.651666666666671, 18.339166666666664 ], [ 73.651666666666671, 18.34 ], [ 73.654166666666669, 18.34 ], [ 73.655, 18.34 ], [ 73.655, 18.340833333333332 ], [ 73.660833333333343, 18.340833333333332 ], [ 73.661666666666676, 18.340833333333332 ], [ 73.661666666666676, 18.341666666666665 ], [ 73.6625, 18.341666666666665 ], [ 73.6625, 18.3425 ], [ 73.6675, 18.3425 ], [ 73.6675, 18.341666666666665 ], [ 73.668333333333337, 18.341666666666665 ], [ 73.668333333333337, 18.34 ], [ 73.669166666666669, 18.34 ], [ 73.669166666666669, 18.339166666666664 ], [ 73.67, 18.339166666666664 ], [ 73.67, 18.3375 ], [ 73.670833333333334, 18.3375 ], [ 73.670833333333334, 18.335833333333333 ], [ 73.6725, 18.335833333333333 ], [ 73.6725, 18.335 ], [ 73.675, 18.335 ], [ 73.675, 18.333333333333332 ], [ 73.675833333333344, 18.333333333333332 ], [ 73.675833333333344, 18.331666666666667 ], [ 73.676666666666677, 18.331666666666667 ], [ 73.676666666666677, 18.33 ], [ 73.6775, 18.33 ], [ 73.6775, 18.329166666666666 ], [ 73.678333333333342, 18.329166666666666 ], [ 73.678333333333342, 18.328333333333333 ], [ 73.68, 18.328333333333333 ], [ 73.68, 18.3275 ], [ 73.685, 18.3275 ], [ 73.685, 18.326666666666664 ], [ 73.685833333333335, 18.326666666666664 ], [ 73.685833333333335, 18.325833333333332 ], [ 73.689166666666665, 18.325833333333332 ], [ 73.689166666666665, 18.326666666666664 ], [ 73.6975, 18.326666666666664 ], [ 73.698333333333338, 18.326666666666664 ], [ 73.698333333333338, 18.3275 ], [ 73.700833333333335, 18.3275 ], [ 73.700833333333335, 18.326666666666664 ], [ 73.703333333333333, 18.326666666666664 ], [ 73.703333333333333, 18.325833333333332 ], [ 73.706666666666678, 18.325833333333332 ], [ 73.706666666666678, 18.325 ], [ 73.71, 18.325 ], [ 73.71, 18.325833333333332 ], [ 73.710833333333341, 18.325833333333332 ], [ 73.711666666666673, 18.325833333333332 ], [ 73.711666666666673, 18.326666666666664 ], [ 73.7125, 18.326666666666664 ], [ 73.7125, 18.3275 ], [ 73.713333333333338, 18.3275 ], [ 73.713333333333338, 18.328333333333333 ], [ 73.714166666666671, 18.328333333333333 ], [ 73.714166666666671, 18.329166666666666 ], [ 73.715, 18.329166666666666 ], [ 73.715833333333336, 18.329166666666666 ], [ 73.715833333333336, 18.33 ], [ 73.721666666666664, 18.33 ], [ 73.721666666666664, 18.329166666666666 ], [ 73.723333333333343, 18.329166666666666 ], [ 73.723333333333343, 18.33 ], [ 73.726666666666674, 18.33 ], [ 73.7275, 18.33 ], [ 73.7275, 18.330833333333331 ], [ 73.73, 18.330833333333331 ], [ 73.73, 18.33 ], [ 73.733333333333334, 18.33 ], [ 73.733333333333334, 18.330833333333331 ], [ 73.734166666666667, 18.330833333333331 ], [ 73.734166666666667, 18.334166666666665 ], [ 73.735, 18.334166666666665 ], [ 73.735, 18.34 ], [ 73.735833333333332, 18.34 ], [ 73.735833333333332, 18.341666666666665 ], [ 73.736666666666665, 18.341666666666665 ], [ 73.736666666666665, 18.344166666666666 ], [ 73.735833333333332, 18.344166666666666 ], [ 73.735833333333332, 18.3475 ], [ 73.736666666666665, 18.3475 ], [ 73.736666666666665, 18.348333333333333 ], [ 73.7375, 18.348333333333333 ], [ 73.738333333333344, 18.348333333333333 ], [ 73.738333333333344, 18.35083333333333 ], [ 73.739166666666677, 18.35083333333333 ], [ 73.74, 18.35083333333333 ], [ 73.74, 18.3525 ], [ 73.740833333333342, 18.3525 ], [ 73.740833333333342, 18.354166666666664 ], [ 73.7425, 18.354166666666664 ], [ 73.743333333333339, 18.354166666666664 ], [ 73.743333333333339, 18.355 ], [ 73.744166666666672, 18.355 ], [ 73.745, 18.355 ], [ 73.745, 18.355833333333333 ], [ 73.745833333333337, 18.355833333333333 ], [ 73.745833333333337, 18.356666666666666 ], [ 73.74666666666667, 18.356666666666666 ], [ 73.74666666666667, 18.3575 ], [ 73.7475, 18.3575 ], [ 73.7475, 18.358333333333331 ], [ 73.748333333333335, 18.358333333333331 ], [ 73.748333333333335, 18.359166666666667 ], [ 73.749166666666667, 18.359166666666667 ], [ 73.749166666666667, 18.36 ], [ 73.750833333333333, 18.36 ], [ 73.751666666666665, 18.36 ], [ 73.751666666666665, 18.360833333333332 ], [ 73.7525, 18.360833333333332 ], [ 73.7525, 18.361666666666665 ], [ 73.753333333333345, 18.361666666666665 ], [ 73.753333333333345, 18.364166666666666 ], [ 73.754166666666677, 18.364166666666666 ], [ 73.754166666666677, 18.365 ], [ 73.75833333333334, 18.365 ], [ 73.75833333333334, 18.364166666666666 ], [ 73.7625, 18.364166666666666 ], [ 73.7625, 18.363333333333333 ], [ 73.765, 18.363333333333333 ], [ 73.765, 18.3625 ], [ 73.765833333333333, 18.3625 ], [ 73.765833333333333, 18.361666666666665 ], [ 73.770833333333343, 18.361666666666665 ], [ 73.770833333333343, 18.360833333333332 ], [ 73.774166666666673, 18.360833333333332 ], [ 73.774166666666673, 18.361666666666665 ], [ 73.775, 18.361666666666665 ], [ 73.775, 18.363333333333333 ], [ 73.775833333333338, 18.363333333333333 ], [ 73.775833333333338, 18.368333333333332 ], [ 73.776666666666671, 18.368333333333332 ], [ 73.776666666666671, 18.37 ], [ 73.7775, 18.37 ], [ 73.778333333333336, 18.37 ], [ 73.778333333333336, 18.370833333333334 ], [ 73.779166666666669, 18.370833333333334 ], [ 73.779166666666669, 18.371666666666666 ], [ 73.78, 18.371666666666666 ], [ 73.78, 18.3725 ], [ 73.785833333333343, 18.3725 ], [ 73.785833333333343, 18.371666666666666 ], [ 73.79, 18.371666666666666 ], [ 73.79, 18.3725 ], [ 73.791666666666671, 18.3725 ], [ 73.791666666666671, 18.371666666666666 ], [ 73.793333333333337, 18.371666666666666 ], [ 73.793333333333337, 18.3725 ], [ 73.794166666666669, 18.3725 ], [ 73.795, 18.3725 ], [ 73.795, 18.373333333333331 ], [ 73.795833333333334, 18.373333333333331 ], [ 73.795833333333334, 18.375 ], [ 73.796666666666667, 18.375 ], [ 73.796666666666667, 18.375833333333333 ], [ 73.7975, 18.375833333333333 ], [ 73.7975, 18.376666666666665 ], [ 73.798333333333332, 18.376666666666665 ], [ 73.798333333333332, 18.3775 ], [ 73.7975, 18.3775 ], [ 73.7975, 18.3825 ], [ 73.798333333333332, 18.3825 ], [ 73.798333333333332, 18.384166666666665 ], [ 73.799166666666665, 18.384166666666665 ], [ 73.799166666666665, 18.385 ], [ 73.805, 18.385 ], [ 73.805833333333339, 18.385 ], [ 73.805833333333339, 18.385833333333331 ], [ 73.8075, 18.385833333333331 ], [ 73.808333333333337, 18.385833333333331 ], [ 73.808333333333337, 18.386666666666667 ], [ 73.80916666666667, 18.386666666666667 ], [ 73.80916666666667, 18.3875 ], [ 73.81, 18.3875 ], [ 73.810833333333335, 18.3875 ], [ 73.810833333333335, 18.388333333333332 ], [ 73.811666666666667, 18.388333333333332 ], [ 73.8125, 18.388333333333332 ], [ 73.8125, 18.389166666666664 ], [ 73.819166666666675, 18.389166666666664 ], [ 73.82, 18.389166666666664 ], [ 73.82, 18.39 ], [ 73.82083333333334, 18.39 ], [ 73.82083333333334, 18.390833333333333 ], [ 73.823333333333338, 18.390833333333333 ], [ 73.823333333333338, 18.39 ], [ 73.825, 18.39 ], [ 73.825, 18.389166666666664 ], [ 73.83, 18.389166666666664 ], [ 73.83, 18.390833333333333 ], [ 73.830833333333331, 18.390833333333333 ], [ 73.830833333333331, 18.391666666666666 ], [ 73.831666666666678, 18.391666666666666 ], [ 73.8325, 18.391666666666666 ], [ 73.8325, 18.3925 ], [ 73.833333333333343, 18.3925 ], [ 73.834166666666675, 18.3925 ], [ 73.834166666666675, 18.393333333333331 ], [ 73.8375, 18.393333333333331 ], [ 73.838333333333338, 18.393333333333331 ], [ 73.838333333333338, 18.394166666666667 ], [ 73.839166666666671, 18.394166666666667 ], [ 73.839166666666671, 18.395 ], [ 73.84, 18.395 ], [ 73.84, 18.395833333333332 ], [ 73.840833333333336, 18.395833333333332 ], [ 73.840833333333336, 18.396666666666665 ], [ 73.841666666666669, 18.396666666666665 ], [ 73.8425, 18.396666666666665 ], [ 73.8425, 18.3975 ], [ 73.846666666666664, 18.3975 ], [ 73.8475, 18.3975 ], [ 73.8475, 18.398333333333333 ], [ 73.848333333333343, 18.398333333333333 ], [ 73.848333333333343, 18.399166666666666 ], [ 73.849166666666676, 18.399166666666666 ], [ 73.849166666666676, 18.4 ], [ 73.851666666666674, 18.4 ], [ 73.851666666666674, 18.399166666666666 ], [ 73.8525, 18.399166666666666 ], [ 73.8525, 18.398333333333333 ], [ 73.855833333333337, 18.398333333333333 ], [ 73.855833333333337, 18.399166666666666 ], [ 73.8575, 18.399166666666666 ], [ 73.858333333333334, 18.399166666666666 ], [ 73.858333333333334, 18.4 ], [ 73.859166666666667, 18.4 ], [ 73.859166666666667, 18.399166666666666 ], [ 73.86, 18.399166666666666 ], [ 73.86, 18.398333333333333 ], [ 73.864166666666677, 18.398333333333333 ], [ 73.864166666666677, 18.3975 ], [ 73.865833333333342, 18.3975 ], [ 73.865833333333342, 18.398333333333333 ], [ 73.8675, 18.398333333333333 ], [ 73.868333333333339, 18.398333333333333 ], [ 73.868333333333339, 18.399166666666666 ], [ 73.869166666666672, 18.399166666666666 ], [ 73.869166666666672, 18.4 ], [ 73.87166666666667, 18.4 ], [ 73.87166666666667, 18.399166666666666 ], [ 73.8725, 18.399166666666666 ], [ 73.8725, 18.396666666666665 ], [ 73.873333333333335, 18.396666666666665 ], [ 73.873333333333335, 18.395833333333332 ], [ 73.876666666666665, 18.395833333333332 ], [ 73.876666666666665, 18.395 ], [ 73.879166666666677, 18.395 ], [ 73.879166666666677, 18.395833333333332 ], [ 73.88, 18.395833333333332 ], [ 73.880833333333342, 18.395833333333332 ], [ 73.880833333333342, 18.4 ], [ 73.881666666666675, 18.4 ], [ 73.8825, 18.4 ], [ 73.8825, 18.400833333333331 ], [ 73.885, 18.400833333333331 ], [ 73.885833333333338, 18.400833333333331 ], [ 73.885833333333338, 18.401666666666664 ], [ 73.88666666666667, 18.401666666666664 ], [ 73.88666666666667, 18.403333333333332 ], [ 73.8875, 18.403333333333332 ], [ 73.8875, 18.404166666666665 ], [ 73.888333333333335, 18.404166666666665 ], [ 73.888333333333335, 18.405 ], [ 73.889166666666668, 18.405 ], [ 73.889166666666668, 18.405833333333334 ], [ 73.89, 18.405833333333334 ], [ 73.89, 18.406666666666666 ], [ 73.890833333333333, 18.406666666666666 ], [ 73.890833333333333, 18.408333333333331 ], [ 73.891666666666666, 18.408333333333331 ], [ 73.891666666666666, 18.41 ], [ 73.895833333333343, 18.41 ], [ 73.895833333333343, 18.409166666666664 ], [ 73.899166666666673, 18.409166666666664 ], [ 73.899166666666673, 18.41 ], [ 73.900833333333338, 18.41 ], [ 73.900833333333338, 18.409166666666664 ], [ 73.903333333333336, 18.409166666666664 ], [ 73.903333333333336, 18.408333333333331 ], [ 73.908333333333331, 18.408333333333331 ], [ 73.908333333333331, 18.4075 ], [ 73.91, 18.4075 ], [ 73.91, 18.406666666666666 ], [ 73.910833333333343, 18.406666666666666 ], [ 73.910833333333343, 18.405833333333334 ], [ 73.915833333333339, 18.405833333333334 ], [ 73.915833333333339, 18.406666666666666 ], [ 73.918333333333337, 18.406666666666666 ], [ 73.918333333333337, 18.405833333333334 ], [ 73.919166666666669, 18.405833333333334 ], [ 73.919166666666669, 18.406666666666666 ], [ 73.92, 18.406666666666666 ], [ 73.92, 18.4075 ], [ 73.920833333333334, 18.4075 ], [ 73.920833333333334, 18.408333333333331 ], [ 73.921666666666667, 18.408333333333331 ], [ 73.921666666666667, 18.409166666666664 ], [ 73.9225, 18.409166666666664 ], [ 73.9225, 18.410833333333333 ], [ 73.923333333333332, 18.410833333333333 ], [ 73.924166666666665, 18.410833333333333 ], [ 73.924166666666665, 18.411666666666665 ], [ 73.9275, 18.411666666666665 ], [ 73.928333333333342, 18.411666666666665 ], [ 73.928333333333342, 18.4125 ], [ 73.9375, 18.4125 ], [ 73.9375, 18.411666666666665 ], [ 73.94, 18.411666666666665 ], [ 73.94, 18.4125 ], [ 73.940833333333345, 18.4125 ], [ 73.940833333333345, 18.41333333333333 ], [ 73.9425, 18.41333333333333 ], [ 73.9425, 18.4125 ], [ 73.945, 18.4125 ], [ 73.945, 18.41333333333333 ], [ 73.94583333333334, 18.41333333333333 ], [ 73.946666666666673, 18.41333333333333 ], [ 73.946666666666673, 18.414166666666667 ], [ 73.951666666666668, 18.414166666666667 ], [ 73.951666666666668, 18.41333333333333 ], [ 73.954166666666666, 18.41333333333333 ], [ 73.954166666666666, 18.411666666666665 ], [ 73.955, 18.411666666666665 ], [ 73.955, 18.410833333333333 ], [ 73.955833333333331, 18.410833333333333 ], [ 73.955833333333331, 18.409166666666664 ], [ 73.9575, 18.409166666666664 ], [ 73.9575, 18.408333333333331 ], [ 73.960833333333341, 18.408333333333331 ], [ 73.960833333333341, 18.4075 ], [ 73.9625, 18.4075 ], [ 73.9625, 18.406666666666666 ], [ 73.964166666666671, 18.406666666666666 ], [ 73.964166666666671, 18.405833333333334 ], [ 73.965833333333336, 18.405833333333334 ], [ 73.965833333333336, 18.405 ], [ 73.971666666666664, 18.405 ], [ 73.971666666666664, 18.405833333333334 ], [ 73.974166666666676, 18.405833333333334 ], [ 73.974166666666676, 18.405 ], [ 73.975, 18.405 ], [ 73.975, 18.405833333333334 ], [ 73.975833333333341, 18.405833333333334 ], [ 73.975833333333341, 18.406666666666666 ], [ 73.976666666666674, 18.406666666666666 ], [ 73.9775, 18.406666666666666 ], [ 73.9775, 18.4075 ], [ 73.979166666666671, 18.4075 ], [ 73.98, 18.4075 ], [ 73.98, 18.408333333333331 ], [ 73.980833333333337, 18.408333333333331 ], [ 73.981666666666669, 18.408333333333331 ], [ 73.981666666666669, 18.409166666666664 ], [ 73.9825, 18.409166666666664 ], [ 73.983333333333334, 18.409166666666664 ], [ 73.983333333333334, 18.41 ], [ 73.989166666666677, 18.41 ], [ 73.989166666666677, 18.409166666666664 ], [ 73.99, 18.409166666666664 ], [ 73.99, 18.41 ], [ 73.990833333333342, 18.41 ], [ 73.990833333333342, 18.410833333333333 ], [ 74.0, 18.410833333333333 ], [ 74.000833333333333, 18.410833333333333 ], [ 74.000833333333333, 18.411666666666665 ], [ 74.001666666666665, 18.411666666666665 ], [ 74.001666666666665, 18.410833333333333 ], [ 74.0025, 18.410833333333333 ], [ 74.0025, 18.411666666666665 ], [ 74.003333333333345, 18.411666666666665 ], [ 74.003333333333345, 18.4125 ], [ 74.004166666666677, 18.4125 ], [ 74.004166666666677, 18.414166666666667 ], [ 74.005, 18.414166666666667 ], [ 74.005833333333342, 18.414166666666667 ], [ 74.005833333333342, 18.415833333333332 ], [ 74.006666666666675, 18.415833333333332 ], [ 74.006666666666675, 18.421666666666667 ], [ 74.0075, 18.421666666666667 ], [ 74.0075, 18.4225 ], [ 74.00833333333334, 18.4225 ], [ 74.00833333333334, 18.424166666666665 ], [ 74.009166666666673, 18.424166666666665 ], [ 74.009166666666673, 18.425 ], [ 74.01, 18.425 ], [ 74.01, 18.425833333333333 ], [ 74.010833333333338, 18.425833333333333 ], [ 74.010833333333338, 18.426666666666666 ], [ 74.01166666666667, 18.426666666666666 ], [ 74.01166666666667, 18.4275 ], [ 74.013333333333335, 18.4275 ], [ 74.014166666666668, 18.4275 ], [ 74.014166666666668, 18.428333333333331 ], [ 74.015, 18.428333333333331 ], [ 74.015833333333333, 18.428333333333331 ], [ 74.015833333333333, 18.429166666666667 ], [ 74.016666666666666, 18.429166666666667 ], [ 74.0175, 18.429166666666667 ], [ 74.0175, 18.43 ], [ 74.018333333333331, 18.43 ], [ 74.018333333333331, 18.429166666666667 ], [ 74.019166666666678, 18.429166666666667 ], [ 74.019166666666678, 18.428333333333331 ], [ 74.02, 18.428333333333331 ], [ 74.02, 18.4275 ], [ 74.021666666666675, 18.4275 ], [ 74.021666666666675, 18.426666666666666 ], [ 74.023333333333341, 18.426666666666666 ], [ 74.023333333333341, 18.425833333333333 ], [ 74.026666666666671, 18.425833333333333 ], [ 74.026666666666671, 18.425 ], [ 74.028333333333336, 18.425 ], [ 74.028333333333336, 18.424166666666665 ], [ 74.034166666666664, 18.424166666666665 ], [ 74.034166666666664, 18.423333333333332 ], [ 74.036666666666676, 18.423333333333332 ], [ 74.036666666666676, 18.4175 ], [ 74.0375, 18.4175 ], [ 74.0375, 18.416666666666664 ], [ 74.039166666666674, 18.416666666666664 ], [ 74.039166666666674, 18.415833333333332 ], [ 74.041666666666671, 18.415833333333332 ], [ 74.041666666666671, 18.415 ], [ 74.043333333333337, 18.415 ], [ 74.043333333333337, 18.414166666666667 ], [ 74.045, 18.414166666666667 ], [ 74.045, 18.41333333333333 ], [ 74.045833333333334, 18.41333333333333 ], [ 74.045833333333334, 18.4125 ], [ 74.048333333333332, 18.4125 ], [ 74.048333333333332, 18.411666666666665 ], [ 74.0525, 18.411666666666665 ], [ 74.0525, 18.4125 ], [ 74.06, 18.4125 ], [ 74.06, 18.411666666666665 ], [ 74.060833333333335, 18.411666666666665 ], [ 74.060833333333335, 18.410833333333333 ], [ 74.065, 18.410833333333333 ], [ 74.065, 18.411666666666665 ], [ 74.066666666666677, 18.411666666666665 ], [ 74.066666666666677, 18.410833333333333 ], [ 74.068333333333342, 18.410833333333333 ], [ 74.068333333333342, 18.411666666666665 ], [ 74.069166666666675, 18.411666666666665 ], [ 74.07, 18.411666666666665 ], [ 74.07, 18.4125 ], [ 74.07083333333334, 18.4125 ], [ 74.07083333333334, 18.414166666666667 ], [ 74.071666666666673, 18.414166666666667 ], [ 74.071666666666673, 18.415 ], [ 74.073333333333338, 18.415 ], [ 74.07416666666667, 18.415 ], [ 74.07416666666667, 18.415833333333332 ], [ 74.075833333333335, 18.415833333333332 ], [ 74.076666666666668, 18.415833333333332 ], [ 74.076666666666668, 18.416666666666664 ], [ 74.078333333333333, 18.416666666666664 ], [ 74.079166666666666, 18.416666666666664 ], [ 74.079166666666666, 18.4175 ], [ 74.085833333333341, 18.4175 ], [ 74.086666666666673, 18.4175 ], [ 74.086666666666673, 18.418333333333333 ], [ 74.088333333333338, 18.418333333333333 ], [ 74.088333333333338, 18.4175 ], [ 74.089166666666671, 18.4175 ], [ 74.089166666666671, 18.415833333333332 ], [ 74.09, 18.415833333333332 ], [ 74.09, 18.415 ], [ 74.091666666666669, 18.415 ], [ 74.091666666666669, 18.414166666666667 ], [ 74.093333333333334, 18.414166666666667 ], [ 74.093333333333334, 18.41333333333333 ], [ 74.0975, 18.41333333333333 ], [ 74.0975, 18.414166666666667 ], [ 74.098333333333343, 18.414166666666667 ], [ 74.098333333333343, 18.41333333333333 ], [ 74.1025, 18.41333333333333 ], [ 74.1025, 18.414166666666667 ], [ 74.120833333333337, 18.414166666666667 ], [ 74.12166666666667, 18.414166666666667 ], [ 74.12166666666667, 18.415 ], [ 74.124166666666667, 18.415 ], [ 74.125, 18.415 ], [ 74.125, 18.415833333333332 ], [ 74.125833333333333, 18.415833333333332 ], [ 74.126666666666665, 18.415833333333332 ], [ 74.126666666666665, 18.416666666666664 ], [ 74.128333333333345, 18.416666666666664 ], [ 74.129166666666677, 18.416666666666664 ], [ 74.129166666666677, 18.4175 ], [ 74.13, 18.4175 ], [ 74.13, 18.418333333333333 ], [ 74.130833333333342, 18.418333333333333 ], [ 74.131666666666675, 18.418333333333333 ], [ 74.131666666666675, 18.419166666666666 ], [ 74.134166666666673, 18.419166666666666 ], [ 74.134166666666673, 18.418333333333333 ], [ 74.1375, 18.418333333333333 ], [ 74.1375, 18.419166666666666 ], [ 74.138333333333335, 18.419166666666666 ], [ 74.139166666666668, 18.419166666666666 ], [ 74.139166666666668, 18.42 ], [ 74.140833333333333, 18.42 ], [ 74.140833333333333, 18.419166666666666 ], [ 74.141666666666666, 18.419166666666666 ], [ 74.141666666666666, 18.416666666666664 ], [ 74.144166666666678, 18.416666666666664 ], [ 74.144166666666678, 18.4175 ], [ 74.148333333333341, 18.4175 ], [ 74.149166666666673, 18.4175 ], [ 74.149166666666673, 18.418333333333333 ], [ 74.15, 18.418333333333333 ], [ 74.15, 18.419166666666666 ], [ 74.150833333333338, 18.419166666666666 ], [ 74.150833333333338, 18.42 ], [ 74.151666666666671, 18.42 ], [ 74.151666666666671, 18.420833333333331 ], [ 74.155833333333334, 18.420833333333331 ], [ 74.156666666666666, 18.420833333333331 ], [ 74.156666666666666, 18.421666666666667 ], [ 74.159166666666664, 18.421666666666667 ], [ 74.16, 18.421666666666667 ], [ 74.16, 18.4225 ], [ 74.160833333333343, 18.4225 ], [ 74.160833333333343, 18.425833333333333 ], [ 74.16, 18.425833333333333 ], [ 74.16, 18.4275 ], [ 74.160833333333343, 18.4275 ], [ 74.161666666666676, 18.4275 ], [ 74.161666666666676, 18.428333333333331 ], [ 74.1625, 18.428333333333331 ], [ 74.1625, 18.429166666666667 ], [ 74.163333333333341, 18.429166666666667 ], [ 74.163333333333341, 18.43 ], [ 74.164166666666674, 18.43 ], [ 74.164166666666674, 18.430833333333332 ], [ 74.165833333333339, 18.430833333333332 ], [ 74.166666666666671, 18.430833333333332 ], [ 74.166666666666671, 18.431666666666665 ], [ 74.1675, 18.431666666666665 ], [ 74.168333333333337, 18.431666666666665 ], [ 74.168333333333337, 18.4325 ], [ 74.171666666666667, 18.4325 ], [ 74.171666666666667, 18.431666666666665 ], [ 74.174166666666665, 18.431666666666665 ], [ 74.174166666666665, 18.430833333333332 ], [ 74.1775, 18.430833333333332 ], [ 74.1775, 18.429166666666667 ], [ 74.178333333333342, 18.429166666666667 ], [ 74.178333333333342, 18.4275 ], [ 74.1775, 18.4275 ], [ 74.1775, 18.424166666666665 ], [ 74.178333333333342, 18.424166666666665 ], [ 74.178333333333342, 18.423333333333332 ], [ 74.179166666666674, 18.423333333333332 ], [ 74.179166666666674, 18.4225 ], [ 74.18, 18.4225 ], [ 74.18, 18.421666666666667 ], [ 74.180833333333339, 18.421666666666667 ], [ 74.180833333333339, 18.420833333333331 ], [ 74.181666666666672, 18.420833333333331 ], [ 74.181666666666672, 18.42 ], [ 74.1825, 18.42 ], [ 74.1825, 18.419166666666666 ], [ 74.185, 18.419166666666666 ], [ 74.185, 18.42 ], [ 74.190833333333345, 18.42 ], [ 74.190833333333345, 18.419166666666666 ], [ 74.193333333333342, 18.419166666666666 ], [ 74.194166666666675, 18.419166666666666 ], [ 74.194166666666675, 18.421666666666667 ], [ 74.195, 18.421666666666667 ], [ 74.195, 18.423333333333332 ], [ 74.19583333333334, 18.423333333333332 ], [ 74.19583333333334, 18.424166666666665 ], [ 74.196666666666673, 18.424166666666665 ], [ 74.1975, 18.424166666666665 ], [ 74.1975, 18.425 ], [ 74.198333333333338, 18.425 ], [ 74.198333333333338, 18.4275 ], [ 74.201666666666668, 18.4275 ], [ 74.2025, 18.4275 ], [ 74.2025, 18.429166666666667 ], [ 74.2075, 18.429166666666667 ], [ 74.2075, 18.428333333333331 ], [ 74.2125, 18.428333333333331 ], [ 74.2125, 18.429166666666667 ], [ 74.215, 18.429166666666667 ], [ 74.215, 18.428333333333331 ], [ 74.219166666666666, 18.428333333333331 ], [ 74.219166666666666, 18.429166666666667 ], [ 74.22, 18.429166666666667 ], [ 74.220833333333331, 18.429166666666667 ], [ 74.220833333333331, 18.43 ], [ 74.221666666666664, 18.43 ], [ 74.2225, 18.43 ], [ 74.2225, 18.430833333333332 ], [ 74.223333333333343, 18.430833333333332 ], [ 74.224166666666676, 18.430833333333332 ], [ 74.224166666666676, 18.431666666666665 ], [ 74.225833333333341, 18.431666666666665 ], [ 74.226666666666674, 18.431666666666665 ], [ 74.226666666666674, 18.4325 ], [ 74.231666666666669, 18.4325 ], [ 74.231666666666669, 18.431666666666665 ], [ 74.2375, 18.431666666666665 ], [ 74.2375, 18.4325 ], [ 74.238333333333344, 18.4325 ], [ 74.238333333333344, 18.433333333333334 ], [ 74.239166666666677, 18.433333333333334 ], [ 74.239166666666677, 18.434166666666666 ], [ 74.24, 18.434166666666666 ], [ 74.24, 18.435 ] ] ] } },
{ "type": "Feature", "properties": { "LABEL": null, "GaugeID": "684", "_source_id": "684", "Id": 1.0, "gridcode": 0.0, "area": null, "OBJECTID": 1.0, "Shape_Leng": 3.0167012139599998, "Shape_Area": 0.45825706551500001, "SS": null, "is_duplicate_geometry": false }, "geometry": { "type": "Polygon", "coordinates": [ [ [ 73.983333333333405, 17.125000000000114 ], [ 73.978932698567689, 17.128930664062636 ], [ 73.947861735026038, 17.130786132812489 ], [ 73.904400634765523, 17.154402669270837 ], [ 73.887266031901163, 17.162263997395826 ], [ 73.878710937500102, 17.180904134114598 ], [ 73.853463745117324, 17.203462727864576 ], [ 73.835662841796875, 17.223384602864712 ], [ 73.767121378580839, 17.254846191406386 ], [ 73.73090515136721, 17.295377604166674 ], [ 73.712266031901038, 17.303930664062591 ], [ 73.694170125325513, 17.313765462239644 ], [ 73.696163940429642, 17.347220865885447 ], [ 73.678932698567678, 17.37893066406258 ], [ 73.671067301432288, 17.399397786458394 ], [ 73.716175333658896, 17.413330078125057 ], [ 73.711755371093886, 17.4875 ], [ 73.712901814778775, 17.506746419270826 ], [ 73.744309488932288, 17.53480631510422 ], [ 73.753932698567837, 17.54826253255203 ], [ 73.737266031901129, 17.578930664062625 ], [ 73.721934000651061, 17.644828287760504 ], [ 73.703932698567769, 17.670597330729152 ], [ 73.687733968098939, 17.696069335937523 ], [ 73.670599365234409, 17.703930664062511 ], [ 73.662289428710949, 17.713232421875034 ], [ 73.633333333333326, 17.711507161458371 ], [ 73.6125, 17.712748209635492 ], [ 73.596158854166731, 17.711775716145837 ], [ 73.579400634765761, 17.726477050781227 ], [ 73.627450561523574, 17.795263671875091 ], [ 73.603932698567633, 17.828930664062568 ], [ 73.596067301432299, 17.862736002604208 ], [ 73.570572916666663, 17.895633951822845 ], [ 73.572407023112078, 17.92640787760422 ], [ 73.596067301432299, 17.937263997395974 ], [ 73.636425781249898, 17.968542480468727 ], [ 73.653932698567701, 17.996069335937534 ], [ 73.662733968099019, 18.003930664062523 ], [ 73.671653238932379, 18.032812499999977 ], [ 73.709808349609375, 18.053930664062591 ], [ 73.745599365234398, 18.0289306640625 ], [ 73.791674804687545, 18.018212890625023 ], [ 73.813135782877623, 18.029874674479174 ], [ 73.833333333333428, 18.028670247395951 ], [ 73.845833333333303, 18.029414876302212 ], [ 73.854354858398438, 18.028906250000034 ], [ 73.870833333333394, 18.037862141927121 ], [ 73.88731180826818, 18.028906250000034 ], [ 73.895833333333371, 18.029414876302212 ], [ 73.963082885742267, 18.02540690104172 ], [ 73.987266031901072, 18.012263997395962 ], [ 74.021067301432367, 18.004402669270974 ], [ 74.074493408203125, 17.990091959635492 ], [ 74.087266031901038, 17.962263997395894 ], [ 74.096067301432356, 17.954402669270905 ], [ 74.10555419921883, 17.923677571614576 ], [ 74.129400634765716, 17.912736002604277 ], [ 74.146223958333394, 17.886283365885504 ], [ 74.186867268880178, 17.888704427083439 ], [ 74.196466064453148, 17.877962239583383 ], [ 74.233333333333348, 17.880159505208269 ], [ 74.267150878906307, 17.878145345052133 ], [ 74.278932698567701, 17.85685628255203 ], [ 74.25299072265625, 17.819722493489508 ], [ 74.255037434895939, 17.785392252604254 ], [ 74.271067301432311, 17.771069335937511 ], [ 74.279787190755258, 17.752071126302212 ], [ 74.276930745442826, 17.704166666666652 ], [ 74.280159505208303, 17.65 ], [ 74.278906250000091, 17.628975423177167 ], [ 74.304427083333451, 17.587691243489701 ], [ 74.303906250000011, 17.578979492187443 ], [ 74.312733968098939, 17.562736002604197 ], [ 74.32059936523433, 17.542268880208383 ], [ 74.287266031901083, 17.521069335937568 ], [ 74.27940063476558, 17.470597330729277 ], [ 74.262526448567712, 17.455521647135527 ], [ 74.247900390624977, 17.392655436197913 ], [ 74.270434570312545, 17.372521972656386 ], [ 74.278932698567701, 17.353031412760402 ], [ 74.229968261718739, 17.330562337239712 ], [ 74.221067301432413, 17.320597330729242 ], [ 74.212266031901095, 17.312736002604254 ], [ 74.203464762369777, 17.274906412760458 ], [ 74.153932698567814, 17.246069335937477 ], [ 74.133199055989678, 17.222863769531273 ], [ 74.057864379882744, 17.20880126953125 ], [ 74.038553873697936, 17.187190755208348 ], [ 74.02916666666664, 17.187748209635458 ], [ 73.999062093098985, 17.185953776041742 ], [ 73.987733968098951, 17.137263997395848 ], [ 73.983333333333405, 17.125000000000114 ] ] ] } }
]
}
